ID Number,id,mkey,part_measured,measurement_type,imperial,dimension1,unit1,dimension2,unit2,dimension3,unit3,dimension4,unit4,weight1,wunit1,weight2,wunit2,cdimension1,cunit1,cdimension2,cunit2,cdimension3,cunit3,cdimension4,cunit4,cweight1,cwunit1,cweight2,cwunit2,display,note,prior_attribution
KdLh-0011:000089,42729,732104,Length x Width x Thickness x Weight,,false,7.46,cm,5.13,cm,1.93,cm,,,69.18,g,,,"2,93701",in,"2,01969",in,",75984",in,,,2.44027,oz,,,Length x Width x Thickness x Weight: 7.46 cm x 5.13 cm x 1.93 cm x 69.18 g,,false,,,,,,,
KdLh-0025:000001,42731,732123,Length x Width x Thickness x Weight,,false,12.54,cm,6.05,cm,1.39,cm,,,147.65,g,,,"4,93701",in,"2,38189",in,",54724",in,,,5.20823,oz,,,Length x Width x Thickness x Weight: 12.54 cm x 6.05 cm x 1.39 cm x 147.65 g,,false,,,,,,,
KdLh-0026:000001,42732,732125,Length x Width x Thickness x Weight,,false,6.89,cm,2.41,cm,0.72,cm,,,12.93,g,,,"2,7126",in,",94882",in,",28346",in,,,0.45609,oz,,,Length x Width x Thickness x Weight: 6.89 cm x 2.41 cm x .72 cm x 12.93 g,,false,,,,,,,
LcLh-0023:000175,42733,732128,,weight,false,,,,,,,,,163.5,g,,,,,,,,,,,5.76732,oz,,,"163,5 g",,false,,,,,,,
LfNo-0002:000001,42734,732129,Length x Width x Thickness x Weight,,false,2.54,cm,1.67,cm,0.71,cm,,,2.88,g,,,1,in,",65748",in,",27953",in,,,0.10159,oz,,,Length x Width x Thickness x Weight: 2.54 cm x 1.67 cm x .71 cm x 2.88 g,,false,,,,,,,
LfNo-0004:000001,42735,732130,Length x Width x Thickness x Weight,,false,2.5,cm,1.69,cm,0.69,cm,,,2.72,g,,,",98425",in,",66535",in,",27165",in,,,0.09595,oz,,,Length x Width x Thickness x Weight: 2.5 cm x 1.69 cm x .69 cm x 2.72 g,,false,,,,,,,
LfNo-0004:000002,42736,732131,Length x Width x Thickness x Weight,,false,5.76,cm,3.92,cm,1.76,cm,,,45.28,g,,,"2,26772",in,"1,54331",in,",69291",in,,,1.59721,oz,,,Length x Width x Thickness x Weight: 5.76 cm x 3.92 cm x 1.76 cm x 45.28 g,,false,,,,,,,
LfNo-0007:000001,42737,732132,Length x Width x Thickness x Weight,,false,3.23,cm,2.4,cm,0.91,cm,,,6.62,g,,,"1,27165",in,",94488",in,",35827",in,,,0.23351,oz,,,Length x Width x Thickness x Weight: 3.23 cm x 2.4 cm x .91 cm x 6.62 g,,false,,,,,,,
LjNj-0003:000001,42738,732133,Length x Width x Thickness x Weight,,false,2.56,cm,2.13,cm,0.64,cm,,,2.93,g,,,"1,00787",in,",83858",in,",25197",in,,,0.10335,oz,,,Length x Width x Thickness x Weight: 2.56 cm x 2.13 cm x .64 cm x 2.93 g,,false,,,,,,,
LjNj-0003:000002,42739,732134,Length x Width x Thickness x Weight,,false,2.93,cm,1.51,cm,0.41,cm,,,1.49,g,,,"1,15354",in,",59449",in,",16142",in,,,0.05256,oz,,,Length x Width x Thickness x Weight: 2.93 cm x 1.51 cm x .41 cm x 1.49 g,,false,,,,,,,
LjNj-0003:000003,42740,732135,Length x Width x Thickness x Weight,,false,2.0,cm,1.37,cm,0.51,cm,,,1.61,g,,,",7874",in,",53937",in,",20079",in,,,0.05679,oz,,,Length x Width x Thickness x Weight: 2 cm x 1.37 cm x .51 cm x 1.61 g,,false,,,,,,,
LjNj-0003:000004,42741,732136,Length x Width x Thickness x Weight,,false,1.85,cm,0.67,cm,0.22,cm,,,0.34,g,,,",72835",in,",26378",in,",08661",in,,,0.01199,oz,,,Length x Width x Thickness x Weight: 1.85 cm x .67 cm x .22 cm x .34 g,,false,,,,,,,
LjNj-0006:000003a&b,42742,732137,Length x Width x Thickness x Weight,,false,5.74,cm,2.79,cm,0.45,cm,,,10.56,g,,,"2,25984",in,"1,09843",in,",17717",in,,,0.37249,oz,,,Length x Width x Thickness x Weight: 5.74 cm x 2.79 cm x .45 cm x 10.56 g,,false,,,,,,,
ObFt-0049:000195,42743,732287,Length x Width x Thickness,,false,36.6,mm,36.1,mm,10.3,mm,,,,,,,"1,44094",in,"1,42126",in,",40551",in,,,,,,,Length x Width x Thickness: 36.6 mm x 36.1 mm x 10.3 mm,,false,,,,,,,
ObFt-0049:000022,42744,732293,Length x Width x Thickness,,false,19.3,mm,12.4,mm,5.9,mm,,,,,,,",75984",in,",48819",in,",23228",in,,,,,,,Length x Width x Thickness: 19.3 mm x 12.4 mm x 5.9 mm,,false,,,,,,,
ObFt-0006:000001,42745,732360,Length x Width x Thickness,,false,22.0,mm,14.8,mm,4.6,mm,,,,,,,",86614",in,",58268",in,",1811",in,,,,,,,Length x Width x Thickness: 22 mm x 14.8 mm x 4.6 mm,,false,,,,,,,
JgMf-0013:000001,42746,733420,Length x Width x Thickness,,false,16.0,mm,12.0,mm,4.0,mm,,,,,,,",62992",in,",47244",in,",15748",in,,,,,,,Length x Width x Thickness: 16 mm x 12 mm x 4 mm,,false,,,,,,,
JgMf-0012:000001,42747,733419,Length x Width x Thickness,,false,22.0,mm,14.0,mm,4.0,mm,,,,,,,",86614",in,",55118",in,",15748",in,,,,,,,Length x Width x Thickness: 22 mm x 14 mm x 4 mm,,false,,,,,,,
JgMf-0016:000001,42748,733421,Length x Width x Thickness,,false,42.0,mm,22.0,mm,4.0,mm,,,,,,,"1,65354",in,",86614",in,",15748",in,,,,,,,Length x Width x Thickness: 42 mm x 22 mm x 4 mm,,false,,,,,,,
JgMf-0017:000001,42749,733422,Length of Shank x Width across Points x Gap between Points and Shank,,false,85.0,mm,46.0,mm,4.0,mm,,,,,,,"3,34646",in,"1,81102",in,",15748",in,,,,,,,Length of Shank x Width across Points x Gap between Points and Shank: 85 mm x 46 mm x 4 mm,,false,,,,,,,
LhNr-0008:000001,42757,735908,Length x Width x Height,,false,47.49,mm,11.9,mm,11.9,mm,,,,,,,"1,86969",in,",4685",in,",4685",in,,,,,,,Length x Width x Height: 47.49 mm x 11.9 mm x 11.9 mm,,false,,,,,,,
LhNr-0009:000001,42758,735976,Length x Width x Thickness,,false,165.8,mm,89.92,mm,11.93,mm,,,,,,,"6,52756",in,"3,54016",in,",46969",in,,,,,,,Length x Width x Thickness: 165.8 mm x 89.92 mm x 11.93 mm,,false,,,,,,,
LhNr-0009:000002,42759,736046,Length x Width x Thickness,,false,238.1,mm,122.37,mm,12.35,mm,,,,,,,"9,37402",in,"4,81772",in,",48622",in,,,,,,,Length x Width x Thickness: 238.1 mm x 122.37 mm x 12.35 mm,,false,,,,,,,
LhNr-0009:000003,42760,736048,Length x Width x Thickness,,false,17.9,mm,84.99,mm,12.01,mm,,,,,,,",70472",in,"3,34606",in,",47283",in,,,,,,,Length x Width x Thickness: 17.9 mm x 84.99 mm x 12.01 mm,,false,,,,,,,
LhNr-0009:000004,42761,736053,Length x Width x Thickness,,false,17.6,mm,62.27,mm,12.68,mm,,,,,,,",69291",in,"2,45157",in,",49921",in,,,,,,,Length x Width x Thickness: 17.6 mm x 62.27 mm x 12.68 mm,,false,,,,,,,
LhNr-0009:000005,42762,736055,Length x Width x Thickness,,false,114.33,mm,69.25,mm,8.79,mm,,,,,,,"4,50118",in,"2,72638",in,",34606",in,,,,,,,Length x Width x Thickness: 114.33 mm x 69.25 mm x 8.79 mm,,false,,,,,,,
LhNr-0009:000006,42763,736059,Length x Width x Thickness,,false,142.03,mm,88.2,mm,15.78,mm,,,,,,,"5,59173",in,"3,47244",in,",62126",in,,,,,,,Length x Width x Thickness: 142.03 mm x 88.2 mm x 15.78 mm,,false,,,,,,,
LhNr-0009:000007,42764,736061,Length x Width x Thickness,,false,36.29,mm,22.85,mm,14.13,mm,,,,,,,"1,42874",in,",89961",in,",5563",in,,,,,,,Length x Width x Thickness: 36.29 mm x 22.85 mm x 14.13 mm,,false,,,,,,,
LhNr-0010:000001,42765,736065,Length x Width x Thickness,,false,20.51,mm,13.17,mm,2.86,mm,,,,,,,",80748",in,",5185",in,",1126",in,,,,,,,Length x Width x Thickness: 20.51 mm x 13.17 mm x 2.86 mm,,false,,,,,,,
KdLh-0011:000085,42778,737877,,weight,false,,,,,,,,,59.01,g,,,,,,,,,,,2.08153,oz,,,"59,01 g",,false,,,,,,,
KdLh-0011:000086,42779,737878,,weight,false,,,,,,,,,13.34,g,,,,,,,,,,,0.47056,oz,,,"13,34 g",,false,,,,,,,
KdLh-0011:000087,42780,737879,,weight,false,,,,,,,,,52.41,g,,,,,,,,,,,1.84872,oz,,,"52,41 g",,false,,,,,,,
KdLh-0011:000088,42781,737880,,weight,false,,,,,,,,,3.17,g,,,,,,,,,,,0.11182,oz,,,"3,17 g",,false,,,,,,,
KdLh-0011:000090,42782,737881,,weight,false,,,,,,,,,252.4,g,,,,,,,,,,,8.90319,oz,,,"252,4 g",,false,,,,,,,
LcLh-0023:000004,42785,738092,,weight,false,,,,,,,,,3.7,g,,,,,,,,,,,0.13051,oz,,,"3,7 g",,false,,,,,,,
LcLh-0023:000001,42786,738089,,weight,false,,,,,,,,,13.4,g,,,,,,,,,,,0.47267,oz,,,"13,4 g",,false,,,,,,,
LcLh-0023:000002,42787,738090,,weight,false,,,,,,,,,40.0,g,,,,,,,,,,,1.41097,oz,,,40 g,,false,,,,,,,
LcLh-0023:000003,42788,738091,,weight,false,,,,,,,,,3.9,g,,,,,,,,,,,0.13757,oz,,,"3,9 g",,false,,,,,,,
LcLh-0023:000005,42789,738093,,weight,false,,,,,,,,,2.1,g,,,,,,,,,,,0.07408,oz,,,"2,1 g",,false,,,,,,,
LcLh-0023:000006,42790,738094,,weight,false,,,,,,,,,1.2,g,,,,,,,,,,,0.04233,oz,,,"1,2 g",,false,,,,,,,
LcLh-0023:000008,42792,738096,,weight,false,,,,,,,,,1.2,g,,,,,,,,,,,0.04233,oz,,,"1,2 g",,false,,,,,,,
LcLh-0023:000007,42793,738095,,weight,false,,,,,,,,,5.5,g,,,,,,,,,,,0.19401,oz,,,"5,5 g",,false,,,,,,,
LcLh-0023:000009,42794,738097,Length x Width x Thickness x Weight,,false,56.88,cm,36.2,cm,14.82,cm,,,30.2,g,,,"22,3937",in,"14,25197",in,"5,83465",in,,,1.06528,oz,,,Length x Width x Thickness x Weight: 56.88 cm x 36.2 cm x 14.82 cm x 30.2 g,,false,,,,,,,
LcLh-0023:000010,42795,738098,,weight,false,,,,,,,,,13.0,g,,,,,,,,,,,0.45856,oz,,,13 g,,false,,,,,,,
LcLh-0023:000011,42796,738099,,weight,false,,,,,,,,,15.7,g,,,,,,,,,,,0.5538,oz,,,"15,7 g",,false,,,,,,,
LcLh-0023:000012,42797,738100,,weight,false,,,,,,,,,13.3,g,,,,,,,,,,,0.46915,oz,,,"13,3 g",,false,,,,,,,
LcLh-0023:000013,42798,738101,,weight,false,,,,,,,,,10.4,g,,,,,,,,,,,0.36685,oz,,,"10,4 g",,false,,,,,,,
LcLh-0023:000014,42799,738102,,weight,false,,,,,,,,,3.1,g,,,,,,,,,,,0.10935,oz,,,"3,1 g",,false,,,,,,,
LcLh-0023:000015,42800,738104,,weight,false,,,,,,,,,17.8,g,,,,,,,,,,,0.62788,oz,,,"17,8 g",,false,,,,,,,
LcLh-0023:000016,42801,738105,,weight,false,,,,,,,,,3.9,g,,,,,,,,,,,0.13757,oz,,,"3,9 g",,false,,,,,,,
LcLh-0023:000017,42802,738106,,weight,false,,,,,,,,,0.5,g,,,,,,,,,,,0.01764,oz,,,",5 g",,false,,,,,,,
LcLh-0023:000019,42804,738108,,weight,false,,,,,,,,,1.6,g,,,,,,,,,,,0.05644,oz,,,"1,6 g",,false,,,,,,,
LcLh-0023:000018,42805,738107,,weight,false,,,,,,,,,2.0,g,,,,,,,,,,,0.07055,oz,,,2 g,,false,,,,,,,
LcLh-0023:000020,42806,738109,,weight,false,,,,,,,,,0.9,g,,,,,,,,,,,0.03175,oz,,,",9 g",,false,,,,,,,
LcLh-0023:000021,42807,738110,,weight,false,,,,,,,,,266.8,g,,,,,,,,,,,9.41114,oz,,,"266,8 g",,false,,,,,,,
LcLh-0023:000022,42808,738111,,weight,false,,,,,,,,,22.7,g,,,,,,,,,,,0.80072,oz,,,"22,7 g",,false,,,,,,,
LcLh-0023:000023,42809,738112,,weight,false,,,,,,,,,10.9,g,,,,,,,,,,,0.38449,oz,,,"10,9 g",,false,,,,,,,
LcLh-0023:000024,42810,738113,,weight,false,,,,,,,,,7.5,g,,,,,,,,,,,0.26456,oz,,,"7,5 g",,false,,,,,,,
LcLh-0023:000025,42813,738291,,weight,false,,,,,,,,,0.9,g,,,,,,,,,,,0.03175,oz,,,",9 g",,false,,,,,,,
LcLh-0023:000026,42814,738292,,weight,false,,,,,,,,,18.8,g,,,,,,,,,,,0.66315,oz,,,"18,8 g",,false,,,,,,,
LcLh-0023:000027,42815,738293,,weight,false,,,,,,,,,2.1,g,,,,,,,,,,,0.07408,oz,,,"2,1 g",,false,,,,,,,
LcLh-0023:000028,42816,738294,,weight,false,,,,,,,,,6.3,g,,,,,,,,,,,0.22223,oz,,,"6,3 g",,false,,,,,,,
LcLh-0023:000029,42817,738295,,weight,false,,,,,,,,,8.5,g,,,,,,,,,,,0.29983,oz,,,"8,5 g",,false,,,,,,,
LcLh-0023:000030,42818,738296,,weight,false,,,,,,,,,1.1,g,,,,,,,,,,,0.0388,oz,,,"1,1 g",,false,,,,,,,
LcLh-0023:000031,42819,738297,,weight,false,,,,,,,,,2.8,g,,,,,,,,,,,0.09877,oz,,,"2,8 g",,false,,,,,,,
LcLh-0023:000032,42820,738298,,weight,false,,,,,,,,,95.2,g,,,,,,,,,,,3.3581,oz,,,"95,2 g",,false,,,,,,,
LcLh-0023:000033,42821,738299,,weight,false,,,,,,,,,27.0,g,,,,,,,,,,,0.9524,oz,,,27 g,,false,,,,,,,
LcLh-0023:000034,42822,738300,,weight,false,,,,,,,,,8.6,g,,,,,,,,,,,0.30336,oz,,,"8,6 g",,false,,,,,,,
LcLh-0023:000035,42823,738301,,weight,false,,,,,,,,,7.5,g,,,,,,,,,,,0.26456,oz,,,"7,5 g",,false,,,,,,,
LcLh-0023:000036,42824,738302,,weight,false,,,,,,,,,20.4,g,,,,,,,,,,,0.71959,oz,,,"20,4 g",,false,,,,,,,
LcLh-0023:000037,42825,738303,,weight,false,,,,,,,,,8.5,g,,,,,,,,,,,0.29983,oz,,,"8,5 g",,false,,,,,,,
LcLh-0023:000038,42826,738304,,weight,false,,,,,,,,,2.6,g,,,,,,,,,,,0.09171,oz,,,"2,6 g",,false,,,,,,,
LcLh-0023:000040,42828,738306,,weight,false,,,,,,,,,4.3,g,,,,,,,,,,,0.15168,oz,,,"4,3 g",,false,,,,,,,
LcLh-0023:000041,42829,738307,,weight,false,,,,,,,,,20.9,g,,,,,,,,,,,0.73723,oz,,,"20,9 g",,false,,,,,,,
LcLh-0023:000042,42830,738308,,weight,false,,,,,,,,,1.6,g,,,,,,,,,,,0.05644,oz,,,"1,6 g",,false,,,,,,,
LcLh-0023:000043,42831,738309,,weight,false,,,,,,,,,1.2,g,,,,,,,,,,,0.04233,oz,,,"1,2 g",,false,,,,,,,
LcLh-0023:000044,42832,738310,,weight,false,,,,,,,,,2.4,g,,,,,,,,,,,0.08466,oz,,,"2,4 g",,false,,,,,,,
LcLh-0023:000045,42833,738311,,weight,false,,,,,,,,,4.7,g,,,,,,,,,,,0.16579,oz,,,"4,7 g",,false,,,,,,,
LcLh-0023:000046,42834,738312,,weight,false,,,,,,,,,11.3,g,,,,,,,,,,,0.3986,oz,,,"11,3 g",,false,,,,,,,
LcLh-0023:000047,42835,738313,,weight,false,,,,,,,,,3.3,g,,,,,,,,,,,0.1164,oz,,,"3,3 g",,false,,,,,,,
LcLh-0023:000049,42837,738315,,weight,false,,,,,,,,,0.7,g,,,,,,,,,,,0.02469,oz,,,",7 g",,false,,,,,,,
LcLh-0023:000050,42838,738316,,weight,false,,,,,,,,,6.1,g,,,,,,,,,,,0.21517,oz,,,"6,1 g",,false,,,,,,,
LcLh-0023:000051,42839,738317,,weight,false,,,,,,,,,7.0,g,,,,,,,,,,,0.24692,oz,,,7 g,,false,,,,,,,
LcLh-0023:000052,42840,738318,,weight,false,,,,,,,,,0.7,g,,,,,,,,,,,0.02469,oz,,,",7 g",,false,,,,,,,
LcLh-0023:000053,42841,738319,,weight,false,,,,,,,,,0.2,g,,,,,,,,,,,0.00705,oz,,,",2 g",,false,,,,,,,
LcLh-0023:000054,42842,738329,,weight,false,,,,,,,,,2.9,g,,,,,,,,,,,0.1023,oz,,,"2,9 g",,false,,,,,,,
LcLh-0023:000048,42844,738314,,weight,false,,,,,,,,,8.5,g,,,,,,,,,,,0.29983,oz,,,"8,5 g",,false,,,,,,,
LcLh-0023:000055,42845,738322,,weight,false,,,,,,,,,6.6,g,,,,,,,,,,,0.23281,oz,,,"6,6 g",,false,,,,,,,
LcLh-0023:000056,42846,738324,,weight,false,,,,,,,,,273.7,g,,,,,,,,,,,9.65453,oz,,,"273,7 g",,false,,,,,,,
LcLh-0023:000057,42847,738367,,weight,false,,,,,,,,,134.8,g,,,,,,,,,,,4.75495,oz,,,"134,8 g",,false,,,,,,,
LcLh-0023:000058,42848,738546,,weight,false,,,,,,,,,31.5,g,,,,,,,,,,,1.11114,oz,,,"31,5 g",,false,,,,,,,
LcLh-0023:000059,42849,738547,,weight,false,,,,,,,,,24.5,g,,,,,,,,,,,0.86422,oz,,,"24,5 g",,false,,,,,,,
LcLh-0023:000060,42850,738548,,weight,false,,,,,,,,,66.7,g,,,,,,,,,,,2.35279,oz,,,"66,7 g",,false,,,,,,,
LcLh-0023:000061,42851,738549,,weight,false,,,,,,,,,6.0,g,,,,,,,,,,,0.21164,oz,,,6 g,,false,,,,,,,
LcLh-0023:000062,42852,738550,,weight,false,,,,,,,,,46.5,g,,,,,,,,,,,1.64025,oz,,,"46,5 g",,false,,,,,,,
LcLh-0023:000063,42853,738551,,weight,false,,,,,,,,,49.3,g,,,,,,,,,,,1.73902,oz,,,"49,3 g",,false,,,,,,,
LcLh-0023:000064,42854,738552,,weight,false,,,,,,,,,12.9,g,,,,,,,,,,,0.45504,oz,,,"12,9 g",,false,,,,,,,
LcLh-0023:000065,42855,738553,,weight,false,,,,,,,,,51.5,g,,,,,,,,,,,1.81662,oz,,,"51,5 g",,false,,,,,,,
LcLh-0023:000066,42856,738554,,weight,false,,,,,,,,,17.3,g,,,,,,,,,,,0.61024,oz,,,"17,3 g",,false,,,,,,,
LcLh-0023:000067,42857,738555,,weight,false,,,,,,,,,18.4,g,,,,,,,,,,,0.64904,oz,,,"18,4 g",,false,,,,,,,
LcLh-0023:000068,42858,738556,,weight,false,,,,,,,,,75.8,g,,,,,,,,,,,2.67378,oz,,,"75,8 g",,false,,,,,,,
LcLh-0023:000069,42859,738558,,weight,false,,,,,,,,,36.1,g,,,,,,,,,,,1.2734,oz,,,"36,1 g",,false,,,,,,,
LcLh-0023:000071,42861,738560,,weight,false,,,,,,,,,16.4,g,,,,,,,,,,,0.5785,oz,,,"16,4 g",,false,,,,,,,
LcLh-0023:000072,42862,738561,,weight,false,,,,,,,,,44.5,g,,,,,,,,,,,1.5697,oz,,,"44,5 g",,false,,,,,,,
LcLh-0023:000073,42863,738562,,weight,false,,,,,,,,,119.6,g,,,,,,,,,,,4.21879,oz,,,"119,6 g",,false,,,,,,,
LcLh-0023:000074,42864,738563,,weight,false,,,,,,,,,24.3,g,,,,,,,,,,,0.85716,oz,,,"24,3 g",,false,,,,,,,
LcLh-0023:000075,42865,738565,,weight,false,,,,,,,,,17.7,g,,,,,,,,,,,0.62435,oz,,,"17,7 g",,false,,,,,,,
LcLh-0023:000076,42866,738566,,weight,false,,,,,,,,,54.0,g,,,,,,,,,,,1.9048,oz,,,54 g,,false,,,,,,,
LcLh-0023:000077,42867,738567,,weight,false,,,,,,,,,48.1,g,,,,,,,,,,,1.69669,oz,,,"48,1 g",,false,,,,,,,
LcLh-0023:000078,42868,738568,,weight,false,,,,,,,,,111.0,g,,,,,,,,,,,3.91543,oz,,,111 g,,false,,,,,,,
LcLh-0023:000079,42869,738569,,weight,false,,,,,,,,,9.2,g,,,,,,,,,,,0.32452,oz,,,"9,2 g",,false,,,,,,,
LcLh-0023:000080,42870,738570,,weight,false,,,,,,,,,8.9,g,,,,,,,,,,,0.31394,oz,,,"8,9 g",,false,,,,,,,
LcLh-0023:000081,42871,738571,,weight,false,,,,,,,,,22.7,g,,,,,,,,,,,0.80072,oz,,,"22,7 g",,false,,,,,,,
LcLh-0023:000082,42872,738575,,weight,false,,,,,,,,,12.7,g,,,,,,,,,,,0.44798,oz,,,"12,7 g",,false,,,,,,,
LcLh-0023:000070,42873,738559,,weight,false,,,,,,,,,26.0,g,,,,,,,,,,,0.91713,oz,,,26 g,,false,,,,,,,
LcLh-0023:000039,42874,738305,,weight,false,,,,,,,,,6.4,g,,,,,,,,,,,0.22575,oz,,,"6,4 g",,false,,,,,,,
LcLh-0023:000083,42875,738648,,weight,false,,,,,,,,,154.9,g,,,,,,,,,,,5.46397,oz,,,"154,9 g",,false,,,,,,,
LcLh-0023:000084,42876,739177,,weight,false,,,,,,,,,3.9,g,,,,,,,,,,,0.13757,oz,,,"3,9 g",,false,,,,,,,
LcLh-0023:000085,42877,739178,,weight,false,,,,,,,,,2.9,g,,,,,,,,,,,0.1023,oz,,,"2,9 g",,false,,,,,,,
LcLh-0023:000086,42878,739179,,weight,false,,,,,,,,,7.9,g,,,,,,,,,,,0.27867,oz,,,"7,9 g",,false,,,,,,,
LcLh-0023:000087,42879,739180,,weight,false,,,,,,,,,9.9,g,,,,,,,,,,,0.34921,oz,,,"9,9 g",,false,,,,,,,
LcLh-0023:000088,42880,739181,,weight,false,,,,,,,,,38.4,g,,,,,,,,,,,1.35453,oz,,,"38,4 g",,false,,,,,,,
LcLh-0023:000089,42881,739182,,weight,false,,,,,,,,,445.5,g,,,,,,,,,,,15.71463,oz,,,"445,5 g",,false,,,,,,,
LcLh-0023:000090,42882,739183,,weight,false,,,,,,,,,135.1,g,,,,,,,,,,,4.76554,oz,,,"135,1 g",,false,,,,,,,
LcLh-0023:000091,42883,739184,,weight,false,,,,,,,,,85.2,g,,,,,,,,,,,3.00536,oz,,,"85,2 g",,false,,,,,,,
LcLh-0023:000092,42884,739185,,weight,false,,,,,,,,,360.8,g,,,,,,,,,,,12.72691,oz,,,"360,8 g",,false,,,,,,,
LcLh-0023:000095,42887,739188,,weight,false,,,,,,,,,78.1,g,,,,,,,,,,,2.75491,oz,,,"78,1 g",,false,,,,,,,
LcLh-0023:000096,42888,739189,,weight,false,,,,,,,,,11.7,g,,,,,,,,,,,0.41271,oz,,,"11,7 g",,false,,,,,,,
LcLh-0023:000097,42889,739190,,weight,false,,,,,,,,,128.8,g,,,,,,,,,,,4.54331,oz,,,"128,8 g",,false,,,,,,,
LcLh-0023:000098,42890,739191,,weight,false,,,,,,,,,45.2,g,,,,,,,,,,,1.59439,oz,,,"45,2 g",,false,,,,,,,
LcLh-0023:000099,42891,739192,,weight,false,,,,,,,,,11.0,g,,,,,,,,,,,0.38802,oz,,,11 g,,false,,,,,,,
LcLh-0023:000100,42892,739193,,weight,false,,,,,,,,,71.1,g,,,,,,,,,,,2.50799,oz,,,"71,1 g",,false,,,,,,,
LcLh-0023:000101,42893,739194,,weight,false,,,,,,,,,18.6,g,,,,,,,,,,,0.6561,oz,,,"18,6 g",,false,,,,,,,
LcLh-0023:000102,42894,739195,,weight,false,,,,,,,,,81.3,g,,,,,,,,,,,2.86779,oz,,,"81,3 g",,false,,,,,,,
LcLh-0023:000103,42895,739196,,weight,false,,,,,,,,,20.4,g,,,,,,,,,,,0.71959,oz,,,"20,4 g",,false,,,,,,,
LcLh-0023:000104,42896,739197,,weight,false,,,,,,,,,35.4,g,,,,,,,,,,,1.2487,oz,,,"35,4 g",,false,,,,,,,
LcLh-0023:000105,42897,739198,,weight,false,,,,,,,,,42.4,g,,,,,,,,,,,1.49562,oz,,,"42,4 g",,false,,,,,,,
LcLh-0023:000106,42898,739199,,weight,false,,,,,,,,,7.0,g,,,,,,,,,,,0.24692,oz,,,7 g,,false,,,,,,,
LcLh-0023:000107,42899,739200,,weight,false,,,,,,,,,18.2,g,,,,,,,,,,,0.64199,oz,,,"18,2 g",,false,,,,,,,
LcLh-0023:000108,42900,739201,,weight,false,,,,,,,,,108.6,g,,,,,,,,,,,3.83077,oz,,,"108,6 g",,false,,,,,,,
LcLh-0023:000109,42901,739202,,weight,false,,,,,,,,,120.4,g,,,,,,,,,,,4.24701,oz,,,"120,4 g",,false,,,,,,,
LcLh-0023:000110,42902,739205,,weight,false,,,,,,,,,5.5,g,,,,,,,,,,,0.19401,oz,,,"5,5 g",,false,,,,,,,
LcLh-0023:000093,42903,739186,,weight,false,,,,,,,,,92.6,g,,,,,,,,,,,3.26639,oz,,,"92,6 g",,false,,,,,,,
LcLh-0023:000094,42904,739187,,weight,false,,,,,,,,,107.9,g,,,,,,,,,,,3.80608,oz,,,"107,9 g",,false,,,,,,,
LcLh-0023:000111,42906,739246,,weight,false,,,,,,,,,31.6,g,,,,,,,,,,,1.11466,oz,,,"31,6 g",,false,,,,,,,
LcLh-0023:000113,42907,739470,,weight,false,,,,,,,,,14.8,g,,,,,,,,,,,0.52206,oz,,,"14,8 g",,false,,,,,,,
LcLh-0023:000112,42908,739252,,weight,false,,,,,,,,,83.3,g,,,,,,,,,,,2.93834,oz,,,"83,3 g",,false,,,,,,,
LcLh-0023:000114,42909,739471,,weight,false,,,,,,,,,224.5,g,,,,,,,,,,,7.91905,oz,,,"224,5 g",,false,,,,,,,
LcLh-0023:000115,42910,739472,,weight,false,,,,,,,,,69.5,g,,,,,,,,,,,2.45155,oz,,,"69,5 g",,false,,,,,,,
LcLh-0023:000116,42911,739473,,weight,false,,,,,,,,,1.9,g,,,,,,,,,,,0.06702,oz,,,"1,9 g",,false,,,,,,,
LcLh-0023:000121,42912,739478,,weight,false,,,,,,,,,155.1,g,,,,,,,,,,,5.47102,oz,,,"155,1 g",,false,,,,,,,
LcLh-0023:000117,42913,739474,,weight,false,,,,,,,,,19.2,g,,,,,,,,,,,0.67726,oz,,,"19,2 g",,false,,,,,,,
LcLh-0023:000118,42914,739475,,weight,false,,,,,,,,,59.4,g,,,,,,,,,,,2.09528,oz,,,"59,4 g",,false,,,,,,,
LcLh-0023:000119,42915,739476,,weight,false,,,,,,,,,4.6,g,,,,,,,,,,,0.16226,oz,,,"4,6 g",,false,,,,,,,
LcLh-0023:000120,42916,739477,,weight,false,,,,,,,,,61.2,g,,,,,,,,,,,2.15878,oz,,,"61,2 g",,false,,,,,,,
LcLh-0023:000122,42917,739479,,weight,false,,,,,,,,,5.2,g,,,,,,,,,,,0.18343,oz,,,"5,2 g",,false,,,,,,,
LcLh-0023:000125,42918,739482,,weight,false,,,,,,,,,44.4,g,,,,,,,,,,,1.56617,oz,,,"44,4 g",,false,,,,,,,
LcLh-0023:000124,42919,739481,,weight,false,,,,,,,,,17.8,g,,,,,,,,,,,0.62788,oz,,,"17,8 g",,false,,,,,,,
LcLh-0023:000123,42920,739480,,weight,false,,,,,,,,,9.4,g,,,,,,,,,,,0.33158,oz,,,"9,4 g",,false,,,,,,,
LcLh-0023:000126,42921,739483,,weight,false,,,,,,,,,240.0,g,,,,,,,,,,,8.4658,oz,,,240 g,,false,,,,,,,
LcLh-0023:000127,42922,739484,,weight,false,,,,,,,,,127.3,g,,,,,,,,,,,4.4904,oz,,,"127,3 g",,false,,,,,,,
LcLh-0023:000128,42923,739485,,weight,false,,,,,,,,,5.1,g,,,,,,,,,,,0.1799,oz,,,"5,1 g",,false,,,,,,,
LcLh-0023:000129,42924,739486,,weight,false,,,,,,,,,3.2,g,,,,,,,,,,,0.11288,oz,,,"3,2 g",,false,,,,,,,
LcLh-0023:000130,42925,739487,,weight,false,,,,,,,,,2.1,g,,,,,,,,,,,0.07408,oz,,,"2,1 g",,false,,,,,,,
LcLh-0023:000132,42927,739489,,weight,false,,,,,,,,,0.6,g,,,,,,,,,,,0.02116,oz,,,",6 g",,false,,,,,,,
LcLh-0023:000131,42928,739488,,weight,false,,,,,,,,,4.7,g,,,,,,,,,,,0.16579,oz,,,"4,7 g",,false,,,,,,,
LcLh-0023:000133,42929,739490,,weight,false,,,,,,,,,1.5,g,,,,,,,,,,,0.05291,oz,,,"1,5 g",,false,,,,,,,
LcLh-0023:000134,42930,739491,,weight,false,,,,,,,,,10.2,g,,,,,,,,,,,0.3598,oz,,,"10,2 g",,false,,,,,,,
LcLh-0023:000135,42931,739492,,weight,false,,,,,,,,,0.5,g,,,,,,,,,,,0.01764,oz,,,",5 g",,false,,,,,,,
LcLh-0023:000136,42932,739493,,weight,false,,,,,,,,,2.3,g,,,,,,,,,,,0.08113,oz,,,"2,3 g",,false,,,,,,,
LcLh-0023:000137,42933,739494,,weight,false,,,,,,,,,4.1,g,,,,,,,,,,,0.14462,oz,,,"4,1 g",,false,,,,,,,
LcLh-0023:000138,42934,739495,,weight,false,,,,,,,,,1.8,g,,,,,,,,,,,0.06349,oz,,,"1,8 g",,false,,,,,,,
LcLh-0023:000139,42935,739496,,weight,false,,,,,,,,,2.0,g,,,,,,,,,,,0.07055,oz,,,2 g,,false,,,,,,,
LcLh-0023:000140,42936,739497,,weight,false,,,,,,,,,1.7,g,,,,,,,,,,,0.05997,oz,,,"1,7 g",,false,,,,,,,
LcLh-0023:000141,42937,739498,,weight,false,,,,,,,,,5.5,g,,,,,,,,,,,0.19401,oz,,,"5,5 g",,false,,,,,,,
LcLh-0023:000142,42938,739499,,weight,false,,,,,,,,,2.7,g,,,,,,,,,,,0.09524,oz,,,"2,7 g",,false,,,,,,,
LcLh-0023:000143,42939,739500,,weight,false,,,,,,,,,1.4,g,,,,,,,,,,,0.04938,oz,,,"1,4 g",,false,,,,,,,
LcLh-0023:000144,42940,739508,,weight,false,,,,,,,,,3.1,g,,,,,,,,,,,0.10935,oz,,,"3,1 g",,false,,,,,,,
LcLh-0023:000145,42941,739504,,weight,false,,,,,,,,,8.2,g,,,,,,,,,,,0.28925,oz,,,"8,2 g",,false,,,,,,,
LcLh-0023:000146,42942,739507,,weight,false,,,,,,,,,16.7,g,,,,,,,,,,,0.58908,oz,,,"16,7 g",,false,,,,,,,
LcLh-0023:000147,42943,739505,,weight,false,,,,,,,,,5.7,g,,,,,,,,,,,0.20106,oz,,,"5,7 g",,false,,,,,,,
LcLh-0023:000148,42944,739652,,weight,false,,,,,,,,,3.3,g,,,,,,,,,,,0.1164,oz,,,"3,3 g",,false,,,,,,,
LcLh-0023:000149,42945,739653,,weight,false,,,,,,,,,6.0,g,,,,,,,,,,,0.21164,oz,,,6 g,,false,,,,,,,
LcLh-0023:000150,42946,739654,,weight,false,,,,,,,,,7.4,g,,,,,,,,,,,0.26103,oz,,,"7,4 g",,false,,,,,,,
LcLh-0023:000151,42947,739655,,weight,false,,,,,,,,,1.1,g,,,,,,,,,,,0.0388,oz,,,"1,1 g",,false,,,,,,,
LcLh-0023:000152,42948,739656,,weight,false,,,,,,,,,2.8,g,,,,,,,,,,,0.09877,oz,,,"2,8 g",,false,,,,,,,
LcLh-0023:000153,42949,739657,,weight,false,,,,,,,,,1.0,g,,,,,,,,,,,0.03527,oz,,,1 g,,false,,,,,,,
LcLh-0023:000154,42950,739658,,weight,false,,,,,,,,,162.6,g,,,,,,,,,,,5.73558,oz,,,"162,6 g",,false,,,,,,,
LcLh-0023:000155,42958,739659,,weight,false,,,,,,,,,42.1,g,,,,,,,,,,,1.48504,oz,,,"42,1 g",,false,,,,,,,
LcLh-0023:000156,42959,739660,,weight,false,,,,,,,,,47.0,g,,,,,,,,,,,1.65788,oz,,,47 g,,false,,,,,,,
LcLh-0023:000158,42961,739662,,weight,false,,,,,,,,,5.9,g,,,,,,,,,,,0.20812,oz,,,"5,9 g",,false,,,,,,,
LcLh-0023:000159,42962,739663,,weight,false,,,,,,,,,6.7,g,,,,,,,,,,,0.23634,oz,,,"6,7 g",,false,,,,,,,
LcLh-0023:000157,42963,739661,,weight,false,,,,,,,,,10.3,g,,,,,,,,,,,0.36332,oz,,,"10,3 g",,false,,,,,,,
LcLh-0023:000160,42964,739664,,weight,false,,,,,,,,,14.0,g,,,,,,,,,,,0.49384,oz,,,14 g,,false,,,,,,,
LcLh-0023:000161,42965,739665,,weight,false,,,,,,,,,4.0,g,,,,,,,,,,,0.1411,oz,,,4 g,,false,,,,,,,
LcLh-0023:000162,42966,739666,,weight,false,,,,,,,,,2.9,g,,,,,,,,,,,0.1023,oz,,,"2,9 g",,false,,,,,,,
LcLh-0023:000163,42967,739667,,weight,false,,,,,,,,,2.8,g,,,,,,,,,,,0.09877,oz,,,"2,8 g",,false,,,,,,,
LcLh-0023:000164,42968,739668,,weight,false,,,,,,,,,13.1,g,,,,,,,,,,,0.46209,oz,,,"13,1 g",,false,,,,,,,
LcLh-0023:000165,42969,739669,,weight,false,,,,,,,,,19.7,g,,,,,,,,,,,0.6949,oz,,,"19,7 g",,false,,,,,,,
LcLh-0023:000166,42970,739670,,weight,false,,,,,,,,,6.0,g,,,,,,,,,,,0.21164,oz,,,6 g,,false,,,,,,,
LcLh-0023:000167,42971,739671,,weight,false,,,,,,,,,4.9,g,,,,,,,,,,,0.17284,oz,,,"4,9 g",,false,,,,,,,
LcLh-0023:000168,42972,739673,,weight,false,,,,,,,,,2.3,g,,,,,,,,,,,0.08113,oz,,,"2,3 g",,false,,,,,,,
LcLh-0023:000169,42973,739674,,weight,false,,,,,,,,,12.4,g,,,,,,,,,,,0.4374,oz,,,"12,4 g",,false,,,,,,,
LcLh-0023:000170,42974,739675,,weight,false,,,,,,,,,22.2,g,,,,,,,,,,,0.78309,oz,,,"22,2 g",,false,,,,,,,
LcLh-0023:000171,42975,739676,,weight,false,,,,,,,,,0.7,g,,,,,,,,,,,0.02469,oz,,,",7 g",,false,,,,,,,
LcLh-0023:000172,42976,739677,,weight,false,,,,,,,,,2.1,g,,,,,,,,,,,0.07408,oz,,,"2,1 g",,false,,,,,,,
LcLh-0023:000173,42977,739678,,weight,false,,,,,,,,,4.0,g,,,,,,,,,,,0.1411,oz,,,4 g,,false,,,,,,,
LcLh-0023:000174,42978,739680,,weight,false,,,,,,,,,3.6,g,,,,,,,,,,,0.12699,oz,,,"3,6 g",,false,,,,,,,
LcLh-0023:000204,42979,740311,,weight,false,,,,,,,,,3.7,g,,,,,,,,,,,0.13051,oz,,,"3,7 g",,false,,,,,,,
LcLh-0023:000205,42980,740313,,weight,false,,,,,,,,,3.8,g,,,,,,,,,,,0.13404,oz,,,"3,8 g",,false,,,,,,,
LcLh-0023:000203,42981,740310,,weight,false,,,,,,,,,5.7,g,,,,,,,,,,,0.20106,oz,,,"5,7 g",,false,,,,,,,
LcLh-0023:000202,42982,740309,,weight,false,,,,,,,,,2.6,g,,,,,,,,,,,0.09171,oz,,,"2,6 g",,false,,,,,,,
LcLh-0023:000176,42983,740283,,weight,false,,,,,,,,,183.5,g,,,,,,,,,,,6.47281,oz,,,"183,5 g",,false,,,,,,,
LcLh-0023:000177,42984,740284,,weight,false,,,,,,,,,55.9,g,,,,,,,,,,,1.97182,oz,,,"55,9 g",,false,,,,,,,
LcLh-0023:000178,42985,740285,,weight,false,,,,,,,,,9.2,g,,,,,,,,,,,0.32452,oz,,,"9,2 g",,false,,,,,,,
LcLh-0023:000179,42986,740286,,weight,false,,,,,,,,,40.2,g,,,,,,,,,,,1.41802,oz,,,"40,2 g",,false,,,,,,,
LcLh-0023:000180,42987,740287,,weight,false,,,,,,,,,8.7,g,,,,,,,,,,,0.30689,oz,,,"8,7 g",,false,,,,,,,
LcLh-0023:000181,42988,740288,,weight,false,,,,,,,,,14.9,g,,,,,,,,,,,0.52558,oz,,,"14,9 g",,false,,,,,,,
LcLh-0023:000182,42989,740289,,weight,false,,,,,,,,,3.5,g,,,,,,,,,,,0.12346,oz,,,"3,5 g",,false,,,,,,,
LcLh-0023:000183,42990,740290,,weight,false,,,,,,,,,2.1,g,,,,,,,,,,,0.07408,oz,,,"2,1 g",,false,,,,,,,
LcLh-0023:000184,42991,740291,,weight,false,,,,,,,,,2.9,g,,,,,,,,,,,0.1023,oz,,,"2,9 g",,false,,,,,,,
LcLh-0023:000185,42992,740292,,weight,false,,,,,,,,,2.0,g,,,,,,,,,,,0.07055,oz,,,2 g,,false,,,,,,,
LcLh-0023:000186,42993,740293,,weight,false,,,,,,,,,1.0,g,,,,,,,,,,,0.03527,oz,,,1 g,,false,,,,,,,
LcLh-0023:000187,42994,740294,,weight,false,,,,,,,,,0.9,g,,,,,,,,,,,0.03175,oz,,,",9 g",,false,,,,,,,
LcLh-0023:000188,42995,740295,,weight,false,,,,,,,,,40.7,g,,,,,,,,,,,1.43566,oz,,,"40,7 g",,false,,,,,,,
LcLh-0023:000189,42996,740296,,weight,false,,,,,,,,,15.5,g,,,,,,,,,,,0.54675,oz,,,"15,5 g",,false,,,,,,,
LcLh-0023:000190,42997,740297,,weight,false,,,,,,,,,1.1,g,,,,,,,,,,,0.0388,oz,,,"1,1 g",,false,,,,,,,
LcLh-0023:000191,42998,740298,,weight,false,,,,,,,,,1.1,g,,,,,,,,,,,0.0388,oz,,,"1,1 g",,false,,,,,,,
LcLh-0023:000192,42999,740299,,weight,false,,,,,,,,,1.7,g,,,,,,,,,,,0.05997,oz,,,"1,7 g",,false,,,,,,,
LcLh-0023:000193,43000,740300,,weight,false,,,,,,,,,0.4,g,,,,,,,,,,,0.01411,oz,,,",4 g",,false,,,,,,,
LcLh-0023:000194,43001,740301,,weight,false,,,,,,,,,1.0,g,,,,,,,,,,,0.03527,oz,,,1 g,,false,,,,,,,
LcLh-0023:000195,43002,740302,,weight,false,,,,,,,,,100.5,g,,,,,,,,,,,3.54505,oz,,,"100,5 g",,false,,,,,,,
LcLh-0023:000196,43003,740303,,weight,false,,,,,,,,,35.4,g,,,,,,,,,,,1.2487,oz,,,"35,4 g",,false,,,,,,,
LcLh-0023:000197,43004,740304,,weight,false,,,,,,,,,171.4,g,,,,,,,,,,,6.04599,oz,,,"171,4 g",,false,,,,,,,
LcLh-0023:000198,43005,740305,,weight,false,,,,,,,,,13.1,g,,,,,,,,,,,0.46209,oz,,,"13,1 g",,false,,,,,,,
LcLh-0023:000199,43006,740306,,weight,false,,,,,,,,,8.7,g,,,,,,,,,,,0.30689,oz,,,"8,7 g",,false,,,,,,,
LcLh-0023:000200,43007,740307,,weight,false,,,,,,,,,14.1,g,,,,,,,,,,,0.49737,oz,,,"14,1 g",,false,,,,,,,
LcLh-0023:000201,43008,740308,,weight,false,,,,,,,,,11.5,g,,,,,,,,,,,0.40565,oz,,,"11,5 g",,false,,,,,,,
LcLh-0023:000206,43010,740314,,weight,false,,,,,,,,,1.5,g,,,,,,,,,,,0.05291,oz,,,"1,5 g",,false,,,,,,,
LcLh-0023:000207,43011,740441,,weight,false,,,,,,,,,2.6,g,,,,,,,,,,,0.09171,oz,,,"2,6 g",,false,,,,,,,
LcLh-0023:000208,43012,740448,,weight,false,,,,,,,,,3.9,g,,,,,,,,,,,0.13757,oz,,,"3,9 g",,false,,,,,,,
LcLh-0023:000209,43013,740465,,weight,false,,,,,,,,,1.5,g,,,,,,,,,,,0.05291,oz,,,"1,5 g",,false,,,,,,,
LcLh-0023:000210,43014,740466,,weight,false,,,,,,,,,1.4,g,,,,,,,,,,,0.04938,oz,,,"1,4 g",,false,,,,,,,
LcLh-0023:000211,43015,740467,,weight,false,,,,,,,,,1.8,g,,,,,,,,,,,0.06349,oz,,,"1,8 g",,false,,,,,,,
LcLh-0023:000212,43016,740468,,weight,false,,,,,,,,,25.0,g,,,,,,,,,,,0.88185,oz,,,25 g,,false,,,,,,,
LcLh-0023:000213,43017,740469,,weight,false,,,,,,,,,0.8,g,,,,,,,,,,,0.02822,oz,,,",8 g",,false,,,,,,,
LcLh-0023:000214,43018,740470,,weight,false,,,,,,,,,0.8,g,,,,,,,,,,,0.02822,oz,,,",8 g",,false,,,,,,,
LcLh-0023:000215,43019,740472,,weight,false,,,,,,,,,0.2,g,,,,,,,,,,,0.00705,oz,,,",2 g",,false,,,,,,,
LcLh-0023:000216,43020,740473,,weight,false,,,,,,,,,8.5,g,,,,,,,,,,,0.29983,oz,,,"8,5 g",,false,,,,,,,
LcLh-0023:000217,43021,740474,,weight,false,,,,,,,,,1.9,g,,,,,,,,,,,0.06702,oz,,,"1,9 g",,false,,,,,,,
LcLh-0023:000218,43022,740475,,weight,false,,,,,,,,,0.3,g,,,,,,,,,,,0.01058,oz,,,",3 g",,false,,,,,,,
LcLh-0023:000219,43023,740476,,weight,false,,,,,,,,,27.4,g,,,,,,,,,,,0.96651,oz,,,"27,4 g",,false,,,,,,,
LcLh-0023:000220,43024,740477,,weight,false,,,,,,,,,4.4,g,,,,,,,,,,,0.15521,oz,,,"4,4 g",,false,,,,,,,
LcLh-0023:000221,43025,740478,,weight,false,,,,,,,,,2.4,g,,,,,,,,,,,0.08466,oz,,,"2,4 g",,false,,,,,,,
LcLh-0023:000222,43026,740479,,weight,false,,,,,,,,,1.1,g,,,,,,,,,,,0.0388,oz,,,"1,1 g",,false,,,,,,,
LcLh-0023:000223,43027,740480,,weight,false,,,,,,,,,0.2,g,,,,,,,,,,,0.00705,oz,,,",2 g",,false,,,,,,,
LcLh-0023:000224,43028,740481,,weight,false,,,,,,,,,18.0,g,,,,,,,,,,,0.63493,oz,,,18 g,,false,,,,,,,
LcLh-0023:000225,43029,740482,,weight,false,,,,,,,,,5.9,g,,,,,,,,,,,0.20812,oz,,,"5,9 g",,false,,,,,,,
LcLh-0023:000226,43030,740483,,weight,false,,,,,,,,,4.1,g,,,,,,,,,,,0.14462,oz,,,"4,1 g",,false,,,,,,,
LcLh-0023:000227,43031,740486,,weight,false,,,,,,,,,0.1,g,,,,,,,,,,,0.00353,oz,,,",1 g",,false,,,,,,,
LhLa-0006:000001,44586,757424,,weight,false,,,,,,,,,1.0,g,,,,,,,,,,,0.03527,oz,,,1 g,,false,,,,,,,
LhLa-0006:000002,44587,757425,,weight,false,,,,,,,,,3.6,g,,,,,,,,,,,0.12699,oz,,,"3,6 g",,false,,,,,,,
LhLa-0006:000003-000005,44588,757426,,weight,false,,,,,,,,,0.4,g,,,,,,,,,,,0.01411,oz,,,",4 g",,false,,,,,,,
LhLa-0006:000006-000009,44589,757427,,weight,false,,,,,,,,,0.7,g,,,,,,,,,,,0.02469,oz,,,",7 g",,false,,,,,,,
LhLa-0006:000010-000012,44590,757428,,weight,false,,,,,,,,,0.0,g,,,,,,,,,,,0.0,oz,,,0 g,,false,,,,,,,
LhLa-0006:000013-000032,44591,757429,,weight,false,,,,,,,,,0.1,g,,,,,,,,,,,0.00353,oz,,,",1 g",,false,,,,,,,
LhLa-0006:000033-000035,44592,757430,,weight,false,,,,,,,,,0.5,g,,,,,,,,,,,0.01764,oz,,,",5 g",,false,,,,,,,
LjNj-0006:000001,44593,757520,Length x Width x Thickness x Weight,,false,2.01,cm,1.41,cm,0.32,cm,,,0.83,g,,,",79134",in,",55512",in,",12598",in,,,0.02928,oz,,,Length x Width x Thickness x Weight: 2.01 cm x 1.41 cm x .32 cm x .83 g,,false,,,,,,,
LjNj-0006:000002,44594,757524,Length x Width x Thickness x Weight,,false,2.08,cm,1.35,cm,0.36,cm,,,0.85,g,,,",8189",in,",5315",in,",14173",in,,,0.02998,oz,,,Length x Width x Thickness x Weight: 2.08 cm x 1.35 cm x .36 cm x .85 g,,false,,,,,,,
KgJm-0015:000001,44595,757525,,weight,false,,,,,,,,,3.3,g,,,,,,,,,,,0.1164,oz,,,"3,3 g",,false,,,,,,,
KgJm-0015:000002,44596,757552,,weight,false,,,,,,,,,1.6,g,,,,,,,,,,,0.05644,oz,,,"1,6 g",,false,,,,,,,
KgJm-0015:000003,44597,757555,,weight,false,,,,,,,,,0.1,g,,,,,,,,,,,0.00353,oz,,,",1 g",,false,,,,,,,
KgJm-0015:000004,44598,757557,,weight,false,,,,,,,,,0.5,g,,,,,,,,,,,0.01764,oz,,,",5 g",,false,,,,,,,
KgJm-0015:000005,44599,757558,,weight,false,,,,,,,,,25.5,g,,,,,,,,,,,0.89949,oz,,,"25,5 g",,false,,,,,,,
KgJm-0044:000001,44600,757559,,weight,false,,,,,,,,,4.2,g,,,,,,,,,,,0.14815,oz,,,"4,2 g",,false,,,,,,,
KgJm-0044:000002-000003,44601,757560,,weight,false,,,,,,,,,4.4,g,,,,,,,,,,,0.15521,oz,,,"4,4 g",,false,,,,,,,
KgJm-0044:000004,44602,757561,,weight,false,,,,,,,,,3.9,g,,,,,,,,,,,0.13757,oz,,,"3,9 g",,false,,,,,,,
KgJm-0044:000005-000006,44603,757562,,weight,false,,,,,,,,,1.1,g,,,,,,,,,,,0.0388,oz,,,"1,1 g",,false,,,,,,,
KgJm-0044:000007,44604,757563,,weight,false,,,,,,,,,2.1,g,,,,,,,,,,,0.07408,oz,,,"2,1 g",,false,,,,,,,
KgJm-0044:000008-000014,44605,757564,,weight,false,,,,,,,,,3.0,g,,,,,,,,,,,0.10582,oz,,,3 g,,false,,,,,,,
KgJm-0044:000015,44606,757565,,weight,false,,,,,,,,,0.6,g,,,,,,,,,,,0.02116,oz,,,",6 g",,false,,,,,,,
KgJm-0044:000016,44607,757566,,weight,false,,,,,,,,,3.4,g,,,,,,,,,,,0.11993,oz,,,"3,4 g",,false,,,,,,,
KfJm-0171:000022,44608,757568,,weight,false,,,,,,,,,6.4,g,,,,,,,,,,,0.22575,oz,,,"6,4 g",,false,,,,,,,
KfJm-0171:000023,44609,757571,,weight,false,,,,,,,,,5.2,g,,,,,,,,,,,0.18343,oz,,,"5,2 g",,false,,,,,,,
KfJm-0171:000024,44610,757662,,weight,false,,,,,,,,,12.2,g,,,,,,,,,,,0.43034,oz,,,"12,2 g",,false,,,,,,,
KfJm-0171:000025,44611,757664,,weight,false,,,,,,,,,26.5,g,,,,,,,,,,,0.93476,oz,,,"26,5 g",,false,,,,,,,
KfJm-0171:000026,44612,757665,,weight,false,,,,,,,,,0.7,g,,,,,,,,,,,0.02469,oz,,,",7 g",,false,,,,,,,
KfJm-0171:000027,44613,757666,,weight,false,,,,,,,,,12.6,g,,,,,,,,,,,0.44445,oz,,,"12,6 g",,false,,,,,,,
KfJm-0171:000028,44614,757668,,weight,false,,,,,,,,,4.9,g,,,,,,,,,,,0.17284,oz,,,"4,9 g",,false,,,,,,,
KfJm-0171:000029,44615,757711,,weight,false,,,,,,,,,1.5,g,,,,,,,,,,,0.05291,oz,,,"1,5 g",,false,,,,,,,
KfJm-0171:000031,44616,757947,,weight,false,,,,,,,,,1.9,g,,,,,,,,,,,0.06702,oz,,,"1,9 g",,false,,,,,,,
KfJm-0171:000032,44617,757948,,weight,false,,,,,,,,,52.0,g,,,,,,,,,,,1.83426,oz,,,52 g,,false,,,,,,,
KfJm-0171:000030,44618,757712,,weight,false,,,,,,,,,13.1,g,,,,,,,,,,,0.46209,oz,,,"13,1 g",,false,,,,,,,
KfJm-0171:000033,44619,757949,Length x Width x Thickness,,false,60.0,mm,10.0,mm,3.0,mm,,,,,,,"2,3622",in,",3937",in,",11811",in,,,,,,,Length x Width x Thickness: 60 mm x 10 mm x 3 mm,,false,,,,,,,
KfJm-0171:000034,44620,757950,Length x Width x Weight,,false,36.0,mm,14.0,mm,,,,,1.0,g,,,"1,41732",in,",55118",in,,,,,0.03527,oz,,,Length x Width x Weight: 36 mm x 14 mm x 1 g,,false,,,,,,,
KfJm-0171:000035,44621,757957,Length x Thickness x Weight,,false,49.0,mm,1.0,mm,,,,,0.5,g,,,"1,92913",in,",03937",in,,,,,0.01764,oz,,,Length x Thickness x Weight: 49 mm x 1 mm x .5 g,,false,,,,,,,
KfJm-0171:000036,44622,757958,,weight,false,,,,,,,,,62.0,g,,,,,,,,,,,2.187,oz,,,62 g,,false,,,,,,,
KgJm-0018:000001,44623,758109,,weight,false,,,,,,,,,40.0,g,,,,,,,,,,,1.41097,oz,,,40 g,,false,,,,,,,
KgJm-0023:000001,44624,758173,Length x Width x Thickness x Weight,,false,80.0,mm,19.0,mm,8.0,mm,,,4.0,g,,,"3,14961",in,",74803",in,",31496",in,,,0.1411,oz,,,Length x Width x Thickness x Weight: 80 mm x 19 mm x 8 mm x 4 g,,false,,,,,,,
KgJm-0023:000003,44625,758232,,weight,false,,,,,,,,,0.3,g,,,,,,,,,,,0.01058,oz,,,",3 g",,false,,,,,,,
KgJm-0023:000004,44626,758366,,weight,false,,,,,,,,,3.5,g,,,,,,,,,,,0.12346,oz,,,"3,5 g",,false,,,,,,,
KgJm-0024:000001,44627,758367,Length x Width x Thickness,,false,78.0,mm,12.0,mm,6.0,mm,,,,,,,"3,07087",in,",47244",in,",23622",in,,,,,,,Length x Width x Thickness: 78 mm x 12 mm x 6 mm,,false,,,,,,,
KgJm-0024:000001,44628,758367,Length x Width x Thickness,,false,103.0,mm,11.0,mm,5.0,mm,,,,,,,"4,05512",in,",43307",in,",19685",in,,,,,,,Length x Width x Thickness: 103 mm x 11 mm x 5 mm,,false,,,,,,,
KgJm-0024:000001,44629,758367,,weight,false,,,,,,,,,6.0,g,,,,,,,,,,,0.21164,oz,,,6 g,,false,,,,,,,
KgJm-0024:000002,44630,758368,Length x Width x Thickness x Weight,,false,90.0,mm,11.0,mm,11.0,mm,,,5.0,g,,,"3,54331",in,",43307",in,",43307",in,,,0.17637,oz,,,Length x Width x Thickness x Weight: 90 mm x 11 mm x 11 mm x 5 g,,false,,,,,,,
KgJm-0024:000003,44631,758369,Length x Width x Thickness x Weight,,false,104.6,mm,9.0,mm,9.0,mm,,,4.0,g,,,"4,11811",in,",35433",in,",35433",in,,,0.1411,oz,,,Length x Width x Thickness x Weight: 104.6 mm x 9 mm x 9 mm x 4 g,,false,,,,,,,
KgJm-0024:000004,44632,758370,,weight,false,,,,,,,,,5.0,g,,,,,,,,,,,0.17637,oz,,,5 g,,false,,,,,,,
KgJm-0024:000005,44633,758371,Length x Width x Thickness,,false,94.0,mm,14.0,mm,5.0,mm,,,,,,,"3,70079",in,",55118",in,",19685",in,,,,,,,Length x Width x Thickness: 94 mm x 14 mm x 5 mm,,false,,,,,,,
KgJm-0024:000005,44634,758371,Length x Width x Thickness,,false,83.0,mm,13.0,mm,5.0,mm,,,,,,,"3,26772",in,",51181",in,",19685",in,,,,,,,Length x Width x Thickness: 83 mm x 13 mm x 5 mm,,false,,,,,,,
KgJm-0024:000005,44635,758371,,weight,false,,,,,,,,,7.0,g,,,,,,,,,,,0.24692,oz,,,7 g,,false,,,,,,,
KgJm-0024:000006,44636,758372,Length x Width x Thickness x Weight,,false,174.0,mm,25.0,mm,10.0,mm,,,20.0,g,,,"6,85039",in,",98425",in,",3937",in,,,0.70548,oz,,,Length x Width x Thickness x Weight: 174 mm x 25 mm x 10 mm x 20 g,,false,,,,,,,
KgJm-0024:000007,44637,758537,Length x Width x Thickness,,false,187.0,mm,20.0,mm,5.0,mm,,,,,,,"7,3622",in,",7874",in,",19685",in,,,,,,,Length x Width x Thickness: 187 mm x 20 mm x 5 mm,,false,,,,,,,
KgJm-0024:000007,44638,758537,Length x Width x Thickness,,false,120.0,mm,10.0,mm,5.0,mm,,,,,,,"4,72441",in,",3937",in,",19685",in,,,,,,,Length x Width x Thickness: 120 mm x 10 mm x 5 mm,,false,,,,,,,
KgJm-0024:000007,44639,758537,Length x Width x Thickness,,false,130.0,mm,10.0,mm,7.0,mm,,,,,,,"5,11811",in,",3937",in,",27559",in,,,,,,,Length x Width x Thickness: 130 mm x 10 mm x 7 mm,,false,,,,,,,
KgJm-0024:000007,44640,758537,Length x Width x Thickness,,false,145.0,mm,7.0,mm,3.0,mm,,,,,,,"5,70866",in,",27559",in,",11811",in,,,,,,,Length x Width x Thickness: 145 mm x 7 mm x 3 mm,,false,,,,,,,
KgJm-0024:000007,44641,758537,,weight,false,,,,,,,,,16.0,g,,,,,,,,,,,0.56439,oz,,,16 g,,false,,,,,,,
KgJm-0024:000008,44642,758538,,weight,false,,,,,,,,,6.0,g,,,,,,,,,,,0.21164,oz,,,6 g,,false,,,,,,,
KgJm-0024:000009,44643,758539,Length x Width x Thickness x Weight,,false,77.0,mm,20.0,mm,2.0,mm,,,6.0,g,,,"3,0315",in,",7874",in,",07874",in,,,0.21164,oz,,,Length x Width x Thickness x Weight: 77 mm x 20 mm x 2 mm x 6 g,,false,,,,,,,
KgJm-0024:000010,44644,758540,Length x Width x Thickness x Weight,,false,140.4,mm,10.0,mm,3.0,mm,,,7.0,g,,,"5,52756",in,",3937",in,",11811",in,,,0.24692,oz,,,Length x Width x Thickness x Weight: 140.4 mm x 10 mm x 3 mm x 7 g,,false,,,,,,,
KgJm-0024:000011,44645,758541,Length x Width x Thickness x Weight,,false,108.5,mm,11.0,mm,5.0,mm,,,7.0,g,,,"4,27165",in,",43307",in,",19685",in,,,0.24692,oz,,,Length x Width x Thickness x Weight: 108.5 mm x 11 mm x 5 mm x 7 g,,false,,,,,,,
KgJm-0025:000001,44646,758542,Length x Width x Thickness x Weight,,false,29.0,mm,22.0,mm,5.0,mm,,,5.0,g,,,"1,14173",in,",86614",in,",19685",in,,,0.17637,oz,,,Length x Width x Thickness x Weight: 29 mm x 22 mm x 5 mm x 5 g,,false,,,,,,,
KgJm-0025:000002,44647,758543,Length x Width x Thickness x Weight,,false,27.0,mm,15.0,mm,5.0,mm,,,9.0,g,,,"1,06299",in,",59055",in,",19685",in,,,0.31747,oz,,,Length x Width x Thickness x Weight: 27 mm x 15 mm x 5 mm x 9 g,,false,,,,,,,
KgJm-0025:000003,44648,758544,Length x Width x Thickness x Weight,,false,75.0,mm,61.0,mm,30.0,mm,,,194.0,g,,,"2,95276",in,"2,40157",in,"1,1811",in,,,6.84318,oz,,,Length x Width x Thickness x Weight: 75 mm x 61 mm x 30 mm x 194 g,,false,,,,,,,
KgJm-0025:000004,44649,758545,Length x Width x Thickness x Weight,,false,45.0,mm,30.0,mm,30.0,mm,,,41.0,g,,,"1,77165",in,"1,1811",in,"1,1811",in,,,1.44624,oz,,,Length x Width x Thickness x Weight: 45 mm x 30 mm x 30 mm x 41 g,,false,,,,,,,
KgJm-0025:000005,44650,758546,Length x Width x Thickness x Weight,,false,12.0,mm,11.0,mm,4.0,mm,,,1.0,g,,,",47244",in,",43307",in,",15748",in,,,0.03527,oz,,,Length x Width x Thickness x Weight: 12 mm x 11 mm x 4 mm x 1 g,,false,,,,,,,
KgJm-0025:000006,44651,758547,Length x Width x Thickness x Weight,,false,15.0,mm,10.0,mm,1.0,mm,,,1.0,g,,,",59055",in,",3937",in,",03937",in,,,0.03527,oz,,,Length x Width x Thickness x Weight: 15 mm x 10 mm x 1 mm x 1 g,,false,,,,,,,
KgJm-0025:000007,44652,758549,,weight,false,,,,,,,,,1.0,g,,,,,,,,,,,0.03527,oz,,,1 g,,false,,,,,,,
KgJm-0025:000008,44653,758555,,weight,false,,,,,,,,,14.0,g,,,,,,,,,,,0.49384,oz,,,14 g,,false,,,,,,,
KgJm-0025:000009,44654,758556,,weight,false,,,,,,,,,1.0,g,,,,,,,,,,,0.03527,oz,,,1 g,,false,,,,,,,
KgJm-0025:000010,44655,758557,,weight,false,,,,,,,,,4.0,g,,,,,,,,,,,0.1411,oz,,,4 g,,false,,,,,,,
KgJm-0025:000011,44656,758558,,weight,false,,,,,,,,,1.0,g,,,,,,,,,,,0.03527,oz,,,1 g,,false,,,,,,,
KgJm-0025:000012,44657,758559,,weight,false,,,,,,,,,2.0,g,,,,,,,,,,,0.07055,oz,,,2 g,,false,,,,,,,
KgJm-0025:000013,44658,758560,,weight,false,,,,,,,,,3.0,g,,,,,,,,,,,0.10582,oz,,,3 g,,false,,,,,,,
KgJm-0025:000014,44659,758561,,weight,false,,,,,,,,,1.0,g,,,,,,,,,,,0.03527,oz,,,1 g,,false,,,,,,,
KgJm-0026:000001,44660,758562,,weight,false,,,,,,,,,19.3,g,,,,,,,,,,,0.68079,oz,,,"19,3 g",,false,,,,,,,
KgJm-0026:000002,44661,758563,,weight,false,,,,,,,,,8.9,g,,,,,,,,,,,0.31394,oz,,,"8,9 g",,false,,,,,,,
KgJm-0026:000003,44662,758564,,weight,false,,,,,,,,,1.1,g,,,,,,,,,,,0.0388,oz,,,"1,1 g",,false,,,,,,,
KgJm-0026:000004,44663,758565,,weight,false,,,,,,,,,35.5,g,,,,,,,,,,,1.25223,oz,,,"35,5 g",,false,,,,,,,
KgJm-0026:000005,44664,758566,,weight,false,,,,,,,,,2.4,g,,,,,,,,,,,0.08466,oz,,,"2,4 g",,false,,,,,,,
KgJm-0026:000006,44665,758567,,weight,false,,,,,,,,,3.3,g,,,,,,,,,,,0.1164,oz,,,"3,3 g",,false,,,,,,,
KgJm-0026:000007,44669,758663,,weight,false,,,,,,,,,5.4,g,,,,,,,,,,,0.19048,oz,,,"5,4 g",,false,,,,,,,
KgJm-0026:000008,44670,758664,,weight,false,,,,,,,,,14.4,g,,,,,,,,,,,0.50795,oz,,,"14,4 g",,false,,,,,,,
KgJm-0026:000009,44671,758666,,weight,false,,,,,,,,,1.1,g,,,,,,,,,,,0.0388,oz,,,"1,1 g",,false,,,,,,,
KgJm-0030:000001,44672,758667,,weight,false,,,,,,,,,82.9,g,,,,,,,,,,,2.92423,oz,,,"82,9 g",,false,,,,,,,
KgJm-0030:000002,44673,758668,,weight,false,,,,,,,,,5.4,g,,,,,,,,,,,0.19048,oz,,,"5,4 g",,false,,,,,,,
KgJm-0030:000003,44674,758670,,weight,false,,,,,,,,,23.3,g,,,,,,,,,,,0.82189,oz,,,"23,3 g",,false,,,,,,,
KgJm-0035:000001,44675,758671,,weight,false,,,,,,,,,58.5,g,,,,,,,,,,,2.06354,oz,,,"58,5 g",,false,,,,,,,
KgJm-0035:000003,44676,758679,,weight,false,,,,,,,,,99.7,g,,,,,,,,,,,3.51683,oz,,,"99,7 g",,false,,,,,,,
KgJm-0035:000002,44677,758672,,weight,false,,,,,,,,,32.0,g,,,,,,,,,,,1.12877,oz,,,32 g,,false,,,,,,,
KgJm-0035:000004,44678,758682,,weight,false,,,,,,,,,17.7,g,,,,,,,,,,,0.62435,oz,,,"17,7 g",,false,,,,,,,
KgJm-0035:000005,44679,758684,,weight,false,,,,,,,,,80.4,g,,,,,,,,,,,2.83604,oz,,,"80,4 g",,false,,,,,,,
KgJm-0035:000006,44680,758686,,weight,false,,,,,,,,,216.0,g,,,,,,,,,,,7.61922,oz,,,216 g,,false,,,,,,,
KgJm-0035:000007,44681,758687,,weight,false,,,,,,,,,1.8,g,,,,,,,,,,,0.06349,oz,,,"1,8 g",,false,,,,,,,
KgJm-0035:000008,44682,758688,,weight,false,,,,,,,,,98.0,g,,,,,,,,,,,3.45687,oz,,,98 g,,false,,,,,,,
KgJm-0035:000008,44683,758688,Length x Width x Thickness,,false,155.0,mm,85.0,mm,5.0,mm,,,,,,,"6,10236",in,"3,34646",in,",19685",in,,,,,,,Length x Width x Thickness: 155 mm x 85 mm x 5 mm,,false,,,,,,,
KgJm-0035:000008,44684,758688,Length x Width x Thickness,,false,285.0,mm,75.0,mm,5.0,mm,,,,,,,"11,22047",in,"2,95276",in,",19685",in,,,,,,,Length x Width x Thickness: 285 mm x 75 mm x 5 mm,,false,,,,,,,
KgJm-0048:000001,44685,758689,,weight,false,,,,,,,,,208.9,g,,,,,,,,,,,7.36877,oz,,,"208,9 g",,false,,,,,,,
KgJm-0048:000002,44686,758694,,weight,false,,,,,,,,,32.7,g,,,,,,,,,,,1.15346,oz,,,"32,7 g",,false,,,,,,,
KgJm-0048:000003,44687,758697,,weight,false,,,,,,,,,10.5,g,,,,,,,,,,,0.37038,oz,,,"10,5 g",,false,,,,,,,
KgJm-0048:000004,44688,758736,,weight,false,,,,,,,,,17.8,g,,,,,,,,,,,0.62788,oz,,,"17,8 g",,false,,,,,,,
KgJm-0048:000005,44689,758739,,weight,false,,,,,,,,,31.9,g,,,,,,,,,,,1.12525,oz,,,"31,9 g",,false,,,,,,,
KgJm-0048:000006,44690,758742,,weight,false,,,,,,,,,13.9,g,,,,,,,,,,,0.49031,oz,,,"13,9 g",,false,,,,,,,
KgJm-0048:000007,44691,758744,,weight,false,,,,,,,,,13.9,g,,,,,,,,,,,0.49031,oz,,,"13,9 g",,false,,,,,,,
KgJm-0048:000008,44692,758749,,weight,false,,,,,,,,,15.2,g,,,,,,,,,,,0.53617,oz,,,"15,2 g",,false,,,,,,,
KgJm-0048:000009,44693,758753,,weight,false,,,,,,,,,34.9,g,,,,,,,,,,,1.23107,oz,,,"34,9 g",,false,,,,,,,
KgJm-0048:000010,44694,758763,,weight,false,,,,,,,,,11.9,g,,,,,,,,,,,0.41976,oz,,,"11,9 g",,false,,,,,,,
KgJm-0048:000011,44695,758764,,weight,false,,,,,,,,,22.2,g,,,,,,,,,,,0.78309,oz,,,"22,2 g",,false,,,,,,,
KgJm-0048:000012,44696,758766,,weight,false,,,,,,,,,42.8,g,,,,,,,,,,,1.50973,oz,,,"42,8 g",,false,,,,,,,
KgJm-0048:000013,44697,758769,,weight,false,,,,,,,,,1.2,g,,,,,,,,,,,0.04233,oz,,,"1,2 g",,false,,,,,,,
KgJm-0048:000014,44698,758770,,weight,false,,,,,,,,,111.4,g,,,,,,,,,,,3.92954,oz,,,"111,4 g",,false,,,,,,,
KgJm-0048:000015,44699,758938,,weight,false,,,,,,,,,12.6,g,,,,,,,,,,,0.44445,oz,,,"12,6 g",,false,,,,,,,
KgJm-0048:000016,44700,758940,,weight,false,,,,,,,,,32.2,g,,,,,,,,,,,1.13583,oz,,,"32,2 g",,false,,,,,,,
KgJm-0048:000017,44701,758943,,weight,false,,,,,,,,,5.6,g,,,,,,,,,,,0.19754,oz,,,"5,6 g",,false,,,,,,,
KgJm-0048:000018,44702,758946,,weight,false,,,,,,,,,1.7,g,,,,,,,,,,,0.05997,oz,,,"1,7 g",,false,,,,,,,
KgJm-0048:000019,44703,758949,,weight,false,,,,,,,,,61.8,g,,,,,,,,,,,2.17994,oz,,,"61,8 g",,false,,,,,,,
KgJm-0048:000020,44704,758951,,weight,false,,,,,,,,,36.5,g,,,,,,,,,,,1.28751,oz,,,"36,5 g",,false,,,,,,,
KgJm-0048:000021,44705,758954,,weight,false,,,,,,,,,10.3,g,,,,,,,,,,,0.36332,oz,,,"10,3 g",,false,,,,,,,
KgJm-0048:000022,44706,758958,,weight,false,,,,,,,,,11.8,g,,,,,,,,,,,0.41623,oz,,,"11,8 g",,false,,,,,,,
KgJm-0048:000023,44707,758959,,weight,false,,,,,,,,,11.6,g,,,,,,,,,,,0.40918,oz,,,"11,6 g",,false,,,,,,,
KgJm-0048:000024,44708,758966,,weight,false,,,,,,,,,285.2,g,,,,,,,,,,,10.06019,oz,,,"285,2 g",,false,,,,,,,
KgJm-0048:000025,44709,758970,,weight,false,,,,,,,,,184.0,g,,,,,,,,,,,6.49044,oz,,,184 g,,false,,,,,,,
KgJm-0048:000026,44710,758974,,weight,false,,,,,,,,,19.7,g,,,,,,,,,,,0.6949,oz,,,"19,7 g",,false,,,,,,,
KgJm-0048:000027,44711,758975,,weight,false,,,,,,,,,20.4,g,,,,,,,,,,,0.71959,oz,,,"20,4 g",,false,,,,,,,
KgJm-0048:000028,44712,758976,,weight,false,,,,,,,,,20.5,g,,,,,,,,,,,0.72312,oz,,,"20,5 g",,false,,,,,,,
KgJm-0048:000029,44713,758977,,weight,false,,,,,,,,,37.9,g,,,,,,,,,,,1.33689,oz,,,"37,9 g",,false,,,,,,,
KgJm-0048:000030,44714,758978,,weight,false,,,,,,,,,7.7,g,,,,,,,,,,,0.27161,oz,,,"7,7 g",,false,,,,,,,
KgJm-0048:000031,44715,758979,,weight,false,,,,,,,,,12.8,g,,,,,,,,,,,0.45151,oz,,,"12,8 g",,false,,,,,,,
KgJm-0048:000032,44716,758980,,weight,false,,,,,,,,,6.5,g,,,,,,,,,,,0.22928,oz,,,"6,5 g",,false,,,,,,,
KgJm-0048:000033,44717,758982,,weight,false,,,,,,,,,18.3,g,,,,,,,,,,,0.64552,oz,,,"18,3 g",,false,,,,,,,
KgJm-0048:000034,44718,758984,,weight,false,,,,,,,,,1.0,g,,,,,,,,,,,0.03527,oz,,,1 g,,false,,,,,,,
KgJm-0048:000035,44719,758989,,weight,false,,,,,,,,,10.0,g,,,,,,,,,,,0.35274,oz,,,10 g,,false,,,,,,,
KgJm-0056:000001,44720,758990,Length x Width x Weight,,false,470.0,mm,37.0,mm,,,,,252.0,g,,,"18,50394",in,"1,45669",in,,,,,8.88908,oz,,,Length x Width x Weight: 470 mm x 37 mm x 252 g,,false,,,,,,,
LcLh-0011:000001,44722,759065,,weight,false,,,,,,,,,61.6,g,,,,,,,,,,,2.17289,oz,,,"61,6 g",,false,,,,,,,
LcLh-0011:000002,44723,759066,,weight,false,,,,,,,,,40.1,g,,,,,,,,,,,1.41449,oz,,,"40,1 g",,false,,,,,,,
LcLh-0011:000003,44724,759067,,weight,false,,,,,,,,,53.1,g,,,,,,,,,,,1.87306,oz,,,"53,1 g",,false,,,,,,,
LcLh-0011:000004,44725,759069,,weight,false,,,,,,,,,99.8,g,,,,,,,,,,,3.52036,oz,,,"99,8 g",,false,,,,,,,
LcLh-0011:000005,44726,759445,,weight,false,,,,,,,,,43.3,g,,,,,,,,,,,1.52737,oz,,,"43,3 g",,false,,,,,,,
LcLh-0011:000006,44727,759451,,weight,false,,,,,,,,,12.2,g,,,,,,,,,,,0.43034,oz,,,"12,2 g",,false,,,,,,,
LcLh-0011:000007,44728,759456,,weight,false,,,,,,,,,17.8,g,,,,,,,,,,,0.62788,oz,,,"17,8 g",,false,,,,,,,
LcLh-0011:000008,44729,759457,,weight,false,,,,,,,,,30.1,g,,,,,,,,,,,1.06175,oz,,,"30,1 g",,false,,,,,,,
LcLh-0011:000009,44730,759458,,weight,false,,,,,,,,,44.3,g,,,,,,,,,,,1.56264,oz,,,"44,3 g",,false,,,,,,,
LcLh-0011:000010,44731,760442,,weight,false,,,,,,,,,17.3,g,,,,,,,,,,,0.61024,oz,,,"17,3 g",,false,,,,,,,
LcLh-0011:000011,44732,760443,,weight,false,,,,,,,,,2.3,g,,,,,,,,,,,0.08113,oz,,,"2,3 g",,false,,,,,,,
LcLh-0011:000012,44733,760444,,weight,false,,,,,,,,,25.6,g,,,,,,,,,,,0.90302,oz,,,"25,6 g",,false,,,,,,,
LcLh-0011:000013,44734,760445,,weight,false,,,,,,,,,27.9,g,,,,,,,,,,,0.98415,oz,,,"27,9 g",,false,,,,,,,
LcLh-0011:000014,44735,760446,,weight,false,,,,,,,,,25.5,g,,,,,,,,,,,0.89949,oz,,,"25,5 g",,false,,,,,,,
LcLh-0011:000015,44736,760449,,weight,false,,,,,,,,,48.3,,,,,,,,,,,,,,,,"48,3",,false,,,,,,,
LcLh-0011:000016,44737,760451,,weight,false,,,,,,,,,0.8,g,,,,,,,,,,,0.02822,oz,,,",8 g",,false,,,,,,,
LcLh-0011:000017,44738,760452,,weight,false,,,,,,,,,19.6,g,,,,,,,,,,,0.69137,oz,,,"19,6 g",,false,,,,,,,
LcLh-0011:000018,44739,760453,,weight,false,,,,,,,,,5.9,,,,,,,,,,,,,,,,"5,9",,false,,,,,,,
LcLh-0011:000019,44740,760454,,weight,false,,,,,,,,,38.2,g,,,,,,,,,,,1.34747,oz,,,"38,2 g",,false,,,,,,,
LcLh-0011:000020,44741,760455,,weight,false,,,,,,,,,2.2,g,,,,,,,,,,,0.0776,oz,,,"2,2 g",,false,,,,,,,
LcLh-0011:000021,44742,760456,,weight,false,,,,,,,,,0.7,g,,,,,,,,,,,0.02469,oz,,,",7 g",,false,,,,,,,
LcLh-0011:000022,44743,760475,,weight,false,,,,,,,,,5.6,g,,,,,,,,,,,0.19754,oz,,,"5,6 g",,false,,,,,,,
LcLh-0011:000023,44744,760476,,weight,false,,,,,,,,,0.1,g,,,,,,,,,,,0.00353,oz,,,",1 g",,false,,,,,,,
LcLh-0011:000024,44745,760477,,weight,false,,,,,,,,,363.1,g,,,,,,,,,,,12.80804,oz,,,"363,1 g",,false,,,,,,,
LcLh-0011:000025,44746,761425,,weight,false,,,,,,,,,62.6,g,,,,,,,,,,,2.20816,oz,,,"62,6 g",,false,,,,,,,
LcLh-0011:000026,44747,761426,,weight,false,,,,,,,,,11.0,g,,,,,,,,,,,0.38802,oz,,,11 g,,false,,,,,,,
LcLh-0011:000027,44748,761427,,weight,false,,,,,,,,,72.2,g,,,,,,,,,,,2.54679,oz,,,"72,2 g",,false,,,,,,,
LcLh-0011:000028,44749,761428,,weight,false,,,,,,,,,76.4,g,,,,,,,,,,,2.69494,oz,,,"76,4 g",,false,,,,,,,
LcLh-0011:000029,44750,761429,,weight,false,,,,,,,,,112.4,g,,,,,,,,,,,3.96481,oz,,,"112,4 g",,false,,,,,,,
LcLh-0011:000030,44751,761430,,weight,false,,,,,,,,,46.4,g,,,,,,,,,,,1.63672,oz,,,"46,4 g",,false,,,,,,,
LcLh-0011:000031,44752,761463,,weight,false,,,,,,,,,24.5,g,,,,,,,,,,,0.86422,oz,,,"24,5 g",,false,,,,,,,
LcLh-0011:000032,44753,761465,,weight,false,,,,,,,,,10.1,g,,,,,,,,,,,0.35627,oz,,,"10,1 g",,false,,,,,,,
LcLh-0011:000033,44754,761466,,weight,false,,,,,,,,,27.0,g,,,,,,,,,,,0.9524,oz,,,27 g,,false,,,,,,,
LcLh-0011:000034,44755,761468,,weight,false,,,,,,,,,44.5,g,,,,,,,,,,,1.5697,oz,,,"44,5 g",,false,,,,,,,
LcLh-0011:000035,44756,761469,,weight,false,,,,,,,,,9.9,g,,,,,,,,,,,0.34921,oz,,,"9,9 g",,false,,,,,,,
LcLh-0011:000036,44757,761470,,weight,false,,,,,,,,,9.0,g,,,,,,,,,,,0.31747,oz,,,9 g,,false,,,,,,,
LcLh-0011:000037,44758,761757,,weight,false,,,,,,,,,5.5,g,,,,,,,,,,,0.19401,oz,,,"5,5 g",,false,,,,,,,
LcLh-0011:000038,44759,761758,,weight,false,,,,,,,,,20.3,g,,,,,,,,,,,0.71607,oz,,,"20,3 g",,false,,,,,,,
LcLh-0011:000039,44760,761759,,weight,false,,,,,,,,,21.0,g,,,,,,,,,,,0.74076,oz,,,21 g,,false,,,,,,,
LcLh-0011:000040,44761,761760,,weight,false,,,,,,,,,10.8,g,,,,,,,,,,,0.38096,oz,,,"10,8 g",,false,,,,,,,
LcLh-0011:000041,44762,761776,,weight,false,,,,,,,,,57.2,g,,,,,,,,,,,2.01768,oz,,,"57,2 g",,false,,,,,,,
LcLh-0011:000042,44763,761777,,weight,false,,,,,,,,,0.6,g,,,,,,,,,,,0.02116,oz,,,",6 g",,false,,,,,,,
LcLh-0011:000043,44764,761778,,weight,false,,,,,,,,,9.1,g,,,,,,,,,,,0.32099,oz,,,"9,1 g",,false,,,,,,,
LcLh-0011:000044,44765,761779,,weight,false,,,,,,,,,3.2,g,,,,,,,,,,,0.11288,oz,,,"3,2 g",,false,,,,,,,
LcLh-0011:000045,44766,761780,,weight,false,,,,,,,,,39.2,g,,,,,,,,,,,1.38275,oz,,,"39,2 g",,false,,,,,,,
LcLh-0011:000046,44767,761781,,weight,false,,,,,,,,,0.8,g,,,,,,,,,,,0.02822,oz,,,",8 g",,false,,,,,,,
LcLh-0011:000047,44768,761782,,weight,false,,,,,,,,,1.3,g,,,,,,,,,,,0.04586,oz,,,"1,3 g",,false,,,,,,,
LcLh-0011:000048,44769,761783,,weight,false,,,,,,,,,7.7,g,,,,,,,,,,,0.27161,oz,,,"7,7 g",,false,,,,,,,
LcLh-0011:000049,44770,761784,,weight,false,,,,,,,,,0.3,g,,,,,,,,,,,0.01058,oz,,,",3 g",,false,,,,,,,
LcLh-0011:000050,44771,761785,,weight,false,,,,,,,,,302.7,g,,,,,,,,,,,10.67748,oz,,,"302,7 g",,false,,,,,,,
LcLh-0011:000051,44772,761786,Width x Length x Thickness x Weight,,false,28.59,mm,53.12,mm,9.88,mm,,,14.8,g,,,"1,12559",in,"2,09134",in,",38898",in,,,0.52206,oz,,,Width x Length x Thickness x Weight: 28.59 mm x 53.12 mm x 9.88 mm x 14.8 g,,false,,,,,,,
LcLh-0011:000052,44773,761787,,weight,false,,,,,,,,,57.7,g,,,,,,,,,,,2.03532,oz,,,"57,7 g",,false,,,,,,,
LcLh-0011:000053,44774,761788,,weight,false,,,,,,,,,15.8,g,,,,,,,,,,,0.55733,oz,,,"15,8 g",,false,,,,,,,
LcLh-0011:000054,44775,761789,,weight,false,,,,,,,,,87.9,g,,,,,,,,,,,3.1006,oz,,,"87,9 g",,false,,,,,,,
LcLh-0011:000056,44776,761790,,weight,false,,,,,,,,,45.3,g,,,,,,,,,,,1.59792,oz,,,"45,3 g",,false,,,,,,,
LcLh-0011:000057,44777,761792,,weight,false,,,,,,,,,5.6,g,,,,,,,,,,,0.19754,oz,,,"5,6 g",,false,,,,,,,
LcLh-0011:000058,44778,761793,,weight,false,,,,,,,,,14.2,g,,,,,,,,,,,0.50089,oz,,,"14,2 g",,false,,,,,,,
LcLh-0011:000059,44779,761794,,weight,false,,,,,,,,,4.1,g,,,,,,,,,,,0.14462,oz,,,"4,1 g",,false,,,,,,,
LcLh-0011:000060,44780,761795,,weight,false,,,,,,,,,10.3,g,,,,,,,,,,,0.36332,oz,,,"10,3 g",,false,,,,,,,
LcLh-0011:000062,44781,761969,,weight,false,,,,,,,,,1.0,g,,,,,,,,,,,0.03527,oz,,,1 g,,false,,,,,,,
LcLh-0011:000063,44782,761972,,weight,false,,,,,,,,,4.2,g,,,,,,,,,,,0.14815,oz,,,"4,2 g",,false,,,,,,,
LcLh-0011:000064,44783,761973,,weight,false,,,,,,,,,15.4,g,,,,,,,,,,,0.54322,oz,,,"15,4 g",,false,,,,,,,
LcLh-0011:000065,44784,761974,,weight,false,,,,,,,,,1.2,g,,,,,,,,,,,0.04233,oz,,,"1,2 g",,false,,,,,,,
LcLh-0011:000066,44785,761975,,weight,false,,,,,,,,,0.01,g,,,,,,,,,,,0.00035,oz,,,",01 g",,false,,,,,,,
LcLh-0011:000067,44786,761976,,weight,false,,,,,,,,,219.1,g,,,,,,,,,,,7.72857,oz,,,"219,1 g",,false,,,,,,,
LcLh-0011:000068,44787,761977,,weight,false,,,,,,,,,57.6,g,,,,,,,,,,,2.03179,oz,,,"57,6 g",,false,,,,,,,
LcLh-0011:000069,44788,761979,,weight,false,,,,,,,,,51.3,g,,,,,,,,,,,1.80956,oz,,,"51,3 g",,false,,,,,,,
LcLh-0011:000070,44789,761980,,weight,false,,,,,,,,,62.5,g,,,,,,,,,,,2.20463,oz,,,"62,5 g",,false,,,,,,,
LcLh-0011:000061,44790,762021,,weight,false,,,,,,,,,1.0,g,,,,,,,,,,,0.03527,oz,,,1 g,,false,,,,,,,
LcLh-0011:000071,44791,762022,,weight,false,,,,,,,,,44.7,g,,,,,,,,,,,1.57675,oz,,,"44,7 g",,false,,,,,,,
LcLh-0011:000072,44792,762023,Width x Length x Thickness x Weight,,false,21.0,mm,64.68,mm,8.82,mm,,,12.1,g,,,",82677",in,"2,54646",in,",34724",in,,,0.42682,oz,,,Width x Length x Thickness x Weight: 21 mm x 64.68 mm x 8.82 mm x 12.1 g,,false,,,,,,,
LcLh-0011:000073,44793,762077,,weight,false,,,,,,,,,20.0,g,,,,,,,,,,,0.70548,oz,,,20 g,,false,,,,,,,
LcLh-0011:000074,44794,762078,,weight,false,,,,,,,,,26.5,g,,,,,,,,,,,0.93476,oz,,,"26,5 g",,false,,,,,,,
LcLh-0011:000075,44795,762079,,weight,false,,,,,,,,,45.1,,,,,,,,,,,,,,,,"45,1",,false,,,,,,,
LcLh-0011:000076,44796,762080,,weight,false,,,,,,,,,17.9,g,,,,,,,,,,,0.63141,oz,,,"17,9 g",,false,,,,,,,
LcLh-0011:000077,44797,762081,,weight,false,,,,,,,,,9.9,g,,,,,,,,,,,0.34921,oz,,,"9,9 g",,false,,,,,,,
LcLh-0011:000078,44798,762082,,weight,false,,,,,,,,,39.9,g,,,,,,,,,,,1.40744,oz,,,"39,9 g",,false,,,,,,,
LcLh-0011:000079,44799,762083,,weight,false,,,,,,,,,8.6,g,,,,,,,,,,,0.30336,oz,,,"8,6 g",,false,,,,,,,
LcLh-0011:000080,44800,762085,,weight,false,,,,,,,,,10.0,g,,,,,,,,,,,0.35274,oz,,,10 g,,false,,,,,,,
LcLh-0011:000081,44801,762087,,weight,false,,,,,,,,,10.3,g,,,,,,,,,,,0.36332,oz,,,"10,3 g",,false,,,,,,,
LcLh-0011:000082,44802,762088,,weight,false,,,,,,,,,46.3,g,,,,,,,,,,,1.63319,oz,,,"46,3 g",,false,,,,,,,
LcLh-0011:000083,44803,762089,,weight,false,,,,,,,,,7.4,g,,,,,,,,,,,0.26103,oz,,,"7,4 g",,false,,,,,,,
LcLh-0011:000084,44804,762090,,weight,false,,,,,,,,,11.4,g,,,,,,,,,,,0.40213,oz,,,"11,4 g",,false,,,,,,,
LcLh-0011:000085,44805,762092,,weight,false,,,,,,,,,0.5,g,,,,,,,,,,,0.01764,oz,,,",5 g",,false,,,,,,,
LcLh-0011:000086,44806,762094,,weight,false,,,,,,,,,0.01,g,,,,,,,,,,,0.00035,oz,,,",01 g",,false,,,,,,,
LcLh-0011:000087,44807,762095,,weight,false,,,,,,,,,59.8,g,,,,,,,,,,,2.10939,oz,,,"59,8 g",,false,,,,,,,
LcLh-0011:000088,44808,762098,,weight,false,,,,,,,,,22.1,g,,,,,,,,,,,0.77956,oz,,,"22,1 g",,false,,,,,,,
LcLh-0011:000089,44809,762103,,weight,false,,,,,,,,,20.8,g,,,,,,,,,,,0.7337,oz,,,"20,8 g",,false,,,,,,,
LcLh-0011:000090,44810,762105,,weight,false,,,,,,,,,16.6,g,,,,,,,,,,,0.58555,oz,,,"16,6 g",,false,,,,,,,
LcLh-0011:000091,44811,762107,,weight,false,,,,,,,,,6.2,g,,,,,,,,,,,0.2187,oz,,,"6,2 g",,false,,,,,,,
LcLh-0011:000092,44812,762110,,weight,false,,,,,,,,,34.2,g,,,,,,,,,,,1.20638,oz,,,"34,2 g",,false,,,,,,,
LcLh-0011:000093,44813,762111,,weight,false,,,,,,,,,11.3,g,,,,,,,,,,,0.3986,oz,,,"11,3 g",,false,,,,,,,
LcLh-0011:000094,44814,762113,,weight,false,,,,,,,,,1.8,g,,,,,,,,,,,0.06349,oz,,,"1,8 g",,false,,,,,,,
LcLh-0011:000095,44815,762114,,weight,false,,,,,,,,,4.7,g,,,,,,,,,,,0.16579,oz,,,"4,7 g",,false,,,,,,,
LcLh-0011:000096,44816,762115,,weight,false,,,,,,,,,12.6,g,,,,,,,,,,,0.44445,oz,,,"12,6 g",,false,,,,,,,
LcLh-0011:000097,44817,762116,,weight,false,,,,,,,,,16.0,g,,,,,,,,,,,0.56439,oz,,,16 g,,false,,,,,,,
LcLh-0011:000098,44818,762117,,weight,false,,,,,,,,,4.2,g,,,,,,,,,,,0.14815,oz,,,"4,2 g",,false,,,,,,,
LcLh-0011:000099,44819,762118,,weight,false,,,,,,,,,156.1,g,,,,,,,,,,,5.50629,oz,,,"156,1 g",,false,,,,,,,
LcLh-0011:000100,44820,762119,,weight,false,,,,,,,,,30.7,g,,,,,,,,,,,1.08292,oz,,,"30,7 g",,false,,,,,,,
LcLh-0011:000101,44821,762120,,weight,false,,,,,,,,,15.5,g,,,,,,,,,,,0.54675,oz,,,"15,5 g",,false,,,,,,,
LcLh-0011:000102,44822,762250,,weight,false,,,,,,,,,13.1,g,,,,,,,,,,,0.46209,oz,,,"13,1 g",,false,,,,,,,
LcLh-0011:000103,44823,762282,,weight,false,,,,,,,,,8.5,g,,,,,,,,,,,0.29983,oz,,,"8,5 g",,false,,,,,,,
LcLh-0011:000104,44824,762284,,weight,false,,,,,,,,,4.4,g,,,,,,,,,,,0.15521,oz,,,"4,4 g",,false,,,,,,,
LcLh-0011:000105,44825,762377,,weight,false,,,,,,,,,0.7,g,,,,,,,,,,,0.02469,oz,,,",7 g",,false,,,,,,,
LcLh-0011:000106,44826,762378,,weight,false,,,,,,,,,385.9,g,,,,,,,,,,,13.61229,oz,,,"385,9 g",,false,,,,,,,
LcLh-0011:000107,44827,762379,,weight,false,,,,,,,,,98.0,g,,,,,,,,,,,3.45687,oz,,,98 g,,false,,,,,,,
LcLh-0011:000108,44828,762380,,weight,false,,,,,,,,,27.2,g,,,,,,,,,,,0.95946,oz,,,"27,2 g",,false,,,,,,,
LcLh-0011:000109,44829,762381,,weight,false,,,,,,,,,27.3,g,,,,,,,,,,,0.96298,oz,,,"27,3 g",,false,,,,,,,
LcLh-0011:000110,44830,762626,,weight,false,,,,,,,,,12.6,g,,,,,,,,,,,0.44445,oz,,,"12,6 g",,false,,,,,,,
LcLh-0011:000111,44831,762627,,weight,false,,,,,,,,,2.2,g,,,,,,,,,,,0.0776,oz,,,"2,2 g",,false,,,,,,,
LcLh-0011:000112,44832,762629,,weight,false,,,,,,,,,1.3,g,,,,,,,,,,,0.04586,oz,,,"1,3 g",,false,,,,,,,
LcLh-0011:000113,44833,762633,,weight,false,,,,,,,,,4.6,g,,,,,,,,,,,0.16226,oz,,,"4,6 g",,false,,,,,,,
LcLh-0011:000114,44834,762647,,weight,false,,,,,,,,,0.3,g,,,,,,,,,,,0.01058,oz,,,",3 g",,false,,,,,,,
LcLh-0011:000115,44835,762648,,weight,false,,,,,,,,,0.01,g,,,,,,,,,,,0.00035,oz,,,",01 g",,false,,,,,,,
LcLh-0011:000116,44836,762676,,weight,false,,,,,,,,,12.6,g,,,,,,,,,,,0.44445,oz,,,"12,6 g",,false,,,,,,,
LcLh-0011:000117,44837,762677,,weight,false,,,,,,,,,10.4,g,,,,,,,,,,,0.36685,oz,,,"10,4 g",,false,,,,,,,
LcLh-0011:000118,44838,762678,,weight,false,,,,,,,,,6.2,g,,,,,,,,,,,0.2187,oz,,,"6,2 g",,false,,,,,,,
LcLh-0011:000119,44839,762683,,weight,false,,,,,,,,,12.8,g,,,,,,,,,,,0.45151,oz,,,"12,8 g",,false,,,,,,,
LcLh-0011:000120,44840,762684,,weight,false,,,,,,,,,6.8,g,,,,,,,,,,,0.23986,oz,,,"6,8 g",,false,,,,,,,
LcLh-0011:000121,44841,762685,,weight,false,,,,,,,,,0.7,g,,,,,,,,,,,0.02469,oz,,,",7 g",,false,,,,,,,
LcLh-0011:000122,44842,762686,,weight,false,,,,,,,,,1.8,g,,,,,,,,,,,0.06349,oz,,,"1,8 g",,false,,,,,,,
LcLh-0011:000123,44843,762687,,weight,false,,,,,,,,,0.2,g,,,,,,,,,,,0.00705,oz,,,",2 g",,false,,,,,,,
LcLh-0011:000124,44844,762809,,weight,false,,,,,,,,,9.6,g,,,,,,,,,,,0.33863,oz,,,"9,6 g",,false,,,,,,,
LcLh-0011:000125,44845,762810,,weight,false,,,,,,,,,0.4,g,,,,,,,,,,,0.01411,oz,,,",4 g",,false,,,,,,,
LcLh-0011:000126,44846,762811,,weight,false,,,,,,,,,1.3,g,,,,,,,,,,,0.04586,oz,,,"1,3 g",,false,,,,,,,
LcLh-0011:000127,44847,762812,,weight,false,,,,,,,,,19.0,g,,,,,,,,,,,0.67021,oz,,,19 g,,false,,,,,,,
LcLh-0011:000128,44848,762813,,weight,false,,,,,,,,,7.4,g,,,,,,,,,,,0.26103,oz,,,"7,4 g",,false,,,,,,,
LcLh-0011:000129,44849,762838,,weight,false,,,,,,,,,12.4,g,,,,,,,,,,,0.4374,oz,,,"12,4 g",,false,,,,,,,
LcLh-0011:000130,44850,762898,,weight,false,,,,,,,,,2.0,g,,,,,,,,,,,0.07055,oz,,,2 g,,false,,,,,,,
LcLh-0011:000131,44851,762899,,weight,false,,,,,,,,,1.8,g,,,,,,,,,,,0.06349,oz,,,"1,8 g",,false,,,,,,,
LcLh-0011:000132,44852,762900,,weight,false,,,,,,,,,14.7,g,,,,,,,,,,,0.51853,oz,,,"14,7 g",,false,,,,,,,
LcLh-0011:000133,44853,762901,,weight,false,,,,,,,,,1.4,g,,,,,,,,,,,0.04938,oz,,,"1,4 g",,false,,,,,,,
LcLh-0011:000134,44854,762902,,weight,false,,,,,,,,,3.2,g,,,,,,,,,,,0.11288,oz,,,"3,2 g",,false,,,,,,,
LcLh-0011:000135,44855,762903,,weight,false,,,,,,,,,48.1,,,,,,,,,,,,,,,,"48,1",,false,,,,,,,
LcLh-0011:000136,44856,762904,,weight,false,,,,,,,,,24.1,g,,,,,,,,,,,0.85011,oz,,,"24,1 g",,false,,,,,,,
LcLh-0011:000137,44857,762905,,weight,false,,,,,,,,,6.7,g,,,,,,,,,,,0.23634,oz,,,"6,7 g",,false,,,,,,,
LcLh-0011:000138,44858,762906,,weight,false,,,,,,,,,21.5,g,,,,,,,,,,,0.75839,oz,,,"21,5 g",,false,,,,,,,
LcLh-0011:000139,44859,762909,,weight,false,,,,,,,,,19.1,g,,,,,,,,,,,0.67374,oz,,,"19,1 g",,false,,,,,,,
LcLh-0011:000140,44860,762910,,weight,false,,,,,,,,,6.8,g,,,,,,,,,,,0.23986,oz,,,"6,8 g",,false,,,,,,,
LcLh-0011:000141,44861,762914,,weight,false,,,,,,,,,40.6,g,,,,,,,,,,,1.43213,oz,,,"40,6 g",,false,,,,,,,
LcLh-0011:000142,44862,762920,,weight,false,,,,,,,,,1.4,g,,,,,,,,,,,0.04938,oz,,,"1,4 g",,false,,,,,,,
LcLh-0011:000143,44863,762921,,weight,false,,,,,,,,,6.9,g,,,,,,,,,,,0.24339,oz,,,"6,9 g",,false,,,,,,,
LcLh-0011:000144,44864,762922,,weight,false,,,,,,,,,0.8,g,,,,,,,,,,,0.02822,oz,,,",8 g",,false,,,,,,,
LcLh-0011:000145,44865,763234,,weight,false,,,,,,,,,27.7,g,,,,,,,,,,,0.97709,oz,,,"27,7 g",,false,,,,,,,
LcLh-0011:000146,44866,763235,,weight,false,,,,,,,,,2.1,g,,,,,,,,,,,0.07408,oz,,,"2,1 g",,false,,,,,,,
LcLh-0011:000147,44867,763236,,weight,false,,,,,,,,,9.2,g,,,,,,,,,,,0.32452,oz,,,"9,2 g",,false,,,,,,,
LcLh-0011:000148,44868,763237,,weight,false,,,,,,,,,393.9,g,,,,,,,,,,,13.89449,oz,,,"393,9 g",,false,,,,,,,
LcLh-0011:000149,44869,763238,,weight,false,,,,,,,,,80.4,g,,,,,,,,,,,2.83604,oz,,,"80,4 g",,false,,,,,,,
LcLh-0011:000150,44870,763239,,weight,false,,,,,,,,,42.7,g,,,,,,,,,,,1.50621,oz,,,"42,7 g",,false,,,,,,,
LcLh-0011:000151,44871,763240,,weight,false,,,,,,,,,36.9,g,,,,,,,,,,,1.30162,oz,,,"36,9 g",,false,,,,,,,
LcLh-0011:000152,44872,763241,,weight,false,,,,,,,,,61.6,g,,,,,,,,,,,2.17289,oz,,,"61,6 g",,false,,,,,,,
LcLh-0011:000153,44873,763242,,weight,false,,,,,,,,,10.5,g,,,,,,,,,,,0.37038,oz,,,"10,5 g",,false,,,,,,,
LcLh-0011:000154,44874,763243,,weight,false,,,,,,,,,36.5,g,,,,,,,,,,,1.28751,oz,,,"36,5 g",,false,,,,,,,
LcLh-0011:000155,44875,763244,,weight,false,,,,,,,,,33.6,g,,,,,,,,,,,1.18521,oz,,,"33,6 g",,false,,,,,,,
LcLh-0011:000156,44876,763245,,weight,false,,,,,,,,,50.0,g,,,,,,,,,,,1.76371,oz,,,50 g,,false,,,,,,,
LcLh-0011:000157,44884,763317,,weight,false,,,,,,,,,10.2,g,,,,,,,,,,,0.3598,oz,,,"10,2 g",,false,,,,,,,
LcLh-0011:000158,44885,763318,,weight,false,,,,,,,,,12.0,g,,,,,,,,,,,0.42329,oz,,,12 g,,false,,,,,,,
LcLh-0011:000159,44886,763319,,weight,false,,,,,,,,,31.0,g,,,,,,,,,,,1.0935,oz,,,31 g,,false,,,,,,,
LcLh-0011:000160,44887,763320,,weight,false,,,,,,,,,32.8,g,,,,,,,,,,,1.15699,oz,,,"32,8 g",,false,,,,,,,
LcLh-0011:000161,44888,763321,,weight,false,,,,,,,,,5.3,g,,,,,,,,,,,0.18695,oz,,,"5,3 g",,false,,,,,,,
LcLh-0011:000162,44889,763322,,weight,false,,,,,,,,,21.5,g,,,,,,,,,,,0.75839,oz,,,"21,5 g",,false,,,,,,,
LcLh-0011:000163,44890,763323,,weight,false,,,,,,,,,39.7,g,,,,,,,,,,,1.40038,oz,,,"39,7 g",,false,,,,,,,
LcLh-0011:000164,44891,763324,,weight,false,,,,,,,,,0.4,g,,,,,,,,,,,0.01411,oz,,,",4 g",,false,,,,,,,
LcLh-0011:000165,44892,763325,,weight,false,,,,,,,,,2.1,g,,,,,,,,,,,0.07408,oz,,,"2,1 g",,false,,,,,,,
LcLh-0011:000166,44893,763326,,weight,false,,,,,,,,,13.2,g,,,,,,,,,,,0.46562,oz,,,"13,2 g",,false,,,,,,,
LcLh-0011:000167,44894,763327,,weight,false,,,,,,,,,0.01,g,,,,,,,,,,,0.00035,oz,,,",01 g",,false,,,,,,,
LcLh-0011:000168,45133,763338,,weight,false,,,,,,,,,612.61,g,,,,,,,,,,,21.60929,oz,,,"612,61 g",,false,,,,,,,
LcLh-0011:000169,45146,763339,,weight,false,,,,,,,,,181.9,g,,,,,,,,,,,6.41637,oz,,,"181,9 g",,false,,,,,,,
LcLh-0011:000170,45147,763340,,weight,false,,,,,,,,,35.5,g,,,,,,,,,,,1.25223,oz,,,"35,5 g",,false,,,,,,,
LcLh-0011:000171,45871,763382,,weight,false,,,,,,,,,24.1,g,,,,,,,,,,,0.85011,oz,,,"24,1 g",,false,,,,,,,
LcLh-0011:000172,45872,763383,,weight,false,,,,,,,,,32.3,g,,,,,,,,,,,1.13935,oz,,,"32,3 g",,false,,,,,,,
LcLh-0011:000173,45873,763384,,weight,false,,,,,,,,,5.7,g,,,,,,,,,,,0.20106,oz,,,"5,7 g",,false,,,,,,,
LcLh-0011:000174,45874,763385,,weight,false,,,,,,,,,4.6,g,,,,,,,,,,,0.16226,oz,,,"4,6 g",,false,,,,,,,
LcLh-0011:000175,45875,763386,,weight,false,,,,,,,,,4.1,g,,,,,,,,,,,0.14462,oz,,,"4,1 g",,false,,,,,,,
LcLh-0011:000176,46207,763437,Weight,,false,,,,,,,,,30.1,g,,,,,,,,,,,1.06175,oz,,,Weight: 30.1 g,,false,,,,,,,
LcLh-0011:000177,46208,763438,Weight,,false,,,,,,,,,21.9,g,,,,,,,,,,,0.7725,oz,,,Weight: 21.9 g,,false,,,,,,,
LcLh-0011:000178,46209,763439,Weight,,false,,,,,,,,,4.2,g,,,,,,,,,,,0.14815,oz,,,Weight: 4.2 g,,false,,,,,,,
LcLh-0011:000179,46210,763440,Weight,,false,,,,,,,,,7.6,g,,,,,,,,,,,0.26808,oz,,,Weight: 7.6 g,,false,,,,,,,
LcLh-0011:000180,46211,763441,Weight,,false,,,,,,,,,29.3,g,,,,,,,,,,,1.03353,oz,,,Weight: 29.3 g,,false,,,,,,,
LcLh-0011:000181,46212,763442,Weight,,false,,,,,,,,,0.4,g,,,,,,,,,,,0.01411,oz,,,Weight: .4 g,,false,,,,,,,
