Bryophyte,CANM 160561
Parasite,CMNPA 1980-1876
Parasite,CMNPA 1980-1853
Parasite,CMNPA 1980-1844
Parasite,CMNPA 1984-8311
Parasite,CMNPA 1984-8306
Parasite,CMNPA 1984-8299
Parasite,CMNPA 1984-8296
Parasite,CMNPA 1984-8293
Parasite,CMNPA 1984-5887
Parasite,CMNPA 1984-5880
Parasite,CMNPA 1984-5871
Parasite,CMNPA 1984-5869
Parasite,CMNPA 1984-5860
Parasite,CMNPA 1984-5838
Parasite,CMNPA 1984-5895
Parasite,CMNPA 1984-5909
Parasite,CMNPA 1984-5906
Annelid,CMNA 1978-0330
Vascular Plant,CAN 41073
Mollusc,CMNML 002357
Mollusc,CMNML 002352
Mollusc,CMNML 066185
Mollusc,CMNML 039124
Mollusc,CMNML 065616
Annelid,CMNA 1978-0289
Parasite,CMNPA 1984-4807
Parasite,CMNPA 1984-4802
Parasite,CMNPA 1984-4799
Parasite,CMNPA 1984-4830
Parasite,CMNPA 1984-4825
Parasite,CMNPA 1984-4818
Parasite,CMNPA 1984-4810
Parasite,CMNPA 1984-4318
Parasite,CMNPA 1984-4317
Mollusc,CMNML 049070
Mollusc,CMNML 049071
Mollusc,CMNML 049062
Mollusc,CMNML 049063
Mollusc,CMNML 049078
Mollusc,CMNML 049064
Mollusc,CMNML 002942
Parasite,CMNPA 1984-5446
Parasite,CMNPA 1984-5418
Parasite,CMNPA 1984-5415
Parasite,CMNPA 1984-5456
Parasite,CMNPA 1984-5601
Parasite,CMNPA 1984-5600
Parasite,CMNPA 1984-5598
Parasite,CMNPA 1984-5593
Parasite,CMNPA 1984-5592
Parasite,CMNPA 1984-5583
Parasite,CMNPA 1984-5577
Parasite,CMNPA 1984-5566
Parasite,CMNPA 1984-5490
Parasite,CMNPA 1984-5486
Parasite,CMNPA 1984-5481
Parasite,CMNPA 1984-5480
Parasite,CMNPA 1984-5479
Parasite,CMNPA 1984-5477
Parasite,CMNPA 1984-5475
Parasite,CMNPA 1984-5445
Parasite,CMNPA 1984-5638
Parasite,CMNPA 1984-5635
Parasite,CMNPA 1984-5631
Parasite,CMNPA 1984-5625
Parasite,CMNPA 1984-5624
Parasite,CMNPA 1984-5616
Parasite,CMNPA 1984-5611
Parasite,CMNPA 1984-5743
Parasite,CMNPA 1984-5762
Parasite,CMNPA 1984-5756
Parasite,CMNPA 1984-5745
Parasite,CMNPA 1984-7888
Parasite,CMNPA 1984-5427
Parasite,CMNPA 1984-5426
Parasite,CMNPA 1984-5403
Parasite,CMNPA 1984-7630
Parasite,CMNPA 1984-7626
Parasite,CMNPA 1984-7641
Parasite,CMNPA 1984-7661
Parasite,CMNPA 1984-7668
Mollusc,CMNML 045955
Parasite,CMNPA 1998-0008
Mollusc,CMNML 007666
Mollusc,CMNML 031088
Mollusc,CMNML 007678
Mollusc,CMNML 002449
Mollusc,CMNML 039689
Crustacea,CMNC 1984-0717
Parasite,CMNPA 1984-4470
Parasite,CMNPA 1984-4461
Parasite,CMNPA 1984-4316
Parasite,CMNPA 1984-4312
Parasite,CMNPA 1984-4311
Parasite,CMNPA 1984-4310
Mollusc,CMNML 019457
Mollusc,CMNML 002454
Mollusc,CMNML 092999
Mollusc,CMNML 071090
Mollusc,CMNML 093227
Fossil Vertebrate,CMNFV 31595
Fossil Vertebrate,CMNFV 31504
Fossil Vertebrate,CMNFV 31499
Fossil Vertebrate,CMNFV 31588
Fossil Vertebrate,CMNFV 31492
Mollusc,CMNML 066192
Mollusc,CMNML 066194
Mollusc,CMNML 047804
Mollusc,CMNML 093025
Mollusc,CMNML 093014
Mollusc,CMNML 070820
Mollusc,CMNML 071053
Mollusc,CMNML 066032
Mollusc,CMNML 062217
Mollusc,CMNML 071022
Mollusc,CMNML 065985
Mollusc,CMNML 007723
Mollusc,CMNML 070750
Mollusc,CMNML 070744
Parasite,CMNPA 1984-5928
Parasite,CMNPA 1984-5986
Parasite,CMNPA 1984-5988
Parasite,CMNPA 1984-5993
Parasite,CMNPA 1984-6552
Parasite,CMNPA 1984-6560
Parasite,CMNPA 1984-6593
Parasite,CMNPA 1984-5242
Parasite,CMNPA 1984-5255
Parasite,CMNPA 1984-8520
Parasite,CMNPA 1984-8524
Parasite,CMNPA 1984-8525
Parasite,CMNPA 1984-8530
Parasite,CMNPA 1984-8538
Parasite,CMNPA 1984-8542
Parasite,CMNPA 1984-7829
Parasite,CMNPA 1984-5260
Parasite,CMNPA 1984-5279
Parasite,CMNPA 1984-5375
Parasite,CMNPA 1984-5383
Vascular Plant,CAN 585990
Lichen,CANL 90607
Mollusc,CMNML 094829
Mollusc,CMNML 016634
Mollusc,CMNML 018266
Mollusc,CMNML 016713
Parasite,CMNPA 1984-5004
Parasite,CMNPA 1984-5007
Parasite,CMNPA 1984-5013
Parasite,CMNPA 1984-5023
Bryophyte,CANM 15495
Bryophyte,CANM 18703
Bryophyte,CANM 18705
Bryophyte,CANM 327713
Bryophyte,CANM 16911
Bryophyte,CANM 18706
Bryophyte,CANM 138510
Bryophyte,CANM 8132
Bryophyte,CANM 219774
Bryophyte,CANM 330644
Bryophyte,CANM 231615
Mollusc,CMNML 093075
Lichen,CANL 126734
Lichen,CANL 127533
Bryophyte,CANM 187180
Bryophyte,CANM 203971
Vascular Plant,CAN 195520
Bryophyte,CANM 264369
Parasite,CMNPA 1980-1896
Parasite,CMNPA 1980-1891
Parasite,CMNPA 1980-1864b
Parasite,CMNPA 1980-1849
Parasite,CMNPA 1984-8308
Parasite,CMNPA 1984-8301
Parasite,CMNPA 1984-8287
Parasite,CMNPA 1984-5885
Parasite,CMNPA 1984-5883
Parasite,CMNPA 1984-5867
Parasite,CMNPA 1984-5865
Parasite,CMNPA 1984-5864
Parasite,CMNPA 1984-5846
Parasite,CMNPA 1984-5841
Parasite,CMNPA 1984-5836
Parasite,CMNPA 1984-5904
Parasite,CMNPA 1984-5900
Parasite,CMNPA 1984-5897
Parasite,CMNPA 1984-5892
Parasite,CMNPA 1984-5905
Lichen,CANL 100166
Lichen,CANL 116476
Parasite,CMNPA 1979-1398
Mollusc,CMNML 005185
Mollusc,CMNML 014691
Mollusc,CMNML 007853
Crustacea,CMNC 1981-0021
Mollusc,CMNML 058883
Parasite,CMNPA 1984-4288
Parasite,CMNPA 1984-4803
Parasite,CMNPA 1984-4793
Parasite,CMNPA 1984-4831
Parasite,CMNPA 1984-4827
Parasite,CMNPA 1984-4823
Parasite,CMNPA 1984-4822
Parasite,CMNPA 1984-4811
Parasite,CMNPA 1984-4783
Parasite,CMNPA 1984-4770
Mollusc,CMNML 040655
Mollusc,CMNML 059592
Mollusc,CMNML 059589
Mollusc,CMNML 049074
Mollusc,CMNML 006482
Parasite,CMNPA 1984-5366
Parasite,CMNPA 1984-5370
Parasite,CMNPA 1984-5404
Parasite,CMNPA 1984-5414
Parasite,CMNPA 1984-5437
Parasite,CMNPA 1984-5434
Parasite,CMNPA 1984-5432
Parasite,CMNPA 1984-5455
Parasite,CMNPA 1984-5596
Parasite,CMNPA 1984-5591
Parasite,CMNPA 1984-5587
Parasite,CMNPA 1984-5585
Parasite,CMNPA 1984-5478
Parasite,CMNPA 1984-5468
Parasite,CMNPA 1984-5639
Parasite,CMNPA 1984-5619
Parasite,CMNPA 1984-5748
Parasite,CMNPA 1984-7884
Parasite,CMNPA 1984-5425
Parasite,CMNPA 1984-5424
Parasite,CMNPA 1984-5408
Parasite,CMNPA 1984-5407
Parasite,CMNPA 1984-5367
Parasite,CMNPA 1984-7618
Parasite,CMNPA 1984-7624
Parasite,CMNPA 1984-7634
Parasite,CMNPA 1984-7664
Parasite,CMNPA 1984-7662
Parasite,CMNPA 1984-7658
Parasite,CMNPA 1984-7652
Parasite,CMNPA 1984-7647
Mollusc,CMNML 004578
Mollusc,CMNML 076832
Mollusc,CMNML 076833
Mollusc,CMNML 080469
Parasite,CMNPA 1979-1395
Parasite,CMNPA 1984-4469
Parasite,CMNPA 1984-4463
Parasite,CMNPA 1984-4434
Mollusc,CMNML 030830
Mollusc,CMNML 002462
Mollusc,CMNML 092591
Mollusc,CMNML 015117
Fossil Vertebrate,CMNFV 31497
Fossil Vertebrate,CMNFV 31593
Fossil Vertebrate,CMNFV 31509
Fossil Vertebrate,CMNFV 31508
Fossil Vertebrate,CMNFV 31598
Fossil Vertebrate,CMNFV 31506
Fossil Vertebrate,CMNFV 31095
Mollusc,CMNML 015135
Annelid,CMNA 1989-0078
Mollusc,CMNML 070749
Mollusc,CMNML 002410
Mollusc,CMNML 002466
Mollusc,CMNML 002465
Mollusc,CMNML 070824
Mollusc,CMNML 070830
Mollusc,CMNML 002419
Mollusc,CMNML 070921
Mollusc,CMNML 070971
Mollusc,CMNML 070930
Mollusc,CMNML 070870
Mollusc,CMNML 070747
Parasite,CMNPA 1984-5923
Parasite,CMNPA 1984-5932
Parasite,CMNPA 1984-5933
Parasite,CMNPA 1984-5934
Parasite,CMNPA 1984-8998
Parasite,CMNPA 1984-5965
Parasite,CMNPA 1984-5972
Parasite,CMNPA 1984-5984
Parasite,CMNPA 1984-5992
Parasite,CMNPA 1984-5995
Parasite,CMNPA 1984-5997
Parasite,CMNPA 1984-6001
Parasite,CMNPA 1984-8419
Parasite,CMNPA 1984-8420
Parasite,CMNPA 1984-8423
Parasite,CMNPA 1984-8425
Parasite,CMNPA 1984-6578
Parasite,CMNPA 1984-6597
Parasite,CMNPA 1984-6598
Parasite,CMNPA 1984-6601
Parasite,CMNPA 1984-6604
Parasite,CMNPA 1984-6605
Parasite,CMNPA 1984-6608
Parasite,CMNPA 1984-5237
Parasite,CMNPA 1984-5239
Parasite,CMNPA 1984-5252
Parasite,CMNPA 1984-5761
Parasite,CMNPA 1984-6612
Parasite,CMNPA 1984-8521
Parasite,CMNPA 1984-8523
Parasite,CMNPA 1984-5281
Parasite,CMNPA 1984-5275
Parasite,CMNPA 1984-5371
Parasite,CMNPA 1984-5377
Lichen,CANL 123595
Lichen,CANL 101674
Lichen,CANL 124066
Mollusc,CMNML 016864
Mollusc,CMNML 016855
Mollusc,CMNML 018271
Parasite,CMNPA 1984-5008
Parasite,CMNPA 1984-5017
Bryophyte,CANM 12667
Bryophyte,CANM 15494
Bryophyte,CANM 16913
Bryophyte,CANM 16914
Bryophyte,CANM 13750
Bryophyte,CANM 13636
Bryophyte,CANM 309878
Bryophyte,CANM 7776
Bryophyte,CANM 277229
Bryophyte,CANM 105752
Bryophyte,CANM 15648
Bryophyte,CANM 227987
Bryophyte,CANM 251907
Bryophyte,CANM 236040
Bryophyte,CANM 160532
Mollusc,CMNML 093062
Mollusc,CMNML 093077
Mollusc,CMNML 093072
Fossil Vertebrate,CMNFV 41202
Bryophyte,CANM 160555
Bryophyte,CANM 247403
Bryophyte,CANM 185374
Bryophyte,CANM 185389
Bryophyte,CANM 185390
Parasite,CMNPA 1980-1873
Parasite,CMNPA 1980-1866
Parasite,CMNPA 1980-1864a
Parasite,CMNPA 1984-8320
Parasite,CMNPA 1984-8318
Parasite,CMNPA 1984-8315
Parasite,CMNPA 1984-8291
Parasite,CMNPA 1984-8290
Parasite,CMNPA 1984-5878
Parasite,CMNPA 1984-5874
Parasite,CMNPA 1984-5872
Parasite,CMNPA 1984-5866
Parasite,CMNPA 1984-5847
Parasite,CMNPA 1984-5844
Parasite,CMNPA 1984-5902
Parasite,CMNPA 1984-5899
Parasite,CMNPA 1978-1057
Lichen,CANL 126690
Crustacea,CMNC 1984-0727
Mollusc,CMNML 073227
Mollusc,CMNML 007334
Lichen,CANL 55046
Mollusc,CMNML 066112
Bryophyte,CANM 212200
Mollusc,CMNML 070832
Mollusc,CMNML 070835
Parasite,CMNPA 1984-4806
Parasite,CMNPA 1984-4804
Parasite,CMNPA 1984-4790
Parasite,CMNPA 1984-4824
Parasite,CMNPA 1984-4821
Parasite,CMNPA 1984-4812
Parasite,CMNPA 1984-4771
Parasite,CMNPA 1984-4433
Parasite,CMNPA 1984-4455
Lichen,CANL 99042
Parasite,CMNPA 1984-5419
Parasite,CMNPA 1984-5430
Parasite,CMNPA 1984-5606
Parasite,CMNPA 1984-5590
Parasite,CMNPA 1984-5576
Parasite,CMNPA 1984-5570
Parasite,CMNPA 1984-5569
Parasite,CMNPA 1984-5565
Parasite,CMNPA 1984-5492
Parasite,CMNPA 1984-5467
Parasite,CMNPA 1984-5460
Parasite,CMNPA 1984-5636
Parasite,CMNPA 1984-5629
Parasite,CMNPA 1984-5627
Parasite,CMNPA 1984-5622
Parasite,CMNPA 1984-5621
Parasite,CMNPA 1984-5617
Parasite,CMNPA 1984-5612
Parasite,CMNPA 1984-5765
Parasite,CMNPA 1984-5759
Parasite,CMNPA 1984-5757
Parasite,CMNPA 1984-5752
Parasite,CMNPA 1984-5429
Parasite,CMNPA 1984-5428
Parasite,CMNPA 1984-5405
Parasite,CMNPA 1984-7674
Parasite,CMNPA 1984-7670
Parasite,CMNPA 1984-7650
Parasite,CMNPA 1984-7645
Parasite,CMNPA 1998-0010
Vascular Plant,CAN 517140
Mollusc,CMNML 015124
Mollusc,CMNML 037658
Mollusc,CMNML 021159
Mollusc,CMNML 071102
General Invertebrate,CMNI 1989-1002
General Invertebrate,CMNI 1989-0896
Parasite,CMNPA 1979-1393
Parasite,CMNPA 1979-1383a
Parasite,CMNPA 1984-7400
Parasite,CMNPA 1984-4466
Parasite,CMNPA 1984-4460
Parasite,CMNPA 1984-4459
Parasite,CMNPA 1984-4314
Parasite,CMNPA 1991-0020
Parasite,CMNPA 1990-0033
Mollusc,CMNML 022459
Mollusc,CMNML 092979
Mollusc,CMNML 070915
Mollusc,CMNML 070917
Fossil Vertebrate,CMNFV 31495
Fossil Vertebrate,CMNFV 31591
Fossil Vertebrate,CMNFV 31599
Fossil Vertebrate,CMNFV 31597
Fossil Vertebrate,CMNFV 31505
Fossil Vertebrate,CMNFV 31500
Fossil Vertebrate,CMNFV 31582
Fossil Vertebrate,CMNFV 31587
Fossil Vertebrate,CMNFV 31099
Mollusc,CMNML 066193
Mollusc,CMNML 047808
Mollusc,CMNML 047814
Mollusc,CMNML 071009
Mollusc,CMNML 002464
Mollusc,CMNML 070825
Mollusc,CMNML 071050
Mollusc,CMNML 014340
Mollusc,CMNML 071040
Mollusc,CMNML 043279
Mollusc,CMNML 065984
Mollusc,CMNML 070741
Parasite,CMNPA 1984-5924
Parasite,CMNPA 1984-5926
Parasite,CMNPA 1984-5945
Parasite,CMNPA 1984-5974
Parasite,CMNPA 1984-5976
Parasite,CMNPA 1984-5977
Parasite,CMNPA 1984-5978
Parasite,CMNPA 1984-5994
Parasite,CMNPA 1984-8424
Parasite,CMNPA 1984-6549
Parasite,CMNPA 1984-6555
Parasite,CMNPA 1984-6566
Parasite,CMNPA 1984-6573
Parasite,CMNPA 1984-6575
Parasite,CMNPA 1984-6584
Parasite,CMNPA 1984-6594
Parasite,CMNPA 1984-6599
Parasite,CMNPA 1984-6603
Parasite,CMNPA 1984-6607
Lichen,CANL 126421
Parasite,CMNPA 1984-5240
Parasite,CMNPA 1984-5246
Parasite,CMNPA 1984-5248
Parasite,CMNPA 1984-5250
Parasite,CMNPA 1984-5254
Parasite,CMNPA 1984-5258
Parasite,CMNPA 1984-6615
Parasite,CMNPA 1984-8522
Parasite,CMNPA 1984-5809
Parasite,CMNPA 1984-5379
Vascular Plant,CAN 8321
Fossil Vertebrate,CMNFV 54604
Vascular Plant,CAN 503835
Mollusc,CMNML 018382
Mollusc,CMNML 018376
Mollusc,CMNML 018902
Parasite,CMNPA 1984-5000
Parasite,CMNPA 1984-5005
Parasite,CMNPA 1984-5016
Parasite,CMNPA 1984-5018
Parasite,CMNPA 1984-5019
Bryophyte,CANM 301255
Bryophyte,CANM 319495
Bryophyte,CANM 106301
Bryophyte,CANM 204498
Bryophyte,CANM 252578
Bryophyte,CANM 244333
Bryophyte,CANM 243596
Bryophyte,CANM 132613
Bryophyte,CANM 109329
Lichen,CANL 126725
Mollusc,CMNML 093064
Mollusc,CMNML 093068
Mollusc,CMNML 093071
Lichen,CANL 126594
Bryophyte,CANM 285153
Bryophyte,CANM 159691
Bryophyte,CANM 208342
Bryophyte,CANM 272456
Bryophyte,CANM 203060
Bryophyte,CANM 253970
Parasite,CMNPA 1980-1893
Parasite,CMNPA 1980-1857
Parasite,CMNPA 1984-8302
Parasite,CMNPA 1984-8295
Parasite,CMNPA 1984-8292
Parasite,CMNPA 1984-8286
Parasite,CMNPA 1980-1832
Parasite,CMNPA 1984-5861
Parasite,CMNPA 1984-5857
Parasite,CMNPA 1984-5853
Parasite,CMNPA 1984-5837
Parasite,CMNPA 1984-5896
Parasite,CMNPA 1984-5893
Parasite,CMNPA 1984-5891
Parasite,CMNPA 1984-5907
Annelid,CMNA 1900-8297
Parasite,CMNPA 1979-1425
Parasite,CMNPA 1979-1405
Mollusc,CMNML 093228
Bryophyte,CANM 242671
Vascular Plant,CAN 364
Crustacea,CMNC 1984-0726
Mollusc,CMNML 070833
Mollusc,CMNML 025159
Parasite,CMNPA 1984-4287
Parasite,CMNPA 1984-4800
Parasite,CMNPA 1984-4798
Parasite,CMNPA 1984-4795
Parasite,CMNPA 1984-4794
Parasite,CMNPA 1984-4789
Parasite,CMNPA 1984-4826
Parasite,CMNPA 1984-4817
Parasite,CMNPA 1984-4858
Parasite,CMNPA 1984-4308
Parasite,CMNPA 1984-4373
Mollusc,CMNML 049079
Mollusc,CMNML 049077
Mollusc,CMNML 049068
Parasite,CMNPA 1984-5451
Parasite,CMNPA 1984-5365
Parasite,CMNPA 1984-5421
Parasite,CMNPA 1984-5416
Parasite,CMNPA 1984-5438
Parasite,CMNPA 1984-5605
Parasite,CMNPA 1984-5602
Parasite,CMNPA 1984-5597
Parasite,CMNPA 1984-5594
Parasite,CMNPA 1984-5588
Parasite,CMNPA 1984-5580
Parasite,CMNPA 1984-5578
Parasite,CMNPA 1984-5489
Parasite,CMNPA 1984-5472
Parasite,CMNPA 1984-5447
Parasite,CMNPA 1984-5634
Parasite,CMNPA 1984-5630
Parasite,CMNPA 1984-5628
Parasite,CMNPA 1984-5623
Parasite,CMNPA 1984-5620
Parasite,CMNPA 1984-5614
Parasite,CMNPA 1984-5613
Parasite,CMNPA 1984-5749
Parasite,CMNPA 1984-5763
Parasite,CMNPA 1984-7834
Parasite,CMNPA 1984-7840
Parasite,CMNPA 1984-7841
Parasite,CMNPA 1984-7836
Parasite,CMNPA 1984-7890
Parasite,CMNPA 1984-7889
Parasite,CMNPA 1984-7872
Parasite,CMNPA 1984-7616
Parasite,CMNPA 1984-7617
Parasite,CMNPA 1984-7625
Parasite,CMNPA 1984-7642
Parasite,CMNPA 1984-7676
Parasite,CMNPA 1984-7640
Parasite,CMNPA 1984-7656
Parasite,CMNPA 1984-7655
Parasite,CMNPA 1984-7649
Mollusc,CMNML 071046
Mollusc,CMNML 015068
Mollusc,CMNML 025967
Mollusc,CMNML 092995
Mollusc,CMNML 086241
Mollusc,CMNML 002448
Mollusc,CMNML 071079
Mollusc,CMNML 076830
Mollusc,CMNML 039147
Parasite,CMNPA 1984-4468
Parasite,CMNPA 1984-4313
Parasite,CMNPA 1990-0032
Mollusc,CMNML 070763
Mollusc,CMNML 002453
Fossil Vertebrate,CMNFV 31600
Fossil Vertebrate,CMNFV 31502
Fossil Vertebrate,CMNFV 31580
Fossil Vertebrate,CMNFV 31097
Fossil Vertebrate,CMNFV 31098
Fossil Vertebrate,CMNFV 31494
Fossil Vertebrate,CMNFV 31493
Mollusc,CMNML 093008
Mollusc,CMNML 093017
Mollusc,CMNML 048153
Mollusc,CMNML 020365
Mollusc,CMNML 048156
Mollusc,CMNML 071008
Mollusc,CMNML 070823
Mollusc,CMNML 070821
Mollusc,CMNML 002505
Mollusc,CMNML 056864
Mollusc,CMNML 070772
Mollusc,CMNML 070868
Mollusc,CMNML 070865
Mollusc,CMNML 070737
Mollusc,CMNML 070969
Mollusc,CMNML 066086
Parasite,CMNPA 1984-5921
Parasite,CMNPA 1984-5927
Parasite,CMNPA 1984-5948
Parasite,CMNPA 1984-8414
Parasite,CMNPA 1984-5967
Parasite,CMNPA 1984-5968
Parasite,CMNPA 1984-5971
Parasite,CMNPA 1984-5979
Parasite,CMNPA 1984-5989
Parasite,CMNPA 1984-5996
Parasite,CMNPA 1984-8421
Parasite,CMNPA 1984-6553
Parasite,CMNPA 1984-6562
Parasite,CMNPA 1984-6564
Parasite,CMNPA 1984-6574
Parasite,CMNPA 1984-6576
Parasite,CMNPA 1984-6600
Parasite,CMNPA 1984-6586
Parasite,CMNPA 1984-5238
Parasite,CMNPA 1984-5257
Parasite,CMNPA 1984-6617
Parasite,CMNPA 1984-8526
Parasite,CMNPA 1984-8533
Parasite,CMNPA 1984-8534
Parasite,CMNPA 1984-8535
Parasite,CMNPA 1984-8537
Parasite,CMNPA 1984-7189
Parasite,CMNPA 1984-7830
Parasite,CMNPA 1984-5282
Parasite,CMNPA 1984-5804
Parasite,CMNPA 1984-5276
Parasite,CMNPA 1984-5573
Parasite,CMNPA 1984-5380
Lichen,CANL 122660
Mollusc,CMNML 017882
Mollusc,CMNML 007443
Mollusc,CMNML 016740
Parasite,CMNPA 1984-5024
Parasite,CMNPA 1984-4996
Parasite,CMNPA 1984-5001
Parasite,CMNPA 1984-5002
Parasite,CMNPA 1984-5014
Bryophyte,CANM 12764
Bryophyte,CANM 13624
Bryophyte,CANM 314431
Bryophyte,CANM 106122
Bryophyte,CANM 6317
Bryophyte,CANM 327770
Mollusc,CMNML 093076
Mollusc,CMNML 093061
Mollusc,CMNML 093070
General Invertebrate,CMNI 2015-0015
Lichen,CANL 126390
Lichen,CANL 126752
Lichen,CANL 126552
Bryophyte,CANM 285409
Parasite,CMNPA 1980-1880
Parasite,CMNPA 1980-1865
Parasite,CMNPA 1980-1843
Parasite,CMNPA 1980-1839
Parasite,CMNPA 1984-8319
Parasite,CMNPA 1984-8317
Parasite,CMNPA 1984-8298
Parasite,CMNPA 1984-8294
Parasite,CMNPA 1984-8289
Parasite,CMNPA 1984-5886
Parasite,CMNPA 1984-5881
Parasite,CMNPA 1984-5870
Parasite,CMNPA 1984-5858
Parasite,CMNPA 1984-5856
Parasite,CMNPA 1984-5854
Parasite,CMNPA 1984-5852
Parasite,CMNPA 1984-5845
Parasite,CMNPA 1984-5843
Parasite,CMNPA 1984-5839
Parasite,CMNPA 1984-8999
Parasite,CMNPA 1984-5898
Parasite,CMNPA 1978-1067
Lichen,CANL 83607
Parasite,CMNPA 1900-0536
Mollusc,CMNML 019851
Mollusc,CMNML 031049
Mollusc,CMNML 066184
Bryophyte,CANM 242687
Crustacea,CMNC 1981-0020
Parasite,CMNPA 1984-4240
Parasite,CMNPA 1984-4782
Parasite,CMNPA 1984-4780
Parasite,CMNPA 1984-4779
Parasite,CMNPA 1984-4307
Parasite,CMNPA 1984-4293
Parasite,CMNPA 1984-4292
Parasite,CMNPA 1984-4290
Parasite,CMNPA 1984-4457
Parasite,CMNPA 1984-4456
Mollusc,CMNML 059590
Mollusc,CMNML 039231
Mollusc,CMNML 043326
General Invertebrate,CMNI 1989-0706
Vascular Plant,CAN 73383
Parasite,CMNPA 1987-2213
Parasite,CMNPA 1984-5368
Parasite,CMNPA 1984-5420
Parasite,CMNPA 1984-5604
Parasite,CMNPA 1984-5603
Parasite,CMNPA 1984-5589
Parasite,CMNPA 1984-5582
Parasite,CMNPA 1984-5581
Parasite,CMNPA 1984-5567
Parasite,CMNPA 1984-5487
Parasite,CMNPA 1984-5473
Parasite,CMNPA 1984-5466
Parasite,CMNPA 1984-5442
Parasite,CMNPA 1984-5450
Parasite,CMNPA 1984-5626
Parasite,CMNPA 1984-5441
Parasite,CMNPA 1984-5751
Parasite,CMNPA 1984-5753
Parasite,CMNPA 1984-5747
Parasite,CMNPA 1984-5412
Parasite,CMNPA 1984-5409
Parasite,CMNPA 1984-5406
Parasite,CMNPA 1984-7620
Parasite,CMNPA 1984-7679
Parasite,CMNPA 1984-7631
Parasite,CMNPA 1984-7632
Parasite,CMNPA 1984-7666
Parasite,CMNPA 1984-7663
Parasite,CMNPA 1984-7671
Mollusc,CMNML 023802
Mollusc,CMNML 076831
Parasite,CMNPA 1979-1386
Crustacea,CMNC 1984-0718
Parasite,CMNPA 1984-7404
Parasite,CMNPA 1984-7402
Mollusc,CMNML 039178
Mollusc,CMNML 002367
Mollusc,CMNML 070914
Fossil Vertebrate,CMNFV 37599
Fossil Vertebrate,CMNFV 31592
Fossil Vertebrate,CMNFV 31094
Fossil Vertebrate,CMNFV 31586
Fossil Vertebrate,CMNFV 31583
Mollusc,CMNML 080439
Mollusc,CMNML 093018
Mollusc,CMNML 047811
Mollusc,CMNML 071006
Mollusc,CMNML 070735
Mollusc,CMNML 070745
Mollusc,CMNML 066140
Mollusc,CMNML 070819
Mollusc,CMNML 070817
Mollusc,CMNML 070812
Mollusc,CMNML 070828
Mollusc,CMNML 007720
Mollusc,CMNML 070918
Mollusc,CMNML 070871
Mollusc,CMNML 070869
Mollusc,CMNML 010154
Mollusc,CMNML 070967
Mollusc,CMNML 071033
Mollusc,CMNML 070746
Mollusc,CMNML 068599
Parasite,CMNPA 1984-5925
Parasite,CMNPA 1984-5935
Parasite,CMNPA 1984-5937
Parasite,CMNPA 1984-5941
Parasite,CMNPA 1984-5975
Parasite,CMNPA 1984-5982
Parasite,CMNPA 1984-5987
Parasite,CMNPA 1984-5990
Parasite,CMNPA 1984-5991
Parasite,CMNPA 1984-6000
Parasite,CMNPA 1984-8422
Parasite,CMNPA 1984-6545
Parasite,CMNPA 1984-6548
Parasite,CMNPA 1984-6554
Parasite,CMNPA 1984-6557
Parasite,CMNPA 1984-6561
Parasite,CMNPA 1984-6567
Parasite,CMNPA 1984-6569
Parasite,CMNPA 1984-6581
Parasite,CMNPA 1984-6583
Parasite,CMNPA 1984-6585
Parasite,CMNPA 1984-6592
Parasite,CMNPA 1984-6606
Parasite,CMNPA 1984-6609
Parasite,CMNPA 1984-5244
Parasite,CMNPA 1984-7845
Parasite,CMNPA 1984-6613
Parasite,CMNPA 1984-6614
Parasite,CMNPA 1984-8529
Parasite,CMNPA 1984-8536
Parasite,CMNPA 1984-7831
Parasite,CMNPA 1984-5280
Parasite,CMNPA 1984-5283
Parasite,CMNPA 1984-7591
Parasite,CMNPA 1984-5810
Parasite,CMNPA 1984-5278
Parasite,CMNPA 1984-5373
Parasite,CMNPA 1984-5378
Parasite,CMNPA 1985-0083
Vascular Plant,CAN 229894
Lichen,CANL 101672
Lichen,CANL 95877
Mollusc,CMNML 004430
Mollusc,CMNML 018283
Mollusc,CMNML 018253
Vascular Plant,CAN 114615
Parasite,CMNPA 1984-5009
Parasite,CMNPA 1984-5010
Parasite,CMNPA 1984-5022
Mollusc,CMNML 016708
Bryophyte,CANM 15490
Lichen,CANL 125604
Bryophyte,CANM 8007
Bryophyte,CANM 325208
Bryophyte,CANM 210750
Bryophyte,CANM 204336
Bryophyte,CANM 8000
Bryophyte,CANM 139017
Bryophyte,CANM 212179
Bryophyte,CANM 105030
Bryophyte,CANM 268756
Bryophyte,CANM 207850
Mollusc,CMNML 093060
Mollusc,CMNML 093065
Mollusc,CMNML 093066
Mollusc,CMNML 093073
Parasite,CMNPA 1988-0799
Bryophyte,CANM 225645
Bryophyte,CANM 251162
Bryophyte,CANM 286573
Lichen,CANL 7880
Parasite,CMNPA 1980-1889
Parasite,CMNPA 1980-1870
Parasite,CMNPA 1980-1852
Parasite,CMNPA 1984-8312
Parasite,CMNPA 1984-8305
Parasite,CMNPA 1984-8300
Parasite,CMNPA 1984-8288
Parasite,CMNPA 1980-1837
Parasite,CMNPA 1980-1834
Parasite,CMNPA 1980-1827
Parasite,CMNPA 1984-5879
Parasite,CMNPA 1984-5877
Parasite,CMNPA 1984-5876
Parasite,CMNPA 1984-5863
Parasite,CMNPA 1984-5862
Parasite,CMNPA 1984-5848
Parasite,CMNPA 1984-5835
Parasite,CMNPA 1984-5894
Crustacea,CMNC 1984-0723
Parasite,CMNPA 1984-6220
Lichen,CANL 86204
Mollusc,CMNML 070834
Mollusc,CMNML 073026
Mollusc,CMNML 072808
Parasite,CMNPA 1984-4788
Parasite,CMNPA 1984-4813
Parasite,CMNPA 1984-4778
Parasite,CMNPA 1984-4772
Mollusc,CMNML 040654
Mollusc,CMNML 059591
Mollusc,CMNML 049076
Mollusc,CMNML 049080
Parasite,CMNPA 1987-2217
Parasite,CMNPA 1984-5413
Parasite,CMNPA 1984-5436
Parasite,CMNPA 1984-5433
Parasite,CMNPA 1984-5431
Parasite,CMNPA 1984-5457
Parasite,CMNPA 1984-5453
Parasite,CMNPA 1984-5595
Parasite,CMNPA 1984-5584
Parasite,CMNPA 1984-5579
Parasite,CMNPA 1984-5488
Parasite,CMNPA 1984-5484
Parasite,CMNPA 1984-5476
Parasite,CMNPA 1984-5471
Parasite,CMNPA 1984-5464
Parasite,CMNPA 1984-5463
Parasite,CMNPA 1984-5461
Parasite,CMNPA 1984-5459
Parasite,CMNPA 1984-5443
Parasite,CMNPA 1984-5452
Parasite,CMNPA 1984-5633
Parasite,CMNPA 1984-5744
Parasite,CMNPA 1984-5768
Parasite,CMNPA 1984-5758
Parasite,CMNPA 1984-5755
Parasite,CMNPA 1984-5754
Parasite,CMNPA 1984-5750
Parasite,CMNPA 1984-7835
Parasite,CMNPA 1984-7842
Parasite,CMNPA 1984-7869
Parasite,CMNPA 1984-7883
Parasite,CMNPA 1984-7870
Parasite,CMNPA 1984-5422
Parasite,CMNPA 1984-7619
Parasite,CMNPA 1984-7628
Parasite,CMNPA 1984-7623
Parasite,CMNPA 1984-7678
Parasite,CMNPA 1984-7680
Parasite,CMNPA 1984-7633
Parasite,CMNPA 1984-7659
Parasite,CMNPA 1984-7654
Parasite,CMNPA 1984-7648
Mollusc,CMNML 003206
Mollusc,CMNML 024341
Fossil Vertebrate,CMNFV 40792
Mollusc,CMNML 076834
Parasite,CMNPA 1984-4471
Parasite,CMNPA 1984-4467
Parasite,CMNPA 1984-4435
Mollusc,CMNML 030851
Mollusc,CMNML 005264
Parasite,CMNPA 1991-0021
Parasite,CMNPA 1990-0035
Mollusc,CMNML 092586
Mollusc,CMNML 070916
Mollusc,CMNML 071080
Fossil Vertebrate,CMNFV 31496
Fossil Vertebrate,CMNFV 31590
Fossil Vertebrate,CMNFV 31596
Fossil Vertebrate,CMNFV 31503
Fossil Vertebrate,CMNFV 31589
Mollusc,CMNML 070872
Mollusc,CMNML 002472
Mollusc,CMNML 070920
Mollusc,CMNML 066033
Mollusc,CMNML 026022
Mollusc,CMNML 066022
Mollusc,CMNML 070874
Mollusc,CMNML 070873
Mollusc,CMNML 071031
Mollusc,CMNML 071020
Mollusc,CMNML 070991
Mollusc,CMNML 070773
Mollusc,CMNML 014328
Mollusc,CMNML 070867
Mollusc,CMNML 070748
Parasite,CMNPA 1984-5920
Parasite,CMNPA 1984-5929
Parasite,CMNPA 1984-5938
Parasite,CMNPA 1984-5944
Parasite,CMNPA 1984-5973
Parasite,CMNPA 1984-5985
Parasite,CMNPA 1984-5999
Parasite,CMNPA 1984-8417
Parasite,CMNPA 1984-6556
Parasite,CMNPA 1984-6559
Parasite,CMNPA 1984-6568
Parasite,CMNPA 1984-6572
Parasite,CMNPA 1984-6577
Parasite,CMNPA 1984-6595
Parasite,CMNPA 1984-6588
Parasite,CMNPA 1984-6610
Parasite,CMNPA 1984-5243
Parasite,CMNPA 1984-5245
Parasite,CMNPA 1984-5253
Parasite,CMNPA 1984-6611
Parasite,CMNPA 1984-8539
Parasite,CMNPA 1984-8541
Parasite,CMNPA 1984-8802
Parasite,CMNPA 1984-5805
Parasite,CMNPA 1984-5259
Parasite,CMNPA 1984-5376
Lichen,CANL 123607
Mollusc,CMNML 018388
Bryophyte,CANM 13424
Mollusc,CMNML 016771
Mollusc,CMNML 018270
Mollusc,CMNML 025292
Mollusc,CMNML 095609
Parasite,CMNPA 1984-4998
Parasite,CMNPA 1984-5011
Parasite,CMNPA 1984-5020
Bryophyte,CANM 15417
Vascular Plant,CAN 508595
Bryophyte,CANM 18701
Bryophyte,CANM 18685
Bryophyte,CANM 139234
Bryophyte,CANM 210814
Bryophyte,CANM 214512
Bryophyte,CANM 127611
Bryophyte,CANM 260607
Bryophyte,CANM 7712
Bryophyte,CANM 103270
Bryophyte,CANM 160497
Mollusc,CMNML 093063
Mollusc,CMNML 093074
Mollusc,CMNML 2015-0003
Bryophyte,CANM 160088
Bryophyte,CANM 235759
Bryophyte,CANM 185347
Bryophyte,CANM 257895
Lichen,CANL 108706
Parasite,CMNPA 1980-1879
Parasite,CMNPA 1984-8316
Parasite,CMNPA 1984-8309
Parasite,CMNPA 1984-8304
Parasite,CMNPA 1984-8303
Parasite,CMNPA 1984-8297
Parasite,CMNPA 1984-5889
Parasite,CMNPA 1984-5884
Parasite,CMNPA 1984-5873
Parasite,CMNPA 1984-5859
Parasite,CMNPA 1984-5851
Parasite,CMNPA 1984-5849
Parasite,CMNPA 1984-5901
Parasite,CMNPA 1984-5890
Mollusc,CMNML 023741
Parasite,CMNPA 1979-1384a
Mollusc,CMNML 071095
Lichen,CANL 55043
Bryophyte,CANM 242651
Lichen,CANL 74470
Bryophyte,CANM 246715
Mollusc,CMNML 037863
Parasite,CMNPA 1984-4309
Parasite,CMNPA 1984-4777
Parasite,CMNPA 1984-4808
Parasite,CMNPA 1984-4805
Parasite,CMNPA 1984-4801
Parasite,CMNPA 1984-4797
Parasite,CMNPA 1984-4796
Parasite,CMNPA 1984-4792
Parasite,CMNPA 1984-4791
Parasite,CMNPA 1984-4816
Parasite,CMNPA 1984-4809
Parasite,CMNPA 1984-4776
Parasite,CMNPA 1984-4291
Parasite,CMNPA 1984-4289
Parasite,CMNPA 1984-4374
Mollusc,CMNML 049066
Mollusc,CMNML 049072
Mollusc,CMNML 049069
Mollusc,CMNML 037406
Parasite,CMNPA 1987-2219
Parasite,CMNPA 1984-5494
Parasite,CMNPA 1984-5493
Parasite,CMNPA 1984-5491
Parasite,CMNPA 1984-5485
Parasite,CMNPA 1984-5482
Parasite,CMNPA 1984-5470
Parasite,CMNPA 1984-5469
Parasite,CMNPA 1984-5465
Parasite,CMNPA 1984-5462
Parasite,CMNPA 1984-5458
Parasite,CMNPA 1984-5640
Parasite,CMNPA 1984-5618
Parasite,CMNPA 1984-5615
Parasite,CMNPA 1984-5608
Parasite,CMNPA 1984-5746
Parasite,CMNPA 1984-5440
Parasite,CMNPA 1984-5411
Parasite,CMNPA 1984-7644
Parasite,CMNPA 1984-7643
Parasite,CMNPA 1984-7675
Parasite,CMNPA 1984-7672
Mollusc,CMNML 028488
Parasite,CMNPA 1998-0009
Mollusc,CMNML 007673
Parasite,CMNPA 1984-7401
Parasite,CMNPA 1984-4464
Parasite,CMNPA 1984-4462
Parasite,CMNPA 1984-4438
Parasite,CMNPA 1984-4437
Parasite,CMNPA 1984-4436
Parasite,CMNPA 1990-0034
Mollusc,CMNML 030393
Fossil Vertebrate,CMNFV 31507
Fossil Vertebrate,CMNFV 31096
Mollusc,CMNML 048183
Mollusc,CMNML 070849
Mollusc,CMNML 070822
Mollusc,CMNML 071105
Mollusc,CMNML 002500
Mollusc,CMNML 014323
Mollusc,CMNML 014330
Mollusc,CMNML 066023
Parasite,CMNPA 1984-5930
Parasite,CMNPA 1984-5939
Parasite,CMNPA 1984-5942
Parasite,CMNPA 1984-5943
Parasite,CMNPA 1984-5946
Parasite,CMNPA 1984-5969
Parasite,CMNPA 1984-5970
Parasite,CMNPA 1984-5980
Parasite,CMNPA 1984-5983
Parasite,CMNPA 1984-5998
Parasite,CMNPA 1984-8418
Parasite,CMNPA 1984-6546
Parasite,CMNPA 1984-6551
Parasite,CMNPA 1984-6563
Parasite,CMNPA 1984-6570
Parasite,CMNPA 1984-6580
Parasite,CMNPA 1984-6582
Parasite,CMNPA 1984-6589
Parasite,CMNPA 1984-6590
Parasite,CMNPA 1984-6591
Parasite,CMNPA 1984-6602
Lichen,CANL 98530
Parasite,CMNPA 1984-5241
Parasite,CMNPA 1984-5247
Parasite,CMNPA 1984-5760
Parasite,CMNPA 1984-6616
Parasite,CMNPA 1984-8528
Parasite,CMNPA 1984-8531
Parasite,CMNPA 1984-8532
Parasite,CMNPA 1984-8540
Parasite,CMNPA 1984-7828
Parasite,CMNPA 1984-5806
Parasite,CMNPA 1984-5807
Parasite,CMNPA 1984-5808
Parasite,CMNPA 1984-7989
Parasite,CMNPA 1984-7990
Parasite,CMNPA 1984-7992
Parasite,CMNPA 1984-7846
Parasite,CMNPA 1984-5372
Parasite,CMNPA 1984-5381
Lichen,CANL 123594
Mollusc,CMNML 016865
Mollusc,CMNML 016860
Mollusc,CMNML 018284
Mollusc,CMNML 018247
Mollusc,CMNML 018252
Parasite,CMNPA 1984-5021
Bryophyte,CANM 25401
Bryophyte,CANM 13826
Bryophyte,CANM 301173
Bryophyte,CANM 16375
Bryophyte,CANM 125331
Bryophyte,CANM 13716
Bryophyte,CANM 217601
Bryophyte,CANM 210919
Bryophyte,CANM 226094
Bryophyte,CANM 219534
Mollusc,CMNML 093078
Vascular Plant,CAN 311125
Bryophyte,CANM 266127
Bryophyte,CANM 301161
Bryophyte,CANM 316404
Lichen,CANL 30608
Parasite,CMNPA 1980-1886
Parasite,CMNPA 1984-8314
Parasite,CMNPA 1984-8313
Parasite,CMNPA 1984-8310
Parasite,CMNPA 1984-8307
Parasite,CMNPA 1984-5888
Parasite,CMNPA 1984-5882
Parasite,CMNPA 1984-5875
Parasite,CMNPA 1984-5868
Parasite,CMNPA 1984-5855
Parasite,CMNPA 1984-5850
Parasite,CMNPA 1984-5842
Parasite,CMNPA 1984-5840
Parasite,CMNPA 1984-5903
Parasite,CMNPA 1985-0087A
Annelid,CMNA 1978-0341
Fish,CMNFI 1965-0344.2
Parasite,CMNPA 1979-1380
Parasite,CMNPA 1979-1384b
Crustacea,CMNC 1992-1036
Parasite,CMNPA 1984-4851
Parasite,CMNPA 1984-4829
Parasite,CMNPA 1984-4828
Parasite,CMNPA 1984-4820
Parasite,CMNPA 1984-4819
Parasite,CMNPA 1984-4815
Parasite,CMNPA 1984-4814
Parasite,CMNPA 1984-4787
Parasite,CMNPA 1984-4786
Parasite,CMNPA 1984-4781
Parasite,CMNPA 1984-4859
Parasite,CMNPA 1984-4775
Parasite,CMNPA 1984-4294
Parasite,CMNPA 1984-4458
Mollusc,CMNML 090090
Mollusc,CMNML 049073
Mollusc,CMNML 049067
Mollusc,CMNML 049065
Crustacea,CMNC 1989-0047
Parasite,CMNPA 1984-5417
Parasite,CMNPA 1984-5435
Parasite,CMNPA 1984-5454
Parasite,CMNPA 1984-5607
Parasite,CMNPA 1984-5599
Parasite,CMNPA 1984-5586
Parasite,CMNPA 1984-5571
Parasite,CMNPA 1984-5568
Parasite,CMNPA 1984-5483
Parasite,CMNPA 1984-5474
Parasite,CMNPA 1984-5444
Parasite,CMNPA 1984-5449
Parasite,CMNPA 1984-5448
Parasite,CMNPA 1984-5637
Parasite,CMNPA 1984-5632
Parasite,CMNPA 1984-5764
Parasite,CMNPA 1984-7886
Parasite,CMNPA 1984-7885
Parasite,CMNPA 1984-7871
Parasite,CMNPA 1984-7868
Parasite,CMNPA 1984-5439
Parasite,CMNPA 1984-5423
Parasite,CMNPA 1984-5410
Parasite,CMNPA 1984-5369
Parasite,CMNPA 1984-7622
Parasite,CMNPA 1984-7639
Parasite,CMNPA 1984-7638
Parasite,CMNPA 1984-7665
Parasite,CMNPA 1984-7660
Parasite,CMNPA 1984-7673
Parasite,CMNPA 1984-7669
Parasite,CMNPA 1984-7667
Parasite,CMNPA 1984-7657
Parasite,CMNPA 1984-7653
Parasite,CMNPA 1984-7651
Parasite,CMNPA 1984-7646
Mollusc,CMNML 070799
Mollusc,CMNML 092798
Mollusc,CMNML 004575
Mollusc,CMNML 039688
Mollusc,CMNML 080468
Parasite,CMNPA 1979-1401
Parasite,CMNPA 1979-1383b
Parasite,CMNPA 1984-7405
Parasite,CMNPA 1984-7403
Parasite,CMNPA 1984-4465
Parasite,CMNPA 1984-4448
Parasite,CMNPA 1984-4315
Mollusc,CMNML 020571
Mollusc,CMNML 005254
Mollusc,CMNML 093003
Fossil Vertebrate,CMNFV 31498
Fossil Vertebrate,CMNFV 31594
Fossil Vertebrate,CMNFV 31501
Fossil Vertebrate,CMNFV 31581
Fossil Vertebrate,CMNFV 31491
Mollusc,CMNML 093009
Mollusc,CMNML 048152
Mollusc,CMNML 093031
Mollusc,CMNML 093231
Mollusc,CMNML 048171
Mollusc,CMNML 002473
Mollusc,CMNML 070818
Mollusc,CMNML 070829
Mollusc,CMNML 066034
Mollusc,CMNML 066019
Mollusc,CMNML 070866
Mollusc,CMNML 065983
Mollusc,CMNML 070964
Mollusc,CMNML 010153
Mollusc,CMNML 071103
Parasite,CMNPA 1984-5931
Parasite,CMNPA 1984-5936
Parasite,CMNPA 1984-5940
Parasite,CMNPA 1984-5947
Parasite,CMNPA 1984-5966
Parasite,CMNPA 1984-5981
Parasite,CMNPA 1984-6002
Parasite,CMNPA 1984-8426
Parasite,CMNPA 1984-6547
Parasite,CMNPA 1984-6550
Parasite,CMNPA 1984-6558
Parasite,CMNPA 1984-6565
Parasite,CMNPA 1984-6571
Parasite,CMNPA 1984-6579
Parasite,CMNPA 1984-6596
Parasite,CMNPA 1984-6587
Lichen,CANL 98531
Parasite,CMNPA 1984-5249
Parasite,CMNPA 1984-5251
Parasite,CMNPA 1984-5256
Parasite,CMNPA 1984-8527
Parasite,CMNPA 1984-7991
Parasite,CMNPA 1984-5277
Parasite,CMNPA 1984-5374
Parasite,CMNPA 1984-5382
Parasite,CMNPA 1984-4997
Parasite,CMNPA 1984-4999
Parasite,CMNPA 1984-5003
Parasite,CMNPA 1984-5006
Parasite,CMNPA 1984-5012
Parasite,CMNPA 1984-5015
Mollusc,CMNML 016831
Mollusc,CMNML 016652
Bryophyte,CANM 16915
Bryophyte,CANM 19027
Bryophyte,CANM 13615
Bryophyte,CANM 15516
Bryophyte,CANM 139263
Bryophyte,CANM 13751
Bryophyte,CANM 301231
Bryophyte,CANM 19629
Bryophyte,CANM 13039
Bryophyte,CANM 12451
Bryophyte,CANM 11679
Bryophyte,CANM 18672
Bryophyte,CANM 211789
Bryophyte,CANM 24123
Bryophyte,CANM 127882
Bryophyte,CANM 210796
Bryophyte,CANM 13717
Bryophyte,CANM 19829
Mollusc,CMNML 093067
Mollusc,CMNML 093069
