collection,ID Number
Annelid,CMNA 1989-0680
Annelid,CMNA 1989-0681
Annelid,CMNA 1989-0682
Annelid,CMNA 1989-0683
Annelid,CMNA 1989-0684
Annelid,CMNA 1989-0685
Annelid,CMNA 1989-0686
Annelid,CMNA 1989-0687
Annelid,CMNA 1989-0688
Annelid,CMNA 1989-0689
Annelid,CMNA 1989-0690
Annelid,CMNA 1989-0691
Annelid,CMNA 1989-0692
Annelid,CMNA 1989-0693
Annelid,CMNA 1989-0694
Annelid,CMNA 1989-0695
Annelid,CMNA 1989-0696
Annelid,CMNA 1989-0697
Annelid,CMNA 1989-0698
Annelid,CMNA 1989-0699
Bryophyte,CANM 296675
Bryophyte,CANM 24517
Bryophyte,CANM 230009
Bryophyte,CANM 266117
Bryophyte,CANM 287097
Lichen,CANL 82835
Lichen,CANL 82838
Lichen,CANL 82839
Lichen,CANL 82847
Lichen,CANL 82849
Lichen,CANL 82856
Lichen,CANL 82858
Lichen,CANL 82859
Lichen,CANL 82921
Lichen,CANL 82926
Lichen,CANL 82931
Lichen,CANL 82940
Lichen,CANL 82946
Lichen,CANL 82947
Lichen,CANL 82954
Lichen,CANL 82960
Lichen,CANL 83008
Lichen,CANL 83021
Lichen,CANL 83022
Lichen,CANL 83025
Lichen,CANL 83026
Lichen,CANL 83029
Lichen,CANL 83030
Lichen,CANL 83031
Lichen,CANL 83032
Lichen,CANL 83034
Lichen,CANL 83035
Lichen,CANL 83043
Lichen,CANL 83045
Lichen,CANL 83050
Lichen,CANL 83051
Lichen,CANL 94974
Lichen,CANL 81767
Lichen,CANL 83299
Lichen,CANL 83313
Lichen,CANL 83320
Lichen,CANL 83328
Lichen,CANL 83331
Lichen,CANL 94930
Lichen,CANL 25283
Lichen,CANL 83341
Lichen,CANL 83350
Lichen,CANL 83355
Lichen,CANL 83356
Lichen,CANL 81076
Lichen,CANL 81080
Lichen,CANL 81081
Lichen,CANL 81085
Lichen,CANL 81086
Lichen,CANL 81092
Lichen,CANL 30880
Lichen,CANL 81156
Lichen,CANL 81157
Lichen,CANL 81165
Lichen,CANL 81172
Lichen,CANL 81175
Lichen,CANL 81188
Lichen,CANL 81191
Lichen,CANL 81029
Lichen,CANL 81034
Lichen,CANL 81063
Lichen,CANL 81145
Lichen,CANL 81146
Lichen,CANL 81152
Lichen,CANL 82780
Lichen,CANL 82787
Lichen,CANL 83103
Lichen,CANL 83107
Lichen,CANL 83111
Lichen,CANL 80402
Lichen,CANL 80412
Lichen,CANL 80413
Lichen,CANL 80495
Lichen,CANL 80497
Lichen,CANL 80498
Lichen,CANL 80499
Lichen,CANL 80503
Lichen,CANL 80504
Lichen,CANL 81192
Lichen,CANL 81196
Lichen,CANL 81197
Lichen,CANL 81198
Lichen,CANL 81215
Lichen,CANL 81225
Lichen,CANL 80506
Lichen,CANL 80523
Lichen,CANL 80541
Lichen,CANL 80597
Lichen,CANL 80610
Lichen,CANL 80612
Lichen,CANL 82473
Lichen,CANL 82479
Lichen,CANL 82483
Lichen,CANL 82484
Lichen,CANL 82491
Lichen,CANL 82494
Lichen,CANL 82509
Lichen,CANL 82511
Lichen,CANL 82512
Lichen,CANL 82513
Lichen,CANL 82584
Lichen,CANL 82653
Lichen,CANL 82678
Lichen,CANL 82168
Lichen,CANL 82172
Lichen,CANL 82175
Lichen,CANL 82179
Lichen,CANL 82187
Lichen,CANL 82189
Lichen,CANL 82196
Lichen,CANL 82199
Lichen,CANL 82201
Lichen,CANL 82210
Lichen,CANL 82211
Lichen,CANL 82214
Lichen,CANL 82528
Lichen,CANL 82535
Lichen,CANL 82536
Lichen,CANL 82537
Lichen,CANL 82561
Lichen,CANL 82613
Lichen,CANL 82619
Lichen,CANL 82628
Lichen,CANL 82639
Lichen,CANL 82649
Lichen,CANL 82687
Lichen,CANL 80547
Lichen,CANL 80553
Lichen,CANL 80580
Lichen,CANL 80586
Lichen,CANL 81797
Lichen,CANL 81862
Lichen,CANL 81869
Lichen,CANL 81881
Lichen,CANL 81962
Lichen,CANL 81976
Lichen,CANL 82729
Lichen,CANL 82730
Lichen,CANL 82741
Lichen,CANL 82764
Lichen,CANL 81835
Lichen,CANL 81841
Lichen,CANL 81848
Lichen,CANL 81849
Lichen,CANL 81861
Lichen,CANL 80671
Lichen,CANL 81905
Lichen,CANL 81914
Lichen,CANL 81916
Lichen,CANL 81922
Lichen,CANL 81926
Lichen,CANL 81927
Lichen,CANL 80729
Lichen,CANL 80730
Lichen,CANL 80731
Lichen,CANL 80732
Lichen,CANL 80737
Lichen,CANL 80741
Lichen,CANL 80745
Lichen,CANL 81984
Lichen,CANL 82006
Lichen,CANL 82014
Lichen,CANL 80816
Lichen,CANL 69401
Lichen,CANL 82153
Lichen,CANL 82166
Lichen,CANL 82167
Lichen,CANL 80693
Lichen,CANL 80705
Lichen,CANL 80789
Lichen,CANL 80870
Lichen,CANL 81325
Lichen,CANL 81330
Lichen,CANL 81522
Lichen,CANL 81524
Lichen,CANL 81533
Lichen,CANL 81535
Lichen,CANL 81536
Lichen,CANL 81537
Lichen,CANL 81544
Lichen,CANL 81555
Lichen,CANL 81665
Lichen,CANL 81682
Lichen,CANL 81685
Lichen,CANL 83053
Lichen,CANL 83055
Lichen,CANL 83060
Lichen,CANL 83061
Lichen,CANL 83064
Lichen,CANL 83065
Lichen,CANL 83067
Lichen,CANL 83075
Lichen,CANL 83078
Lichen,CANL 83082
Lichen,CANL 83128
Lichen,CANL 81279
Lichen,CANL 81286
Lichen,CANL 81303
Lichen,CANL 81314
Lichen,CANL 83391
Lichen,CANL 83400
Lichen,CANL 83404
Lichen,CANL 83410
Lichen,CANL 81363
Lichen,CANL 96077
Lichen,CANL 80471
Lichen,CANL 80595
Lichen,CANL 80687
Lichen,CANL 80736
Lichen,CANL 83468
Lichen,CANL 83494
Lichen,CANL 83495
Lichen,CANL 83496
Lichen,CANL 83498
Lichen,CANL 83500
Lichen,CANL 83506
Lichen,CANL 83509
Lichen,CANL 83510
Lichen,CANL 81598
Lichen,CANL 83280
Lichen,CANL 83282
Lichen,CANL 83292
Lichen,CANL 94615
Lichen,CANL 94616
Lichen,CANL 83458
Lichen,CANL 82217
Lichen,CANL 82219
Lichen,CANL 82220
Lichen,CANL 82222
Lichen,CANL 82237
Lichen,CANL 82238
Lichen,CANL 82241
Lichen,CANL 82245
Lichen,CANL 82256
Lichen,CANL 82257
Lichen,CANL 83514
Lichen,CANL 83515
Lichen,CANL 83516
Lichen,CANL 83519
Lichen,CANL 83528
Lichen,CANL 83530
Lichen,CANL 83532
Lichen,CANL 83547
Lichen,CANL 82306
Lichen,CANL 82325
Lichen,CANL 82416
Lichen,CANL 1398
Lichen,CANL 82263
Lichen,CANL 82264
Lichen,CANL 82265
Lichen,CANL 82267
Lichen,CANL 82287
Lichen,CANL 82289
Lichen,CANL 82290
Lichen,CANL 82293
Lichen,CANL 82298
Lichen,CANL 82303
Lichen,CANL 82375
Lichen,CANL 82434
Lichen,CANL 82442
Lichen,CANL 82447
Lichen,CANL 82450
Lichen,CANL 82451
Lichen,CANL 82452
Lichen,CANL 82453
Lichen,CANL 82454
Lichen,CANL 82456
Lichen,CANL 82457
Lichen,CANL 82458
Lichen,CANL 82460
Lichen,CANL 82462
Lichen,CANL 82465
Lichen,CANL 82466
Lichen,CANL 82467
Lichen,CANL 81688
Lichen,CANL 81689
Lichen,CANL 81691
Lichen,CANL 81697
Lichen,CANL 81705
Lichen,CANL 81708
Lichen,CANL 81712
Lichen,CANL 81713
Lichen,CANL 81715
Lichen,CANL 81716
Lichen,CANL 81718
Lichen,CANL 81719
Lichen,CANL 81720
Lichen,CANL 81722
Lichen,CANL 81726
Lichen,CANL 81729
Lichen,CANL 81731
Lichen,CANL 83120
Lichen,CANL 82795
Lichen,CANL 82807
Lichen,CANL 82809
Lichen,CANL 82872
Lichen,CANL 82874
Lichen,CANL 82875
Lichen,CANL 82879
Lichen,CANL 82889
Lichen,CANL 82891
Lichen,CANL 82892
Lichen,CANL 82893
Lichen,CANL 82894
Lichen,CANL 82895
Lichen,CANL 82898
Lichen,CANL 82903
Lichen,CANL 82908
Lichen,CANL 82913
Lichen,CANL 82914
Lichen,CANL 82915
Lichen,CANL 82916
Lichen,CANL 82965
Lichen,CANL 82969
Lichen,CANL 82976
Lichen,CANL 82977
Lichen,CANL 82978
Lichen,CANL 82980
Lichen,CANL 82982
Lichen,CANL 82983
Lichen,CANL 82984
Lichen,CANL 82985
Lichen,CANL 82990
Lichen,CANL 82991
Lichen,CANL 82992
Lichen,CANL 82995
Lichen,CANL 82996
Lichen,CANL 82997
Lichen,CANL 83003
Lichen,CANL 80934
Lichen,CANL 80981
Lichen,CANL 0089948A
Lichen,CANL 3199
Lichen,CANL 97446
Lichen,CANL 97447
Lichen,CANL 97452
Lichen,CANL 97457
Lichen,CANL 97459
Lichen,CANL 97461
Lichen,CANL 97462
Lichen,CANL 97551
Lichen,CANL 97470
Lichen,CANL 10074
Lichen,CANL 83654
Lichen,CANL 83656
Lichen,CANL 83672
Lichen,CANL 83684
Lichen,CANL 83689
Lichen,CANL 83694
Lichen,CANL 83698
Lichen,CANL 83700
Lichen,CANL 83701
Lichen,CANL 83704
Lichen,CANL 83705
Lichen,CANL 83706
Lichen,CANL 83707
Lichen,CANL 0084910A
Lichen,CANL 86355
Lichen,CANL 83653
Lichen,CANL 83568
Lichen,CANL 83583
Lichen,CANL 83584
Lichen,CANL 83585
Lichen,CANL 83586
Lichen,CANL 83596
Lichen,CANL 83609
Lichen,CANL 83635
Lichen,CANL 83645
Lichen,CANL 83646
Vascular Plant,CAN 194833
Vascular Plant,CAN 182984
Vascular Plant,CAN 79639
Vascular Plant,CAN 254023
Vascular Plant,CAN 84316
Vascular Plant,CAN 182398
Vascular Plant,CAN 165464
Vascular Plant,CAN 319430
Vascular Plant,CAN 315317
Vascular Plant,CAN 411126
Vascular Plant,CAN 300398
Vascular Plant,CAN 410875
Vascular Plant,CAN 464322
Vascular Plant,CAN 458308
Vascular Plant,CAN 435883
Vascular Plant,CAN 453874
Vascular Plant,CAN 443477
Vascular Plant,CAN 430872
Vascular Plant,CAN 436890
Vascular Plant,CAN 0433405B
Vascular Plant,CAN 0456295A
Vascular Plant,CAN 0456297A
Vascular Plant,CAN 440327
Vascular Plant,CAN 436600
Vascular Plant,CAN 440329
Vascular Plant,CAN 440331
Vascular Plant,CAN 456297
Vascular Plant,CAN 456295
Vascular Plant,CAN 464547
Vascular Plant,CAN 440320
Vascular Plant,CAN 440360
Vascular Plant,CAN 0440335A
Vascular Plant,CAN 440338
Vascular Plant,CAN 440337
Vascular Plant,CAN 440339
Vascular Plant,CAN 440340
Vascular Plant,CAN 440344
Vascular Plant,CAN 440345
Vascular Plant,CAN 440346
Vascular Plant,CAN 440348
Vascular Plant,CAN 440351
Vascular Plant,CAN 440353
Vascular Plant,CAN 440357
Vascular Plant,CAN 440361
Vascular Plant,CAN 452115
Vascular Plant,CAN 453513
Vascular Plant,CAN 457556
Vascular Plant,CAN 457600
Vascular Plant,CAN 547524
Vascular Plant,CAN 476066
Vascular Plant,CAN 476556
Vascular Plant,CAN 476557
Vascular Plant,CAN 501600
Vascular Plant,CAN 465255
Vascular Plant,CAN 485800
Vascular Plant,CAN 485847
Vascular Plant,CAN 469782
Vascular Plant,CAN 485705
Vascular Plant,CAN 526662
Vascular Plant,CAN 526719
Vascular Plant,CAN 526720
Vascular Plant,CAN 526730
Vascular Plant,CAN 526751
Vascular Plant,CAN 526752
Vascular Plant,CAN 526753
Vascular Plant,CAN 526773
Vascular Plant,CAN 526794
Vascular Plant,CAN 526795
Vascular Plant,CAN 526848
Vascular Plant,CAN 525698
Vascular Plant,CAN 526870
Vascular Plant,CAN 526871
Vascular Plant,CAN 526872
Vascular Plant,CAN 526873
Vascular Plant,CAN 526879
Vascular Plant,CAN 523915
Vascular Plant,CAN 521639
Vascular Plant,CAN 522507
Vascular Plant,CAN 523967
Vascular Plant,CAN 523970
Vascular Plant,CAN 523976
Vascular Plant,CAN 523997
Vascular Plant,CAN 523675
Vascular Plant,CAN 534324
Vascular Plant,CAN 533305
