mkey,Collection,ID Number
33439,Fish,CMNFI 1983-0683.2
33601,Fish,CMNFI 1983-0875
37692,Fish,CMNFI 1983-0190.1
40991,Fish,CMNFI 1988-0014
43990,Fish,CMNFI 1986-0419.1
43992,Fish,CMNFI 1986-0419.3
44675,Fish,CMNFI 1981-0471.1
44871,Fish,CMNFI 1990-0001.1
56950,Fish,CMNFI 1977-1367.8
108252,Vascular Plant,CAN 278560
133411,Vascular Plant,CAN 448964
133414,Vascular Plant,CAN 448944
145816,Vascular Plant,CAN 493149
321932,Fossil Vertebrate,CMNFV 16054
321996,Fossil Vertebrate,CMNFV 16078
322069,Fossil Vertebrate,CMNFV 16151
322088,Fossil Vertebrate,CMNFV 16170
322121,Fossil Vertebrate,CMNFV 16203
322244,Fossil Vertebrate,CMNFV 16326
322249,Fossil Vertebrate,CMNFV 16331
322251,Fossil Vertebrate,CMNFV 16333
322295,Fossil Vertebrate,CMNFV 16377
322328,Fossil Vertebrate,CMNFV 16410
322339,Fossil Vertebrate,CMNFV 16421
322380,Fossil Vertebrate,CMNFV 16462
322431,Fossil Vertebrate,CMNFV 16513
322443,Fossil Vertebrate,CMNFV 16525
322500,Fossil Vertebrate,CMNFV 16582
322538,Fossil Vertebrate,CMNFV 16620
322565,Fossil Vertebrate,CMNFV 16647
322600,Fossil Vertebrate,CMNFV 16682
322625,Fossil Vertebrate,CMNFV 16707
322634,Fossil Vertebrate,CMNFV 16716
322638,Fossil Vertebrate,CMNFV 16720
322648,Fossil Vertebrate,CMNFV 16730
322681,Fossil Vertebrate,CMNFV 16763
322688,Fossil Vertebrate,CMNFV 16770
322692,Fossil Vertebrate,CMNFV 16774
322710,Fossil Vertebrate,CMNFV 16792
322762,Fossil Vertebrate,CMNFV 16844
322782,Fossil Vertebrate,CMNFV 16864
322816,Fossil Vertebrate,CMNFV 16898
322822,Fossil Vertebrate,CMNFV 16904
322825,Fossil Vertebrate,CMNFV 16907
322855,Fossil Vertebrate,CMNFV 16937
322866,Fossil Vertebrate,CMNFV 16948
322928,Fossil Vertebrate,CMNFV 17011
322955,Fossil Vertebrate,CMNFV 17038
322963,Fossil Vertebrate,CMNFV 17046
322993,Fossil Vertebrate,CMNFV 17076
323021,Fossil Vertebrate,CMNFV 17104
323041,Fossil Vertebrate,CMNFV 17124
323066,Fossil Vertebrate,CMNFV 17150
323085,Fossil Vertebrate,CMNFV 17169(DELETED
323103,Fossil Vertebrate,CMNFV 17187
323147,Fossil Vertebrate,CMNFV 17231
323169,Fossil Vertebrate,CMNFV 17253
323250,Fossil Vertebrate,CMNFV 17334
323253,Fossil Vertebrate,CMNFV 17337
323373,Fossil Vertebrate,CMNFV 17548
323374,Fossil Vertebrate,CMNFV 17549
323522,Fossil Vertebrate,CMNFV 17698
323523,Fossil Vertebrate,CMNFV 17699
323668,Fossil Vertebrate,CMNFV 17844
323721,Fossil Vertebrate,CMNFV 17897
323788,Fossil Vertebrate,CMNFV 17964
323790,Fossil Vertebrate,CMNFV 17966
323791,Fossil Vertebrate,CMNFV 17967
323805,Fossil Vertebrate,CMNFV 17981
323860,Fossil Vertebrate,CMNFV 18036
323863,Fossil Vertebrate,CMNFV 18039
323883,Fossil Vertebrate,CMNFV 18059
323905,Fossil Vertebrate,CMNFV 18081
323925,Fossil Vertebrate,CMNFV 18101
324006,Fossil Vertebrate,CMNFV 18182
324021,Fossil Vertebrate,CMNFV 18197
324023,Fossil Vertebrate,CMNFV 18199
324287,Fossil Vertebrate,CMNFV 18480
324552,Fossil Vertebrate,CMNFV 18494
324623,Fossil Vertebrate,CMNFV 18567
324706,Fossil Vertebrate,CMNFV 18649
324747,Fossil Vertebrate,CMNFV 18691
324810,Fossil Vertebrate,CMNFV 18754
324963,Fossil Vertebrate,CMNFV 18909
324990,Fossil Vertebrate,CMNFV 18936
325006,Fossil Vertebrate,CMNFV 18952
325065,Fossil Vertebrate,CMNFV 19011
325104,Fossil Vertebrate,CMNFV 19051
325117,Fossil Vertebrate,CMNFV 19064
325160,Fossil Vertebrate,CMNFV 19107
325195,Fossil Vertebrate,CMNFV 19142
325263,Fossil Vertebrate,CMNFV 19210
325289,Fossil Vertebrate,CMNFV 19236
325302,Fossil Vertebrate,CMNFV 19249
325359,Fossil Vertebrate,CMNFV 19307
325406,Fossil Vertebrate,CMNFV 19353
325482,Fossil Vertebrate,CMNFV 19429
325492,Fossil Vertebrate,CMNFV 19439
325500,Fossil Vertebrate,CMNFV 19447
325541,Fossil Vertebrate,CMNFV 19488
325548,Fossil Vertebrate,CMNFV 19495
325682,Fossil Vertebrate,CMNFV 20138
325735,Fossil Vertebrate,CMNFV 20191
325771,Fossil Vertebrate,CMNFV 20227
325832,Fossil Vertebrate,CMNFV 20288
325849,Fossil Vertebrate,CMNFV 20305
325861,Fossil Vertebrate,CMNFV 20317
325956,Fossil Vertebrate,CMNFV 19582
325963,Fossil Vertebrate,CMNFV 19589
325964,Fossil Vertebrate,CMNFV 19590
325965,Fossil Vertebrate,CMNFV 19591
325972,Fossil Vertebrate,CMNFV 19598
325983,Fossil Vertebrate,CMNFV 19600
325985,Fossil Vertebrate,CMNFV 19602
325996,Fossil Vertebrate,CMNFV 19613
326014,Fossil Vertebrate,CMNFV 19631
326035,Fossil Vertebrate,CMNFV 19652
326036,Fossil Vertebrate,CMNFV 19653
326043,Fossil Vertebrate,CMNFV 19660
326044,Fossil Vertebrate,CMNFV 19661
326053,Fossil Vertebrate,CMNFV 19670
326057,Fossil Vertebrate,CMNFV 19674
326071,Fossil Vertebrate,CMNFV 19688
326076,Fossil Vertebrate,CMNFV 19693
326077,Fossil Vertebrate,CMNFV 19694
326078,Fossil Vertebrate,CMNFV 19695
326079,Fossil Vertebrate,CMNFV 19696
326080,Fossil Vertebrate,CMNFV 19697
326081,Fossil Vertebrate,CMNFV 19698
326082,Fossil Vertebrate,CMNFV 19699
326123,Fossil Vertebrate,CMNFV 19740
326149,Fossil Vertebrate,CMNFV 19766
326159,Fossil Vertebrate,CMNFV 19776
326227,Fossil Vertebrate,CMNFV 19844
326228,Fossil Vertebrate,CMNFV 19845
326229,Fossil Vertebrate,CMNFV 19846
326281,Fossil Vertebrate,CMNFV 19898
326293,Fossil Vertebrate,CMNFV 19910
326299,Fossil Vertebrate,CMNFV 19916
326320,Fossil Vertebrate,CMNFV 19937
326321,Fossil Vertebrate,CMNFV 19938
326322,Fossil Vertebrate,CMNFV 19939
326323,Fossil Vertebrate,CMNFV 19940
326324,Fossil Vertebrate,CMNFV 19941
326325,Fossil Vertebrate,CMNFV 19942
326326,Fossil Vertebrate,CMNFV 19943
326327,Fossil Vertebrate,CMNFV 19944
326328,Fossil Vertebrate,CMNFV 19945
326434,Fossil Vertebrate,CMNFV 20384
326484,Fossil Vertebrate,CMNFV 20434
326558,Fossil Vertebrate,CMNFV 20508
326626,Fossil Vertebrate,CMNFV 20576
326682,Fossil Vertebrate,CMNFV 20632
326732,Fossil Vertebrate,CMNFV 20682
326767,Fossil Vertebrate,CMNFV 20718
326838,Fossil Vertebrate,CMNFV 20789
326857,Fossil Vertebrate,CMNFV 20808
326891,Fossil Vertebrate,CMNFV 20843
326904,Fossil Vertebrate,CMNFV 20856
326925,Fossil Vertebrate,CMNFV 20877
327060,Fossil Vertebrate,CMNFV 2
327061,Fossil Vertebrate,CMNFV 3
327062,Fossil Vertebrate,CMNFV 4
327063,Fossil Vertebrate,CMNFV 5
327064,Fossil Vertebrate,CMNFV 6
327065,Fossil Vertebrate,CMNFV 7
327076,Fossil Vertebrate,CMNFV 21009
327133,Fossil Vertebrate,CMNFV 21066
327176,Fossil Vertebrate,CMNFV 21310
327177,Fossil Vertebrate,CMNFV 21311
327313,Fossil Vertebrate,CMNFV 22138
327780,Fossil Vertebrate,CMNFV 22255
328094,Fossil Vertebrate,CMNFV 22553
328133,Fossil Vertebrate,CMNFV 22592
328316,Fossil Vertebrate,CMNFV 23028
328317,Fossil Vertebrate,CMNFV 23029
328318,Fossil Vertebrate,CMNFV 23030
328435,Fossil Vertebrate,CMNFV 23143
328447,Fossil Vertebrate,CMNFV 23135
328459,Fossil Vertebrate,CMNFV 23157
328545,Fossil Vertebrate,CMNFV 23212
328576,Fossil Vertebrate,CMNFV 23243
328665,Fossil Vertebrate,CMNFV 23332
328783,Fossil Vertebrate,CMNFV 5824
328921,Fossil Vertebrate,CMNFV 23556
329033,Fossil Vertebrate,CMNFV 23633
329558,Fossil Vertebrate,CMNFV 23813
329807,Fossil Vertebrate,CMNFV 24020
329837,Fossil Vertebrate,CMNFV 24050
329849,Fossil Vertebrate,CMNFV 24065
329860,Fossil Vertebrate,CMNFV 24078
329888,Fossil Vertebrate,CMNFV 24101
329914,Fossil Vertebrate,CMNFV 24127
329986,Fossil Vertebrate,CMNFV 24200
330028,Fossil Vertebrate,CMNFV 24240
330040,Fossil Vertebrate,CMNFV 24252
330059,Fossil Vertebrate,CMNFV 24272
330094,Fossil Vertebrate,CMNFV 24303
330152,Fossil Vertebrate,CMNFV 24364
330171,Fossil Vertebrate,CMNFV 24383
330637,Fossil Vertebrate,CMNFV 24851
330638,Fossil Vertebrate,CMNFV 24852
330689,Fossil Vertebrate,CMNFV 24904
330774,Fossil Vertebrate,CMNFV 24989
330825,Fossil Vertebrate,CMNFV 25045
330975,Fossil Vertebrate,CMNFV 25195
330979,Fossil Vertebrate,CMNFV 25199
330980,Fossil Vertebrate,CMNFV 25200
331076,Fossil Vertebrate,CMNFV 8706
331191,Fossil Vertebrate,CMNFV 13816
331220,Fossil Vertebrate,CMNFV 13845
331345,Fossil Vertebrate,CMNFV 8807
331406,Fossil Vertebrate,CMNFV 8871
331407,Fossil Vertebrate,CMNFV 8872
331412,Fossil Vertebrate,CMNFV 8877
331450,Fossil Vertebrate,CMNFV 25262G
331716,Fossil Vertebrate,CMNFV 25532
331717,Fossil Vertebrate,CMNFV 25533
331725,Fossil Vertebrate,CMNFV 25541
331728,Fossil Vertebrate,CMNFV 25545
331729,Fossil Vertebrate,CMNFV 25546
331730,Fossil Vertebrate,CMNFV 25547
331731,Fossil Vertebrate,CMNFV 25548
331732,Fossil Vertebrate,CMNFV 25549
331734,Fossil Vertebrate,CMNFV 25550
331735,Fossil Vertebrate,CMNFV 25551
331736,Fossil Vertebrate,CMNFV 25552
331737,Fossil Vertebrate,CMNFV 25553
331738,Fossil Vertebrate,CMNFV 25554
331739,Fossil Vertebrate,CMNFV 25555
331740,Fossil Vertebrate,CMNFV 25556
331741,Fossil Vertebrate,CMNFV 25557
331742,Fossil Vertebrate,CMNFV 25558
331743,Fossil Vertebrate,CMNFV 25559
331744,Fossil Vertebrate,CMNFV 25560
331745,Fossil Vertebrate,CMNFV 25561
331746,Fossil Vertebrate,CMNFV 25562
331747,Fossil Vertebrate,CMNFV 25563
331748,Fossil Vertebrate,CMNFV 25564
331749,Fossil Vertebrate,CMNFV 25565
331750,Fossil Vertebrate,CMNFV 25566
331751,Fossil Vertebrate,CMNFV 25567
331752,Fossil Vertebrate,CMNFV 25568
331753,Fossil Vertebrate,CMNFV 25569
331754,Fossil Vertebrate,CMNFV 25570
331755,Fossil Vertebrate,CMNFV 25571
331756,Fossil Vertebrate,CMNFV 25572
331757,Fossil Vertebrate,CMNFV 25573
331758,Fossil Vertebrate,CMNFV 25574
331759,Fossil Vertebrate,CMNFV 25575
331760,Fossil Vertebrate,CMNFV 25577
331761,Fossil Vertebrate,CMNFV 25576
331762,Fossil Vertebrate,CMNFV 25578
331763,Fossil Vertebrate,CMNFV 25579
331764,Fossil Vertebrate,CMNFV 25580
331765,Fossil Vertebrate,CMNFV 25581
331766,Fossil Vertebrate,CMNFV 25582
331767,Fossil Vertebrate,CMNFV 25583
331768,Fossil Vertebrate,CMNFV 25584
331769,Fossil Vertebrate,CMNFV 25585
331770,Fossil Vertebrate,CMNFV 25586
331771,Fossil Vertebrate,CMNFV 25587
331772,Fossil Vertebrate,CMNFV 25588
331773,Fossil Vertebrate,CMNFV 25589
331774,Fossil Vertebrate,CMNFV 25590
331775,Fossil Vertebrate,CMNFV 25591
331776,Fossil Vertebrate,CMNFV 25592
331777,Fossil Vertebrate,CMNFV 25594
331778,Fossil Vertebrate,CMNFV 25593
331779,Fossil Vertebrate,CMNFV 25595
331785,Fossil Vertebrate,CMNFV 25601
332000,Fossil Vertebrate,CMNFV 25816
332164,Fossil Vertebrate,CMNFV 25978
332306,Fossil Vertebrate,CMNFV 26117
332365,Fossil Vertebrate,CMNFV 26179
332419,Fossil Vertebrate,CMNFV 26613
332443,Fossil Vertebrate,CMNFV 26637
332596,Fossil Vertebrate,CMNFV 26790
332805,Fossil Vertebrate,CMNFV 26990
332906,Fossil Vertebrate,CMNFV 27099
332978,Fossil Vertebrate,CMNFV 27172
332990,Fossil Vertebrate,CMNFV 27182
333140,Fossil Vertebrate,CMNFV 27336
333305,Fossil Vertebrate,CMNFV 27501
333712,Fossil Vertebrate,CMNFV 27908
333713,Fossil Vertebrate,CMNFV 27909
333764,Fossil Vertebrate,CMNFV 27960
333901,Fossil Vertebrate,CMNFV 28097
333974,Fossil Vertebrate,CMNFV 28170
334075,Fossil Vertebrate,CMNFV 28271
334526,Fossil Vertebrate,CMNFV 28726
334680,Fossil Vertebrate,CMNFV 28880
335286,Fossil Vertebrate,CMNFV 31172
335650,Fossil Vertebrate,CMNFV 31558
335755,Fossil Vertebrate,CMNFV 31713
335972,Fossil Vertebrate,CMNFV 31930
335973,Fossil Vertebrate,CMNFV 31931
336077,Fossil Vertebrate,CMNFV 32035
336248,Fossil Vertebrate,CMNFV 32206
336249,Fossil Vertebrate,CMNFV 32207
336250,Fossil Vertebrate,CMNFV 32208
336251,Fossil Vertebrate,CMNFV 32209
336325,Fossil Vertebrate,CMNFV 32661
336335,Fossil Vertebrate,CMNFV 32671
336365,Fossil Vertebrate,CMNFV 32701
336372,Fossil Vertebrate,CMNFV 32708
336376,Fossil Vertebrate,CMNFV 32712
336386,Fossil Vertebrate,CMNFV 32722
336387,Fossil Vertebrate,CMNFV 32723
336395,Fossil Vertebrate,CMNFV 32731
336400,Fossil Vertebrate,CMNFV 32737
336407,Fossil Vertebrate,CMNFV 32743
336421,Fossil Vertebrate,CMNFV 32757
336425,Fossil Vertebrate,CMNFV 32761
336434,Fossil Vertebrate,CMNFV 32770
336439,Fossil Vertebrate,CMNFV 32775
336440,Fossil Vertebrate,CMNFV 32776
336445,Fossil Vertebrate,CMNFV 32781
336448,Fossil Vertebrate,CMNFV 32784
336450,Fossil Vertebrate,CMNFV 32786
336452,Fossil Vertebrate,CMNFV 32788
336453,Fossil Vertebrate,CMNFV 32789
336463,Fossil Vertebrate,CMNFV 32799
336477,Fossil Vertebrate,CMNFV 32813
336481,Fossil Vertebrate,CMNFV 32817
336489,Fossil Vertebrate,CMNFV 32825
336518,Fossil Vertebrate,CMNFV 32854
336543,Fossil Vertebrate,CMNFV 32880
336550,Fossil Vertebrate,CMNFV 32887
336590,Fossil Vertebrate,CMNFV 32927
336591,Fossil Vertebrate,CMNFV 32928
336605,Fossil Vertebrate,CMNFV 32942
336606,Fossil Vertebrate,CMNFV 32943
336629,Fossil Vertebrate,CMNFV 32966
336643,Fossil Vertebrate,CMNFV 32980
337622,Fossil Vertebrate,CMNFV 33958
338089,Fossil Vertebrate,CMNFV 35225
338090,Fossil Vertebrate,CMNFV 35226
338091,Fossil Vertebrate,CMNFV 35227
338092,Fossil Vertebrate,CMNFV 35228
338093,Fossil Vertebrate,CMNFV 35229
338491,Fossil Vertebrate,CMNFV 35620
339326,Fossil Vertebrate,CMNFV 36453
339334,Fossil Vertebrate,CMNFV 36461
339335,Fossil Vertebrate,CMNFV 36462
339336,Fossil Vertebrate,CMNFV 36463
339337,Fossil Vertebrate,CMNFV 36466
339339,Fossil Vertebrate,CMNFV 36465
339340,Fossil Vertebrate,CMNFV 36468
339341,Fossil Vertebrate,CMNFV 36469
339369,Fossil Vertebrate,CMNFV 36496
339483,Fossil Vertebrate,CMNFV 36610
340263,Fossil Vertebrate,CMNFV 37371
340577,Fossil Vertebrate,CMNFV 44823
340653,Fossil Vertebrate,CMNFV 44873
340747,Fossil Vertebrate,CMNFV 45020
340767,Fossil Vertebrate,CMNFV 45040
340780,Fossil Vertebrate,CMNFV 45053
340880,Fossil Vertebrate,CMNFV 45156
340975,Fossil Vertebrate,CMNFV 45256
341150,Fossil Vertebrate,CMNFV 21101
341151,Fossil Vertebrate,CMNFV 21102
341152,Fossil Vertebrate,CMNFV 21103
341153,Fossil Vertebrate,CMNFV 21104
341154,Fossil Vertebrate,CMNFV 21105
341155,Fossil Vertebrate,CMNFV 21106
341156,Fossil Vertebrate,CMNFV 21107
341157,Fossil Vertebrate,CMNFV 21108
341158,Fossil Vertebrate,CMNFV 21109
341159,Fossil Vertebrate,CMNFV 21110
341160,Fossil Vertebrate,CMNFV 21111
341161,Fossil Vertebrate,CMNFV 21112
341162,Fossil Vertebrate,CMNFV 21113
341163,Fossil Vertebrate,CMNFV 21114
341164,Fossil Vertebrate,CMNFV 21115
341165,Fossil Vertebrate,CMNFV 21116
341166,Fossil Vertebrate,CMNFV 21117
341167,Fossil Vertebrate,CMNFV 21118
341168,Fossil Vertebrate,CMNFV 21119
341169,Fossil Vertebrate,CMNFV 21120
341170,Fossil Vertebrate,CMNFV 21121
341171,Fossil Vertebrate,CMNFV 21122
341172,Fossil Vertebrate,CMNFV 21123
341173,Fossil Vertebrate,CMNFV 21124
341174,Fossil Vertebrate,CMNFV 21125
341175,Fossil Vertebrate,CMNFV 21126
341176,Fossil Vertebrate,CMNFV 21127
341177,Fossil Vertebrate,CMNFV 21128
341178,Fossil Vertebrate,CMNFV 21129
341179,Fossil Vertebrate,CMNFV 21130
341180,Fossil Vertebrate,CMNFV 21132
341181,Fossil Vertebrate,CMNFV 21133
341182,Fossil Vertebrate,CMNFV 21134
341183,Fossil Vertebrate,CMNFV 21135
341184,Fossil Vertebrate,CMNFV 21136
341185,Fossil Vertebrate,CMNFV 21137
341186,Fossil Vertebrate,CMNFV 21138
341187,Fossil Vertebrate,CMNFV 21139
341188,Fossil Vertebrate,CMNFV 21140
341189,Fossil Vertebrate,CMNFV 21141
341190,Fossil Vertebrate,CMNFV 21142
341191,Fossil Vertebrate,CMNFV 21143
341192,Fossil Vertebrate,CMNFV 21144
341193,Fossil Vertebrate,CMNFV 21145
341194,Fossil Vertebrate,CMNFV 21146
341195,Fossil Vertebrate,CMNFV 21147
341196,Fossil Vertebrate,CMNFV 21148
341197,Fossil Vertebrate,CMNFV 21149
341198,Fossil Vertebrate,CMNFV 21150
341199,Fossil Vertebrate,CMNFV 21151
341200,Fossil Vertebrate,CMNFV 21152
341201,Fossil Vertebrate,CMNFV 21153
341202,Fossil Vertebrate,CMNFV 21154
341203,Fossil Vertebrate,CMNFV 21155
341204,Fossil Vertebrate,CMNFV 21156
341205,Fossil Vertebrate,CMNFV 21157
341206,Fossil Vertebrate,CMNFV 21158
341207,Fossil Vertebrate,CMNFV 21159
341208,Fossil Vertebrate,CMNFV 21160
341209,Fossil Vertebrate,CMNFV 21161
341210,Fossil Vertebrate,CMNFV 21162
341211,Fossil Vertebrate,CMNFV 21163
341212,Fossil Vertebrate,CMNFV 21164
341213,Fossil Vertebrate,CMNFV 21165
341214,Fossil Vertebrate,CMNFV 21166
341215,Fossil Vertebrate,CMNFV 21167
341216,Fossil Vertebrate,CMNFV 21168
341217,Fossil Vertebrate,CMNFV 21169
341218,Fossil Vertebrate,CMNFV 21170
341219,Fossil Vertebrate,CMNFV 21171
341220,Fossil Vertebrate,CMNFV 21172
341221,Fossil Vertebrate,CMNFV 21173
341222,Fossil Vertebrate,CMNFV 21174
341223,Fossil Vertebrate,CMNFV 21175
341224,Fossil Vertebrate,CMNFV 21176
341225,Fossil Vertebrate,CMNFV 21177
341226,Fossil Vertebrate,CMNFV 21178
341227,Fossil Vertebrate,CMNFV 21179
341228,Fossil Vertebrate,CMNFV 21180
341229,Fossil Vertebrate,CMNFV 21181
341230,Fossil Vertebrate,CMNFV 21182
341231,Fossil Vertebrate,CMNFV 21184
341232,Fossil Vertebrate,CMNFV 21185
341233,Fossil Vertebrate,CMNFV 21186
341234,Fossil Vertebrate,CMNFV 21187
341235,Fossil Vertebrate,CMNFV 21188
341236,Fossil Vertebrate,CMNFV 21189
341237,Fossil Vertebrate,CMNFV 21190
341238,Fossil Vertebrate,CMNFV 21191
341239,Fossil Vertebrate,CMNFV 21192
341240,Fossil Vertebrate,CMNFV 21193
341241,Fossil Vertebrate,CMNFV 21194
341242,Fossil Vertebrate,CMNFV 21195
341243,Fossil Vertebrate,CMNFV 21196
341244,Fossil Vertebrate,CMNFV 21197
341245,Fossil Vertebrate,CMNFV 21198
341246,Fossil Vertebrate,CMNFV 21199
341247,Fossil Vertebrate,CMNFV 211200
341248,Fossil Vertebrate,CMNFV 21201
341249,Fossil Vertebrate,CMNFV 21202
341250,Fossil Vertebrate,CMNFV 21203
341251,Fossil Vertebrate,CMNFV 21204
341252,Fossil Vertebrate,CMNFV 21205
341253,Fossil Vertebrate,CMNFV 21206
341254,Fossil Vertebrate,CMNFV 21207
341255,Fossil Vertebrate,CMNFV 21208
341256,Fossil Vertebrate,CMNFV 21209
341257,Fossil Vertebrate,CMNFV 21210
341258,Fossil Vertebrate,CMNFV 21211
341259,Fossil Vertebrate,CMNFV 21212
341260,Fossil Vertebrate,CMNFV 21213
341261,Fossil Vertebrate,CMNFV 21214
341262,Fossil Vertebrate,CMNFV 21215
341263,Fossil Vertebrate,CMNFV 21216
341264,Fossil Vertebrate,CMNFV 21217
341265,Fossil Vertebrate,CMNFV 21218
341266,Fossil Vertebrate,CMNFV 21219
341267,Fossil Vertebrate,CMNFV 21220
341268,Fossil Vertebrate,CMNFV 21221
341269,Fossil Vertebrate,CMNFV 21222
341270,Fossil Vertebrate,CMNFV 21223
341271,Fossil Vertebrate,CMNFV 21224
341272,Fossil Vertebrate,CMNFV 21225
341273,Fossil Vertebrate,CMNFV 21226
341274,Fossil Vertebrate,CMNFV 21227
341275,Fossil Vertebrate,CMNFV 21228
341276,Fossil Vertebrate,CMNFV 21229
341277,Fossil Vertebrate,CMNFV 21230
341278,Fossil Vertebrate,CMNFV 21231
341279,Fossil Vertebrate,CMNFV 21232
341280,Fossil Vertebrate,CMNFV 21233
341281,Fossil Vertebrate,CMNFV 21234
341282,Fossil Vertebrate,CMNFV 21235
341283,Fossil Vertebrate,CMNFV 21236
341284,Fossil Vertebrate,CMNFV 21237
341285,Fossil Vertebrate,CMNFV 21238
341286,Fossil Vertebrate,CMNFV 21239
341287,Fossil Vertebrate,CMNFV 21240
341288,Fossil Vertebrate,CMNFV 21241
341289,Fossil Vertebrate,CMNFV 21242
341290,Fossil Vertebrate,CMNFV 21243
341291,Fossil Vertebrate,CMNFV 21244
341292,Fossil Vertebrate,CMNFV 21245
341293,Fossil Vertebrate,CMNFV 21246
341294,Fossil Vertebrate,CMNFV 21247
341295,Fossil Vertebrate,CMNFV 21248
341296,Fossil Vertebrate,CMNFV 21249
341297,Fossil Vertebrate,CMNFV 21250
341298,Fossil Vertebrate,CMNFV 21251
341299,Fossil Vertebrate,CMNFV 21252
341300,Fossil Vertebrate,CMNFV 21253
341301,Fossil Vertebrate,CMNFV 21254
341302,Fossil Vertebrate,CMNFV 21255
341303,Fossil Vertebrate,CMNFV 21256
341304,Fossil Vertebrate,CMNFV 21257
341305,Fossil Vertebrate,CMNFV 21258
341306,Fossil Vertebrate,CMNFV 21259
341307,Fossil Vertebrate,CMNFV 21260
341308,Fossil Vertebrate,CMNFV 21261
341309,Fossil Vertebrate,CMNFV 21262
341310,Fossil Vertebrate,CMNFV 21263
341311,Fossil Vertebrate,CMNFV 21264
341312,Fossil Vertebrate,CMNFV 21265
341313,Fossil Vertebrate,CMNFV 21266
341314,Fossil Vertebrate,CMNFV 21267
341315,Fossil Vertebrate,CMNFV 21268
341316,Fossil Vertebrate,CMNFV 21269
341317,Fossil Vertebrate,CMNFV 21270
341318,Fossil Vertebrate,CMNFV 21271
341319,Fossil Vertebrate,CMNFV 21272
341320,Fossil Vertebrate,CMNFV 21273
341321,Fossil Vertebrate,CMNFV 21274
341322,Fossil Vertebrate,CMNFV 21275
341323,Fossil Vertebrate,CMNFV 21276
341324,Fossil Vertebrate,CMNFV 21277
341325,Fossil Vertebrate,CMNFV 21278
341326,Fossil Vertebrate,CMNFV 21279
341327,Fossil Vertebrate,CMNFV 21280
341328,Fossil Vertebrate,CMNFV 21281
341329,Fossil Vertebrate,CMNFV 21282
341330,Fossil Vertebrate,CMNFV 21283
341331,Fossil Vertebrate,CMNFV 21284
341332,Fossil Vertebrate,CMNFV 21285
341333,Fossil Vertebrate,CMNFV 21286
341334,Fossil Vertebrate,CMNFV 21287
341335,Fossil Vertebrate,CMNFV 21288
341336,Fossil Vertebrate,CMNFV 21289
341337,Fossil Vertebrate,CMNFV 21290
341338,Fossil Vertebrate,CMNFV 21291
341339,Fossil Vertebrate,CMNFV 21292
341340,Fossil Vertebrate,CMNFV 21293
341341,Fossil Vertebrate,CMNFV 21294
341342,Fossil Vertebrate,CMNFV 21295
341343,Fossil Vertebrate,CMNFV 21296
341344,Fossil Vertebrate,CMNFV 21297
341345,Fossil Vertebrate,CMNFV 21298
341346,Fossil Vertebrate,CMNFV 21299
341347,Fossil Vertebrate,CMNFV 21300
341553,Fossil Vertebrate,CMNFV 31004
341554,Fossil Vertebrate,CMNFV 31005
341555,Fossil Vertebrate,CMNFV 31006
341556,Fossil Vertebrate,CMNFV 31007
341557,Fossil Vertebrate,CMNFV 31008
341558,Fossil Vertebrate,CMNFV 31009
341571,Fossil Vertebrate,CMNFV 31022
341572,Fossil Vertebrate,CMNFV 31023
341573,Fossil Vertebrate,CMNFV 31024
341574,Fossil Vertebrate,CMNFV 31025
341575,Fossil Vertebrate,CMNFV 31026
341576,Fossil Vertebrate,CMNFV 31027
341577,Fossil Vertebrate,CMNFV 31028
341578,Fossil Vertebrate,CMNFV 31029
341579,Fossil Vertebrate,CMNFV 31030
341587,Fossil Vertebrate,CMNFV 31038
341726,Fossil Vertebrate,CMNFV 30588
341729,Fossil Vertebrate,CMNFV 30593
341730,Fossil Vertebrate,CMNFV 30594
341731,Fossil Vertebrate,CMNFV 30595
341732,Fossil Vertebrate,CMNFV 30596
342026,Fossil Vertebrate,CMNFV 45576
342133,Fossil Vertebrate,CMNFV 40944
342147,Fossil Vertebrate,CMNFV 40958
342156,Fossil Vertebrate,CMNFV 40967
342169,Fossil Vertebrate,CMNFV 40980
342170,Fossil Vertebrate,CMNFV 40981
342171,Fossil Vertebrate,CMNFV 40982
342172,Fossil Vertebrate,CMNFV 40983
342173,Fossil Vertebrate,CMNFV 40984
342174,Fossil Vertebrate,CMNFV 40985
342175,Fossil Vertebrate,CMNFV 40986
342176,Fossil Vertebrate,CMNFV 40987
342177,Fossil Vertebrate,CMNFV 40988
342178,Fossil Vertebrate,CMNFV 40989
342216,Fossil Vertebrate,CMNFV 40990
342217,Fossil Vertebrate,CMNFV 40991
342218,Fossil Vertebrate,CMNFV 40992
342219,Fossil Vertebrate,CMNFV 40993
342220,Fossil Vertebrate,CMNFV 40994
342221,Fossil Vertebrate,CMNFV 40996
342222,Fossil Vertebrate,CMNFV 40997
342224,Fossil Vertebrate,CMNFV 40999
342225,Fossil Vertebrate,CMNFV 40995
342229,Fossil Vertebrate,CMNFV 40801
342234,Fossil Vertebrate,CMNFV 40806
342235,Fossil Vertebrate,CMNFV 40807
342236,Fossil Vertebrate,CMNFV 40808
342237,Fossil Vertebrate,CMNFV 40809
342339,Fossil Vertebrate,CMNFV 26239
342340,Fossil Vertebrate,CMNFV 26270
342341,Fossil Vertebrate,CMNFV 26271
342342,Fossil Vertebrate,CMNFV 26272
342343,Fossil Vertebrate,CMNFV 26273
342344,Fossil Vertebrate,CMNFV 26274
342345,Fossil Vertebrate,CMNFV 26275
342346,Fossil Vertebrate,CMNFV 26276
342469,Fossil Vertebrate,CMNFV 26399
342470,Fossil Vertebrate,CMNFV 26400
342479,Fossil Vertebrate,CMNFV 26268
342480,Fossil Vertebrate,CMNFV 26269
342684,Fossil Vertebrate,CMNFV 34424
342685,Fossil Vertebrate,CMNFV 34425
342686,Fossil Vertebrate,CMNFV 34426
342687,Fossil Vertebrate,CMNFV 34427
342688,Fossil Vertebrate,CMNFV 34428
342689,Fossil Vertebrate,CMNFV 34429
342690,Fossil Vertebrate,CMNFV 34430
342691,Fossil Vertebrate,CMNFV 34431
342692,Fossil Vertebrate,CMNFV 34432
342693,Fossil Vertebrate,CMNFV 34433
342694,Fossil Vertebrate,CMNFV 34434
342726,Fossil Vertebrate,CMNFV 34533
342727,Fossil Vertebrate,CMNFV 34535
342728,Fossil Vertebrate,CMNFV 34536
342802,Fossil Vertebrate,CMNFV 34884
342824,Fossil Vertebrate,CMNFV 34906
342833,Fossil Vertebrate,CMNFV 34915
342837,Fossil Vertebrate,CMNFV 34919
342856,Fossil Vertebrate,CMNFV 34938
342857,Fossil Vertebrate,CMNFV 34939
342864,Fossil Vertebrate,CMNFV 34970
342865,Fossil Vertebrate,CMNFV 34971
342866,Fossil Vertebrate,CMNFV 34972
342867,Fossil Vertebrate,CMNFV 34973
342868,Fossil Vertebrate,CMNFV 34974
342869,Fossil Vertebrate,CMNFV 34975
342870,Fossil Vertebrate,CMNFV 34976
342871,Fossil Vertebrate,CMNFV 34977
342872,Fossil Vertebrate,CMNFV 34978
342873,Fossil Vertebrate,CMNFV 34979
342874,Fossil Vertebrate,CMNFV 34980
342875,Fossil Vertebrate,CMNFV 34981
342876,Fossil Vertebrate,CMNFV 34982
342877,Fossil Vertebrate,CMNFV 34983
342878,Fossil Vertebrate,CMNFV 34984
342879,Fossil Vertebrate,CMNFV 34985
342880,Fossil Vertebrate,CMNFV 34986
342881,Fossil Vertebrate,CMNFV 34987
342882,Fossil Vertebrate,CMNFV 34988
342883,Fossil Vertebrate,CMNFV 34989
342884,Fossil Vertebrate,CMNFV 34990
342885,Fossil Vertebrate,CMNFV 34991
342886,Fossil Vertebrate,CMNFV 34992
342887,Fossil Vertebrate,CMNFV 34993
342888,Fossil Vertebrate,CMNFV 34994
342889,Fossil Vertebrate,CMNFV 34995
342890,Fossil Vertebrate,CMNFV 34996
342891,Fossil Vertebrate,CMNFV 34997
342892,Fossil Vertebrate,CMNFV 34998
342893,Fossil Vertebrate,CMNFV 34999
342894,Fossil Vertebrate,CMNFV 35000
342895,Fossil Vertebrate,CMNFV 35001
342896,Fossil Vertebrate,CMNFV 35002
342897,Fossil Vertebrate,CMNFV 35003
342898,Fossil Vertebrate,CMNFV 35004
342899,Fossil Vertebrate,CMNFV 35005
342900,Fossil Vertebrate,CMNFV 35006
342901,Fossil Vertebrate,CMNFV 35007
342902,Fossil Vertebrate,CMNFV 35008
342903,Fossil Vertebrate,CMNFV 35009
342904,Fossil Vertebrate,CMNFV 35010
342905,Fossil Vertebrate,CMNFV 35011
342906,Fossil Vertebrate,CMNFV 35012
342907,Fossil Vertebrate,CMNFV 35013
342908,Fossil Vertebrate,CMNFV 35014
342909,Fossil Vertebrate,CMNFV 35015
342910,Fossil Vertebrate,CMNFV 35016
342911,Fossil Vertebrate,CMNFV 35017
342912,Fossil Vertebrate,CMNFV 35018
342913,Fossil Vertebrate,CMNFV 35019
342914,Fossil Vertebrate,CMNFV 35020
342915,Fossil Vertebrate,CMNFV 35021
342916,Fossil Vertebrate,CMNFV 35022
342917,Fossil Vertebrate,CMNFV 35023
342918,Fossil Vertebrate,CMNFV 35024
342919,Fossil Vertebrate,CMNFV 35025
342920,Fossil Vertebrate,CMNFV 35026
342921,Fossil Vertebrate,CMNFV 35027
342922,Fossil Vertebrate,CMNFV 35028
342923,Fossil Vertebrate,CMNFV 35029
342924,Fossil Vertebrate,CMNFV 35030
342925,Fossil Vertebrate,CMNFV 35031
342926,Fossil Vertebrate,CMNFV 35032
342927,Fossil Vertebrate,CMNFV 35033
342928,Fossil Vertebrate,CMNFV 35034
342929,Fossil Vertebrate,CMNFV 35035
342930,Fossil Vertebrate,CMNFV 35036
342931,Fossil Vertebrate,CMNFV 35037
342932,Fossil Vertebrate,CMNFV 35038
342933,Fossil Vertebrate,CMNFV 35039
342934,Fossil Vertebrate,CMNFV 35040
342935,Fossil Vertebrate,CMNFV 35041
342936,Fossil Vertebrate,CMNFV 35042
342937,Fossil Vertebrate,CMNFV 35043
342938,Fossil Vertebrate,CMNFV 35044
342939,Fossil Vertebrate,CMNFV 35045
342940,Fossil Vertebrate,CMNFV 35046
342941,Fossil Vertebrate,CMNFV 35047
342942,Fossil Vertebrate,CMNFV 35048
342943,Fossil Vertebrate,CMNFV 35049
342944,Fossil Vertebrate,CMNFV 35050
342945,Fossil Vertebrate,CMNFV 35051
342946,Fossil Vertebrate,CMNFV 35052
342947,Fossil Vertebrate,CMNFV 35053
342948,Fossil Vertebrate,CMNFV 35054
342949,Fossil Vertebrate,CMNFV 35055
342950,Fossil Vertebrate,CMNFV 35056
342951,Fossil Vertebrate,CMNFV 35057
342952,Fossil Vertebrate,CMNFV 35058
342953,Fossil Vertebrate,CMNFV 35059
342954,Fossil Vertebrate,CMNFV 35060
342955,Fossil Vertebrate,CMNFV 35061
342956,Fossil Vertebrate,CMNFV 35062
342957,Fossil Vertebrate,CMNFV 35063
342958,Fossil Vertebrate,CMNFV 35064
342959,Fossil Vertebrate,CMNFV 35065
342960,Fossil Vertebrate,CMNFV 35066
342961,Fossil Vertebrate,CMNFV 35067
342962,Fossil Vertebrate,CMNFV 35068
342963,Fossil Vertebrate,CMNFV 35069
342964,Fossil Vertebrate,CMNFV 35070
342965,Fossil Vertebrate,CMNFV 35071
342966,Fossil Vertebrate,CMNFV 35072
342967,Fossil Vertebrate,CMNFV 35073
342968,Fossil Vertebrate,CMNFV 35074
342969,Fossil Vertebrate,CMNFV 35075
342970,Fossil Vertebrate,CMNFV 35076
342971,Fossil Vertebrate,CMNFV 35077
342972,Fossil Vertebrate,CMNFV 35078
342973,Fossil Vertebrate,CMNFV 35079
342974,Fossil Vertebrate,CMNFV 35080
342975,Fossil Vertebrate,CMNFV 35081
342976,Fossil Vertebrate,CMNFV 35082
342977,Fossil Vertebrate,CMNFV 35083
342978,Fossil Vertebrate,CMNFV 35084
342979,Fossil Vertebrate,CMNFV 35085
342980,Fossil Vertebrate,CMNFV 35086
342981,Fossil Vertebrate,CMNFV 35087
342982,Fossil Vertebrate,CMNFV 35088
342983,Fossil Vertebrate,CMNFV 35089
342984,Fossil Vertebrate,CMNFV 35090
342985,Fossil Vertebrate,CMNFV 35091
342986,Fossil Vertebrate,CMNFV 35092
342987,Fossil Vertebrate,CMNFV 35093
342988,Fossil Vertebrate,CMNFV 35094
342989,Fossil Vertebrate,CMNFV 35095
342990,Fossil Vertebrate,CMNFV 35096
342991,Fossil Vertebrate,CMNFV 35097
342992,Fossil Vertebrate,CMNFV 35098
342993,Fossil Vertebrate,CMNFV 35099
343046,Fossil Vertebrate,CMNFV 37762
343177,Fossil Vertebrate,CMNFV 37894
343636,Fossil Vertebrate,CMNFV 38354
343828,Fossil Vertebrate,CMNFV 38570
343829,Fossil Vertebrate,CMNFV 38571
343830,Fossil Vertebrate,CMNFV 38572
343831,Fossil Vertebrate,CMNFV 38573
343832,Fossil Vertebrate,CMNFV 38574
343833,Fossil Vertebrate,CMNFV 38575
343834,Fossil Vertebrate,CMNFV 38576
343835,Fossil Vertebrate,CMNFV 38577
343836,Fossil Vertebrate,CMNFV 38578
343837,Fossil Vertebrate,CMNFV 38579
343839,Fossil Vertebrate,CMNFV 38581
343840,Fossil Vertebrate,CMNFV 38582
343841,Fossil Vertebrate,CMNFV 38583
343842,Fossil Vertebrate,CMNFV 38584
343843,Fossil Vertebrate,CMNFV 38585
343844,Fossil Vertebrate,CMNFV 38586
343845,Fossil Vertebrate,CMNFV 38587
343846,Fossil Vertebrate,CMNFV 38588
343847,Fossil Vertebrate,CMNFV 38589
343848,Fossil Vertebrate,CMNFV 38590
343849,Fossil Vertebrate,CMNFV 38591
343850,Fossil Vertebrate,CMNFV 38592
343851,Fossil Vertebrate,CMNFV 38593
343852,Fossil Vertebrate,CMNFV 38594
343853,Fossil Vertebrate,CMNFV 38595
343855,Fossil Vertebrate,CMNFV 38597
343856,Fossil Vertebrate,CMNFV 38598
344064,Fossil Vertebrate,CMNFV 38806
344065,Fossil Vertebrate,CMNFV 38807
344066,Fossil Vertebrate,CMNFV 38808
344067,Fossil Vertebrate,CMNFV 38809
344068,Fossil Vertebrate,CMNFV 38810
344069,Fossil Vertebrate,CMNFV 38811
344070,Fossil Vertebrate,CMNFV 38812
344071,Fossil Vertebrate,CMNFV 38813
344072,Fossil Vertebrate,CMNFV 38814
344073,Fossil Vertebrate,CMNFV 38815
344074,Fossil Vertebrate,CMNFV 38816
344075,Fossil Vertebrate,CMNFV 38817
344076,Fossil Vertebrate,CMNFV 38818
344077,Fossil Vertebrate,CMNFV 38819
344078,Fossil Vertebrate,CMNFV 38820
344079,Fossil Vertebrate,CMNFV 38821
344080,Fossil Vertebrate,CMNFV 38822
344081,Fossil Vertebrate,CMNFV 38823
344082,Fossil Vertebrate,CMNFV 38824
344083,Fossil Vertebrate,CMNFV 38825
344084,Fossil Vertebrate,CMNFV 38826
344085,Fossil Vertebrate,CMNFV 38827
344086,Fossil Vertebrate,CMNFV 38828
344087,Fossil Vertebrate,CMNFV 38829
344088,Fossil Vertebrate,CMNFV 38830
344089,Fossil Vertebrate,CMNFV 38831
344090,Fossil Vertebrate,CMNFV 38832
344091,Fossil Vertebrate,CMNFV 38833
344092,Fossil Vertebrate,CMNFV 38834
344093,Fossil Vertebrate,CMNFV 38835
344094,Fossil Vertebrate,CMNFV 38836
344100,Fossil Vertebrate,CMNFV 38842
344101,Fossil Vertebrate,CMNFV 38843
344102,Fossil Vertebrate,CMNFV 38844
344103,Fossil Vertebrate,CMNFV 38845
344104,Fossil Vertebrate,CMNFV 38847
344105,Fossil Vertebrate,CMNFV 38846
344106,Fossil Vertebrate,CMNFV 38848
344107,Fossil Vertebrate,CMNFV 38849
344158,Fossil Vertebrate,CMNFV 38920
344159,Fossil Vertebrate,CMNFV 38921
344160,Fossil Vertebrate,CMNFV 38922
344161,Fossil Vertebrate,CMNFV 38923
344396,Fossil Vertebrate,CMNFV 39138
344407,Fossil Vertebrate,CMNFV 39149
344413,Fossil Vertebrate,CMNFV 39155
344414,Fossil Vertebrate,CMNFV 39156
344415,Fossil Vertebrate,CMNFV 39157
344416,Fossil Vertebrate,CMNFV 39158
344417,Fossil Vertebrate,CMNFV 39159
344418,Fossil Vertebrate,CMNFV 39160
344419,Fossil Vertebrate,CMNFV 39161
344420,Fossil Vertebrate,CMNFV 39162
344506,Fossil Vertebrate,CMNFV 39248
344538,Fossil Vertebrate,CMNFV 39280
344543,Fossil Vertebrate,CMNFV 39285
344608,Fossil Vertebrate,CMNFV 39350
344611,Fossil Vertebrate,CMNFV 39353
344613,Fossil Vertebrate,CMNFV 39355
344614,Fossil Vertebrate,CMNFV 39356
344615,Fossil Vertebrate,CMNFV 39357
344616,Fossil Vertebrate,CMNFV 39358
344617,Fossil Vertebrate,CMNFV 39359
344618,Fossil Vertebrate,CMNFV 39360
344619,Fossil Vertebrate,CMNFV 39361
344620,Fossil Vertebrate,CMNFV 39362
344621,Fossil Vertebrate,CMNFV 39363
344622,Fossil Vertebrate,CMNFV 39364
344644,Fossil Vertebrate,CMNFV 39386
344645,Fossil Vertebrate,CMNFV 39387
344646,Fossil Vertebrate,CMNFV 39388
344647,Fossil Vertebrate,CMNFV 39389
345148,Fossil Vertebrate,CMNFV 39891
345243,Fossil Vertebrate,CMNFV 39986
345246,Fossil Vertebrate,CMNFV 39989
345249,Fossil Vertebrate,CMNFV 39992
345252,Fossil Vertebrate,CMNFV 39995
345374,Fossil Vertebrate,CMNFV 40437
345375,Fossil Vertebrate,CMNFV 40438
345376,Fossil Vertebrate,CMNFV 40439
345525,Fossil Vertebrate,CMNFV 43800
345610,Fossil Vertebrate,CMNFV 44223
346252,Fossil Vertebrate,CMNFV 45712
346255,Fossil Vertebrate,CMNFV 45715
346959,Fossil Vertebrate,CMNFV 14055
346965,Fossil Vertebrate,CMNFV 14061
346977,Fossil Vertebrate,CMNFV 14072
346980,Fossil Vertebrate,CMNFV 14076
347052,Fossil Vertebrate,CMNFV 14148
347053,Fossil Vertebrate,CMNFV 14149
347098,Fossil Vertebrate,CMNFV 14194
347102,Fossil Vertebrate,CMNFV 14198
347112,Fossil Vertebrate,CMNFV 14208
347131,Fossil Vertebrate,CMNFV 14227
347134,Fossil Vertebrate,CMNFV 14230
347143,Fossil Vertebrate,CMNFV 14239
347154,Fossil Vertebrate,CMNFV 14250
347164,Fossil Vertebrate,CMNFV 14260
347231,Fossil Vertebrate,CMNFV 14327
347239,Fossil Vertebrate,CMNFV 14335
347267,Fossil Vertebrate,CMNFV 14364
347275,Fossil Vertebrate,CMNFV 14372
347290,Fossil Vertebrate,CMNFV 14397
347319,Fossil Vertebrate,CMNFV 14386
347334,Fossil Vertebrate,CMNFV 14431
347366,Fossil Vertebrate,CMNFV 14463
347371,Fossil Vertebrate,CMNFV 14468
347380,Fossil Vertebrate,CMNFV 14477
347421,Fossil Vertebrate,CMNFV 14518
347479,Fossil Vertebrate,CMNFV 14576
347491,Fossil Vertebrate,CMNFV 14588
347529,Fossil Vertebrate,CMNFV 14628
347554,Fossil Vertebrate,CMNFV 14654
347601,Fossil Vertebrate,CMNFV 14701
347615,Fossil Vertebrate,CMNFV 14715
347656,Fossil Vertebrate,CMNFV 14758
347722,Fossil Vertebrate,CMNFV 14822
347753,Fossil Vertebrate,CMNFV 14853
347754,Fossil Vertebrate,CMNFV 14854
347760,Fossil Vertebrate,CMNFV 14860
347771,Fossil Vertebrate,CMNFV 14871
347772,Fossil Vertebrate,CMNFV 14872
347784,Fossil Vertebrate,CMNFV 14884
347790,Fossil Vertebrate,CMNFV 14890
347814,Fossil Vertebrate,CMNFV 14914
347816,Fossil Vertebrate,CMNFV 14917
347824,Fossil Vertebrate,CMNFV 14924
347839,Fossil Vertebrate,CMNFV 14939
347857,Fossil Vertebrate,CMNFV 14957
347880,Fossil Vertebrate,CMNFV 14980
347881,Fossil Vertebrate,CMNFV 14981
347883,Fossil Vertebrate,CMNFV 14983
347886,Fossil Vertebrate,CMNFV 14986
347906,Fossil Vertebrate,CMNFV 15006
347909,Fossil Vertebrate,CMNFV 15009
347930,Fossil Vertebrate,CMNFV 15030
347931,Fossil Vertebrate,CMNFV 15031
347934,Fossil Vertebrate,CMNFV 15034
347961,Fossil Vertebrate,CMNFV 15061
347962,Fossil Vertebrate,CMNFV 15062
347963,Fossil Vertebrate,CMNFV 15063
347987,Fossil Vertebrate,CMNFV 15087
347988,Fossil Vertebrate,CMNFV 15088
347996,Fossil Vertebrate,CMNFV 15096
347997,Fossil Vertebrate,CMNFV 15097
348022,Fossil Vertebrate,CMNFV 15122
348039,Fossil Vertebrate,CMNFV 15139
348057,Fossil Vertebrate,CMNFV 15157
348115,Fossil Vertebrate,CMNFV 15214
348177,Fossil Vertebrate,CMNFV 15277
348204,Fossil Vertebrate,CMNFV 15306
348239,Fossil Vertebrate,CMNFV 15341
348241,Fossil Vertebrate,CMNFV 15343
348258,Fossil Vertebrate,CMNFV 15360
348259,Fossil Vertebrate,CMNFV 15361
348260,Fossil Vertebrate,CMNFV 15362
348261,Fossil Vertebrate,CMNFV 15363
348263,Fossil Vertebrate,CMNFV 15365
348302,Fossil Vertebrate,CMNFV 15404
348312,Fossil Vertebrate,CMNFV 15415
348367,Fossil Vertebrate,CMNFV 15469
348398,Fossil Vertebrate,CMNFV 15500
348399,Fossil Vertebrate,CMNFV 15501
348400,Fossil Vertebrate,CMNFV 15502
348401,Fossil Vertebrate,CMNFV 15503
348468,Fossil Vertebrate,CMNFV 15570
348522,Fossil Vertebrate,CMNFV 15624
348549,Fossil Vertebrate,CMNFV 15651
348592,Fossil Vertebrate,CMNFV 15695
348633,Fossil Vertebrate,CMNFV 15735
348655,Fossil Vertebrate,CMNFV 15756
348656,Fossil Vertebrate,CMNFV 15757
348657,Fossil Vertebrate,CMNFV 15758
348676,Fossil Vertebrate,CMNFV 15778
348677,Fossil Vertebrate,CMNFV 15779
348687,Fossil Vertebrate,CMNFV 15789
348746,Fossil Vertebrate,CMNFV 15848
348777,Fossil Vertebrate,CMNFV 15879
348806,Fossil Vertebrate,CMNFV 15908
348830,Fossil Vertebrate,CMNFV 15932
348839,Fossil Vertebrate,CMNFV 15941
370451,Mollusc,CMNML 043180
370452,Mollusc,CMNML 043181
370453,Mollusc,CMNML 043182
370454,Mollusc,CMNML 043183
370456,Mollusc,CMNML 043185
370457,Mollusc,CMNML 043186
370458,Mollusc,CMNML 043187
370459,Mollusc,CMNML 043188
370460,Mollusc,CMNML 043189
370461,Mollusc,CMNML 043190
370463,Mollusc,CMNML 043192
370464,Mollusc,CMNML 043193
370465,Mollusc,CMNML 043194
370466,Mollusc,CMNML 043195
370467,Mollusc,CMNML 043196
370468,Mollusc,CMNML 043197
370469,Mollusc,CMNML 043198
370470,Mollusc,CMNML 043223
370471,Mollusc,CMNML 043224
370472,Mollusc,CMNML 043225
370474,Mollusc,CMNML 043227
370476,Mollusc,CMNML 043229
370478,Mollusc,CMNML 043231
371616,Mollusc,CMNML 036645
371617,Mollusc,CMNML 036646
371819,Mollusc,CMNML 037667
371820,Mollusc,CMNML 037668
371841,Mollusc,CMNML 037825
372550,Mollusc,CMNML 039632
373262,Mollusc,CMNML 032986
373263,Mollusc,CMNML 032987
373265,Mollusc,CMNML 032989
373300,Mollusc,CMNML 033039
374395,Mollusc,CMNML 067683
374408,Mollusc,CMNML 067697
374720,Mollusc,CMNML 068148
374721,Mollusc,CMNML 068149
375343,Mollusc,CMNML 050511
375344,Mollusc,CMNML 050512
375345,Mollusc,CMNML 050513
375346,Mollusc,CMNML 050514
375347,Mollusc,CMNML 050515
375348,Mollusc,CMNML 050516
375349,Mollusc,CMNML 050517
375350,Mollusc,CMNML 050518
375351,Mollusc,CMNML 050519
375352,Mollusc,CMNML 050520
375353,Mollusc,CMNML 050521
375354,Mollusc,CMNML 050522
375355,Mollusc,CMNML 050523
375356,Mollusc,CMNML 050524
375357,Mollusc,CMNML 050525
375358,Mollusc,CMNML 050526
375359,Mollusc,CMNML 050527
375360,Mollusc,CMNML 050528
375361,Mollusc,CMNML 050529
375362,Mollusc,CMNML 050530
375363,Mollusc,CMNML 050531
375364,Mollusc,CMNML 050532
375365,Mollusc,CMNML 050533
375366,Mollusc,CMNML 050534
375367,Mollusc,CMNML 050535
375368,Mollusc,CMNML 050536
375369,Mollusc,CMNML 050537
375370,Mollusc,CMNML 050538
375371,Mollusc,CMNML 050539
375372,Mollusc,CMNML 050540
375373,Mollusc,CMNML 050541
375374,Mollusc,CMNML 050542
375375,Mollusc,CMNML 050543
375376,Mollusc,CMNML 050544
375377,Mollusc,CMNML 050545
375378,Mollusc,CMNML 050546
375379,Mollusc,CMNML 050547
375380,Mollusc,CMNML 050548
375381,Mollusc,CMNML 050549
375382,Mollusc,CMNML 050550
375383,Mollusc,CMNML 050551
375384,Mollusc,CMNML 050552
375385,Mollusc,CMNML 050553
375386,Mollusc,CMNML 050554
375387,Mollusc,CMNML 050555
375388,Mollusc,CMNML 050556
375389,Mollusc,CMNML 050557
375390,Mollusc,CMNML 050558
375391,Mollusc,CMNML 050559
375392,Mollusc,CMNML 050560
375393,Mollusc,CMNML 050561
375394,Mollusc,CMNML 050562
375395,Mollusc,CMNML 050563
375396,Mollusc,CMNML 050564
375397,Mollusc,CMNML 050565
375398,Mollusc,CMNML 050566
375399,Mollusc,CMNML 050567
375400,Mollusc,CMNML 050568
375401,Mollusc,CMNML 050569
375402,Mollusc,CMNML 050570
375403,Mollusc,CMNML 050571
375404,Mollusc,CMNML 050572
375405,Mollusc,CMNML 050573
375406,Mollusc,CMNML 050574
375407,Mollusc,CMNML 050575
375408,Mollusc,CMNML 050576
375409,Mollusc,CMNML 050577
375410,Mollusc,CMNML 050578
375411,Mollusc,CMNML 050579
375412,Mollusc,CMNML 050580
375413,Mollusc,CMNML 050581
375414,Mollusc,CMNML 050582
375415,Mollusc,CMNML 050583
375416,Mollusc,CMNML 050584
375417,Mollusc,CMNML 050585
375418,Mollusc,CMNML 050586
375419,Mollusc,CMNML 050587
375420,Mollusc,CMNML 050588
375421,Mollusc,CMNML 050589
375422,Mollusc,CMNML 050590
375423,Mollusc,CMNML 050591
375424,Mollusc,CMNML 050592
375425,Mollusc,CMNML 050593
375426,Mollusc,CMNML 050594
375427,Mollusc,CMNML 050595
375428,Mollusc,CMNML 050596
375429,Mollusc,CMNML 050597
375430,Mollusc,CMNML 050598
375431,Mollusc,CMNML 050599
375432,Mollusc,CMNML 050600
375433,Mollusc,CMNML 050603
375434,Mollusc,CMNML 050604
375435,Mollusc,CMNML 050605
375436,Mollusc,CMNML 050606
375437,Mollusc,CMNML 050607
375438,Mollusc,CMNML 050608
375439,Mollusc,CMNML 050609
375440,Mollusc,CMNML 050610
375441,Mollusc,CMNML 050611
375442,Mollusc,CMNML 050612
375443,Mollusc,CMNML 050613
375444,Mollusc,CMNML 050614
375445,Mollusc,CMNML 050615
375446,Mollusc,CMNML 050616
375447,Mollusc,CMNML 050617
375448,Mollusc,CMNML 050618
375449,Mollusc,CMNML 050619
375450,Mollusc,CMNML 050620
375451,Mollusc,CMNML 050621
375452,Mollusc,CMNML 050622
375453,Mollusc,CMNML 050623
375454,Mollusc,CMNML 050624
375455,Mollusc,CMNML 050625
375456,Mollusc,CMNML 050626
375457,Mollusc,CMNML 050627
375458,Mollusc,CMNML 050628
375459,Mollusc,CMNML 050629
375460,Mollusc,CMNML 050630
375461,Mollusc,CMNML 050631
375462,Mollusc,CMNML 050632
375463,Mollusc,CMNML 050633
375464,Mollusc,CMNML 050634
375465,Mollusc,CMNML 050635
375466,Mollusc,CMNML 050636
375467,Mollusc,CMNML 050637
375468,Mollusc,CMNML 050638
375469,Mollusc,CMNML 050639
375470,Mollusc,CMNML 050640
375471,Mollusc,CMNML 050641
375472,Mollusc,CMNML 050642
375473,Mollusc,CMNML 050643
375474,Mollusc,CMNML 050644
375475,Mollusc,CMNML 050645
375476,Mollusc,CMNML 050646
375477,Mollusc,CMNML 050647
375478,Mollusc,CMNML 050648
375479,Mollusc,CMNML 050649
375480,Mollusc,CMNML 050650
375481,Mollusc,CMNML 050651
375482,Mollusc,CMNML 050652
375483,Mollusc,CMNML 050653
375484,Mollusc,CMNML 050654
375485,Mollusc,CMNML 050655
375486,Mollusc,CMNML 050656
375487,Mollusc,CMNML 050657
375488,Mollusc,CMNML 050658
375489,Mollusc,CMNML 050659
375490,Mollusc,CMNML 050660
375491,Mollusc,CMNML 050661
375492,Mollusc,CMNML 050662
375493,Mollusc,CMNML 050663
375494,Mollusc,CMNML 050664
375495,Mollusc,CMNML 050665
375496,Mollusc,CMNML 050666
375497,Mollusc,CMNML 050667
375498,Mollusc,CMNML 050668
375499,Mollusc,CMNML 050669
375500,Mollusc,CMNML 050670
375501,Mollusc,CMNML 050671
375502,Mollusc,CMNML 050672
375503,Mollusc,CMNML 050673
375504,Mollusc,CMNML 050674
375505,Mollusc,CMNML 050675
375506,Mollusc,CMNML 050676
375507,Mollusc,CMNML 050677
375508,Mollusc,CMNML 050678
375510,Mollusc,CMNML 050680
375512,Mollusc,CMNML 050682
375513,Mollusc,CMNML 050683
375514,Mollusc,CMNML 050684
375515,Mollusc,CMNML 050685
375516,Mollusc,CMNML 050686
375517,Mollusc,CMNML 050687
375519,Mollusc,CMNML 050689
375520,Mollusc,CMNML 050690
375521,Mollusc,CMNML 050691
375522,Mollusc,CMNML 050692
375523,Mollusc,CMNML 050693
375524,Mollusc,CMNML 050694
375525,Mollusc,CMNML 050695
375526,Mollusc,CMNML 050696
375527,Mollusc,CMNML 050697
375528,Mollusc,CMNML 050698
375529,Mollusc,CMNML 050699
375530,Mollusc,CMNML 050700
376128,Mollusc,CMNML 051807
376988,Mollusc,CMNML 055480
376989,Mollusc,CMNML 055481
377170,Mollusc,CMNML 041972
377172,Mollusc,CMNML 041975
377232,Mollusc,CMNML 042802
377433,Mollusc,CMNML 044609
382223,Mollusc,CMNML 044176
382224,Mollusc,CMNML 044177
382226,Mollusc,CMNML 044179
382227,Mollusc,CMNML 044180
382228,Mollusc,CMNML 044181
382230,Mollusc,CMNML 044183
382231,Mollusc,CMNML 044184
382232,Mollusc,CMNML 044185
382233,Mollusc,CMNML 044186
382269,Mollusc,CMNML 044226
382270,Mollusc,CMNML 044227
382271,Mollusc,CMNML 044228
382272,Mollusc,CMNML 044229
383865,Mollusc,CMNML 050701
383866,Mollusc,CMNML 050702
383867,Mollusc,CMNML 050703
383868,Mollusc,CMNML 050704
383869,Mollusc,CMNML 050705
383870,Mollusc,CMNML 050706
383871,Mollusc,CMNML 050707
383873,Mollusc,CMNML 050709
383874,Mollusc,CMNML 050710
383876,Mollusc,CMNML 050712
383877,Mollusc,CMNML 050713
383878,Mollusc,CMNML 050714
383879,Mollusc,CMNML 050715
383880,Mollusc,CMNML 050716
383882,Mollusc,CMNML 050718
383883,Mollusc,CMNML 050719
383884,Mollusc,CMNML 050720
383885,Mollusc,CMNML 050721
383886,Mollusc,CMNML 050722
383887,Mollusc,CMNML 050723
383888,Mollusc,CMNML 050724
383889,Mollusc,CMNML 050725
383890,Mollusc,CMNML 050726
383891,Mollusc,CMNML 050727
383892,Mollusc,CMNML 050728
383893,Mollusc,CMNML 050729
383894,Mollusc,CMNML 050730
383895,Mollusc,CMNML 050731
383896,Mollusc,CMNML 050732
383897,Mollusc,CMNML 050733
383898,Mollusc,CMNML 050734
383899,Mollusc,CMNML 050735
383900,Mollusc,CMNML 050736
383901,Mollusc,CMNML 050737
383902,Mollusc,CMNML 050738
383903,Mollusc,CMNML 050739
383904,Mollusc,CMNML 050740
383905,Mollusc,CMNML 050741
383906,Mollusc,CMNML 050742
383907,Mollusc,CMNML 050743
383908,Mollusc,CMNML 050744
386247,Mollusc,CMNML 045462
386780,Mollusc,CMNML 046012
386790,Mollusc,CMNML 046023
386928,Mollusc,CMNML 046162
387377,Mollusc,CMNML 046647
388101,Mollusc,CMNML 047478
388102,Mollusc,CMNML 047479
388103,Mollusc,CMNML 047480
388104,Mollusc,CMNML 047481
388111,Mollusc,CMNML 047488
388478,Mollusc,CMNML 047913
388479,Mollusc,CMNML 047914
388480,Mollusc,CMNML 047915
388534,Mollusc,CMNML 047972
388937,Mollusc,CMNML 048449
388938,Mollusc,CMNML 048450
388941,Mollusc,CMNML 048453
388942,Mollusc,CMNML 048454
389373,Mollusc,CMNML 048908
389395,Mollusc,CMNML 048930
389400,Mollusc,CMNML 048935
389401,Mollusc,CMNML 048936
389481,Mollusc,CMNML 049016
389502,Mollusc,CMNML 049038
389763,Mollusc,CMNML 049340
389778,Mollusc,CMNML 058523
390394,Mollusc,CMNML 061548
392025,Mollusc,CMNML 071850
395486,Mollusc,CMNML 001662
396296,Mollusc,CMNML 002475
396683,Mollusc,CMNML 050001
396684,Mollusc,CMNML 050002
396685,Mollusc,CMNML 050003
396686,Mollusc,CMNML 050004
396687,Mollusc,CMNML 050005
396688,Mollusc,CMNML 050006
396689,Mollusc,CMNML 050007
396690,Mollusc,CMNML 050008
396691,Mollusc,CMNML 050009
396692,Mollusc,CMNML 050010
396693,Mollusc,CMNML 050011
396694,Mollusc,CMNML 050012
396695,Mollusc,CMNML 050013
396697,Mollusc,CMNML 050015
396698,Mollusc,CMNML 050016
396700,Mollusc,CMNML 050018
396701,Mollusc,CMNML 050019
396702,Mollusc,CMNML 050020
396703,Mollusc,CMNML 050021
396704,Mollusc,CMNML 050022
396705,Mollusc,CMNML 050023
396706,Mollusc,CMNML 050024
396707,Mollusc,CMNML 050025
396708,Mollusc,CMNML 050251
396709,Mollusc,CMNML 050252
396710,Mollusc,CMNML 050253
396711,Mollusc,CMNML 050254
396712,Mollusc,CMNML 050255
396713,Mollusc,CMNML 050256
396714,Mollusc,CMNML 050257
396715,Mollusc,CMNML 050258
396716,Mollusc,CMNML 050259
396717,Mollusc,CMNML 050260
396718,Mollusc,CMNML 050261
396719,Mollusc,CMNML 050262
396720,Mollusc,CMNML 050263
396721,Mollusc,CMNML 050264
396722,Mollusc,CMNML 050265
396723,Mollusc,CMNML 050266
396724,Mollusc,CMNML 050267
396725,Mollusc,CMNML 050268
396726,Mollusc,CMNML 050269
396727,Mollusc,CMNML 050270
396728,Mollusc,CMNML 050271
396729,Mollusc,CMNML 050272
396730,Mollusc,CMNML 050273
396731,Mollusc,CMNML 050274
396732,Mollusc,CMNML 050275
396733,Mollusc,CMNML 050276
396734,Mollusc,CMNML 050277
396735,Mollusc,CMNML 050278
396736,Mollusc,CMNML 050279
396737,Mollusc,CMNML 050280
396738,Mollusc,CMNML 050281
396739,Mollusc,CMNML 050282
396740,Mollusc,CMNML 050283
396741,Mollusc,CMNML 050284
396742,Mollusc,CMNML 050285
396743,Mollusc,CMNML 050286
396744,Mollusc,CMNML 050287
396745,Mollusc,CMNML 050288
396746,Mollusc,CMNML 050289
396747,Mollusc,CMNML 050290
396748,Mollusc,CMNML 050291
396749,Mollusc,CMNML 050292
396750,Mollusc,CMNML 050293
396751,Mollusc,CMNML 050294
396752,Mollusc,CMNML 050295
396753,Mollusc,CMNML 050296
396754,Mollusc,CMNML 050297
396755,Mollusc,CMNML 050299
396756,Mollusc,CMNML 050300
396757,Mollusc,CMNML 050301
396758,Mollusc,CMNML 050302
396759,Mollusc,CMNML 050303
396760,Mollusc,CMNML 050304
396761,Mollusc,CMNML 050305
396762,Mollusc,CMNML 050306
396763,Mollusc,CMNML 050307
396765,Mollusc,CMNML 050309
396766,Mollusc,CMNML 050310
396767,Mollusc,CMNML 050311
396768,Mollusc,CMNML 050312
396769,Mollusc,CMNML 050313
396770,Mollusc,CMNML 050314
396771,Mollusc,CMNML 050315
396772,Mollusc,CMNML 050316
396773,Mollusc,CMNML 050317
396774,Mollusc,CMNML 050318
396775,Mollusc,CMNML 050319
396776,Mollusc,CMNML 050320
396777,Mollusc,CMNML 050321
396778,Mollusc,CMNML 050322
396779,Mollusc,CMNML 050323
396780,Mollusc,CMNML 050324
396781,Mollusc,CMNML 050325
396782,Mollusc,CMNML 050326
396783,Mollusc,CMNML 050328
396784,Mollusc,CMNML 050329
396785,Mollusc,CMNML 050330
396786,Mollusc,CMNML 050331
396787,Mollusc,CMNML 050332
396788,Mollusc,CMNML 050333
396789,Mollusc,CMNML 050334
396790,Mollusc,CMNML 050335
396791,Mollusc,CMNML 050336
396792,Mollusc,CMNML 050337
396793,Mollusc,CMNML 050338
396794,Mollusc,CMNML 050339
396795,Mollusc,CMNML 050340
396796,Mollusc,CMNML 050341
396797,Mollusc,CMNML 050342
396798,Mollusc,CMNML 050343
396799,Mollusc,CMNML 050344
396800,Mollusc,CMNML 050345
396801,Mollusc,CMNML 050346
396802,Mollusc,CMNML 050347
396803,Mollusc,CMNML 050348
396804,Mollusc,CMNML 050349
396805,Mollusc,CMNML 050350
396806,Mollusc,CMNML 050351
396807,Mollusc,CMNML 050352
396808,Mollusc,CMNML 050353
396809,Mollusc,CMNML 050354
396810,Mollusc,CMNML 050355
396811,Mollusc,CMNML 050356
396812,Mollusc,CMNML 050357
396813,Mollusc,CMNML 050358
396814,Mollusc,CMNML 050359
396815,Mollusc,CMNML 050360
396816,Mollusc,CMNML 050361
396817,Mollusc,CMNML 050362
396819,Mollusc,CMNML 050364
396820,Mollusc,CMNML 050365
396821,Mollusc,CMNML 050366
396822,Mollusc,CMNML 050367
396823,Mollusc,CMNML 050368
396824,Mollusc,CMNML 050369
396825,Mollusc,CMNML 050370
396826,Mollusc,CMNML 050371
396827,Mollusc,CMNML 050372
396828,Mollusc,CMNML 050373
396829,Mollusc,CMNML 050374
396830,Mollusc,CMNML 050375
396831,Mollusc,CMNML 050376
396832,Mollusc,CMNML 050377
396833,Mollusc,CMNML 050378
396834,Mollusc,CMNML 050379
396835,Mollusc,CMNML 050380
396836,Mollusc,CMNML 050381
396837,Mollusc,CMNML 050382
396838,Mollusc,CMNML 050383
396839,Mollusc,CMNML 050384
396840,Mollusc,CMNML 050385
396841,Mollusc,CMNML 050386
396842,Mollusc,CMNML 050387
396843,Mollusc,CMNML 050388
396844,Mollusc,CMNML 050389
396845,Mollusc,CMNML 050390
396846,Mollusc,CMNML 050391
396847,Mollusc,CMNML 050392
396848,Mollusc,CMNML 050393
396849,Mollusc,CMNML 050394
396850,Mollusc,CMNML 050395
396851,Mollusc,CMNML 050396
396852,Mollusc,CMNML 050397
396853,Mollusc,CMNML 050398
396854,Mollusc,CMNML 050399
396855,Mollusc,CMNML 050400
396865,Mollusc,CMNML 003223
398738,Insect,CMNEN 00012448
401829,Parasite,XXCMNPA 2000-0026
401842,Parasite,XXCMNPA 2000-0027
406183,Fish,CMNFI 1977-0126.1
406737,Fossil Vertebrate,CMNFV 832
408460,Insect,CMNEN 00012919
413039,Fish,CMNFI 2000-0053.1
421078,Fish,CMNFI 1979-1148.1
422218,Fish,CMNFI 1979-1158.1
423210,Fish,CMNFI 1979-1189.1
424371,Fish,CMNFI 1980-0873.1
454183,Mollusc,CMNML 047750
456121,Bird,CMNAV E5749
456206,Bird,CMNAV E5792
456221,Bird,CMNAV E5804
465324,Bird,CMNAV E5835
466441,Bird,CMNAV E5000
467277,Fish,CMNFI 1971-0367.1
473224,Gem,CMNGE 21643
473845,Fish,CMNFI 1967-0387.1
473858,Fish,CMNFI 1967-0441.1
475693,Vascular Plant,CAN 557169
476251,Fish,CMNFI 1971-0148.1
481970,Mollusc,CMNML 018082
486774,Vascular Plant,CAN 52396
487631,Fish,CMNFI 1975-0405.1
492323,Fossil Vertebrate,CMNFV 41759
495170,Fossil Vertebrate,CMNFV 40602
496972,Fossil Vertebrate,CMNFV 40732
498395,Fossil Vertebrate,CMNFV 40823
498400,Fossil Vertebrate,CMNFV 40761
498402,Fossil Vertebrate,CMNFV 40763
498403,Fossil Vertebrate,CMNFV 40764
498404,Fossil Vertebrate,CMNFV 40765
498405,Fossil Vertebrate,CMNFV 40766
498406,Fossil Vertebrate,CMNFV 40767
498407,Fossil Vertebrate,CMNFV 40768
498412,Fossil Vertebrate,CMNFV 40815
498414,Fossil Vertebrate,CMNFV 40816
498415,Fossil Vertebrate,CMNFV 40817
498417,Fossil Vertebrate,CMNFV 40818
498419,Fossil Vertebrate,CMNFV 40819
498421,Fossil Vertebrate,CMNFV 40821
498431,Fossil Vertebrate,CMNFV 40827
498444,Fossil Vertebrate,CMNFV 41065
498494,Fossil Vertebrate,CMNFV 41069
498509,Fossil Vertebrate,CMNFV 41081
498510,Fossil Vertebrate,CMNFV 41082
499293,Fossil Vertebrate,CMNFV 32595
499295,Fossil Vertebrate,CMNFV 32596
499303,Fossil Vertebrate,CMNFV 32597
499304,Fossil Vertebrate,CMNFV 32598
499305,Fossil Vertebrate,CMNFV 32599
499306,Fossil Vertebrate,CMNFV 32600
499307,Fossil Vertebrate,CMNFV 32601
499308,Fossil Vertebrate,CMNFV 32602
499309,Fossil Vertebrate,CMNFV 32603
499310,Fossil Vertebrate,CMNFV 32604
499311,Fossil Vertebrate,CMNFV 32605
499312,Fossil Vertebrate,CMNFV 32606
499313,Fossil Vertebrate,CMNFV 32607
499314,Fossil Vertebrate,CMNFV 32608
499315,Fossil Vertebrate,CMNFV 32609
499316,Fossil Vertebrate,CMNFV 29447
499317,Fossil Vertebrate,CMNFV 29448
499318,Fossil Vertebrate,CMNFV 29449
499319,Fossil Vertebrate,CMNFV 29450
499320,Fossil Vertebrate,CMNFV 29451
499321,Fossil Vertebrate,CMNFV 29452
499322,Fossil Vertebrate,CMNFV 29453
499325,Fossil Vertebrate,CMNFV 29460
500619,Vascular Plant,CAN 94269
500662,Vascular Plant,CAN 69210
503342,Fossil Vertebrate,CMNFV 47676
512319,Fossil Vertebrate,CMNFV 18225
512320,Fossil Vertebrate,CMNFV 18226
512321,Fossil Vertebrate,CMNFV 18227
512322,Fossil Vertebrate,CMNFV 18228
512323,Fossil Vertebrate,CMNFV 18229
513237,Vascular Plant,CAN 585464
519109,Fossil Vertebrate,CMNFV 43181
519417,Fossil Vertebrate,CMNFV 43744
520578,Fossil Vertebrate,CMNFV 43476
525965,Vascular Plant,CAN 388832
532931,Fossil Vertebrate,CMNFV 22610
532932,Fossil Vertebrate,CMNFV 22611
532933,Fossil Vertebrate,CMNFV 22612
532934,Fossil Vertebrate,CMNFV 22613
532935,Fossil Vertebrate,CMNFV 22614
532936,Fossil Vertebrate,CMNFV 22615
532937,Fossil Vertebrate,CMNFV 22616
532939,Fossil Vertebrate,CMNFV 22617
532940,Fossil Vertebrate,CMNFV 22618
532941,Fossil Vertebrate,CMNFV 22620
532942,Fossil Vertebrate,CMNFV 22621
532943,Fossil Vertebrate,CMNFV 22622
532944,Fossil Vertebrate,CMNFV 22623
532945,Fossil Vertebrate,CMNFV 22624
532946,Fossil Vertebrate,CMNFV 22625
532947,Fossil Vertebrate,CMNFV 22626
532948,Fossil Vertebrate,CMNFV 22627
532949,Fossil Vertebrate,CMNFV 22628
532951,Fossil Vertebrate,CMNFV 22629
532952,Fossil Vertebrate,CMNFV 22630
532954,Fossil Vertebrate,CMNFV 22631
532955,Fossil Vertebrate,CMNFV 22632
532956,Fossil Vertebrate,CMNFV 22633
532957,Fossil Vertebrate,CMNFV 22634
532958,Fossil Vertebrate,CMNFV 22635
532960,Fossil Vertebrate,CMNFV 22636
532961,Fossil Vertebrate,CMNFV 22637
532963,Fossil Vertebrate,CMNFV 22638
532964,Fossil Vertebrate,CMNFV 22639
532966,Fossil Vertebrate,CMNFV 22640
532967,Fossil Vertebrate,CMNFV 22641
532968,Fossil Vertebrate,CMNFV 22642
532969,Fossil Vertebrate,CMNFV 22643
532970,Fossil Vertebrate,CMNFV 22644
532971,Fossil Vertebrate,CMNFV 22645
532973,Fossil Vertebrate,CMNFV 22646
532974,Fossil Vertebrate,CMNFV 22647
532975,Fossil Vertebrate,CMNFV 22648
532977,Fossil Vertebrate,CMNFV 22649
532978,Fossil Vertebrate,CMNFV 22650
532979,Fossil Vertebrate,CMNFV 22651
532980,Fossil Vertebrate,CMNFV 22652
532982,Fossil Vertebrate,CMNFV 22653
532983,Fossil Vertebrate,CMNFV 22654
532984,Fossil Vertebrate,CMNFV 22655
532985,Fossil Vertebrate,CMNFV 22656
532986,Fossil Vertebrate,CMNFV 22657
532987,Fossil Vertebrate,CMNFV 22658
532988,Fossil Vertebrate,CMNFV 22659
532989,Fossil Vertebrate,CMNFV 22660
532990,Fossil Vertebrate,CMNFV 22661
532991,Fossil Vertebrate,CMNFV 22662
532992,Fossil Vertebrate,CMNFV 22663
532993,Fossil Vertebrate,CMNFV 22664
532994,Fossil Vertebrate,CMNFV 22665
532995,Fossil Vertebrate,CMNFV 22666
532996,Fossil Vertebrate,CMNFV 22667
532997,Fossil Vertebrate,CMNFV 22668
532998,Fossil Vertebrate,CMNFV 22669
533010,Fossil Vertebrate,CMNFV 22670
533012,Fossil Vertebrate,CMNFV 22671
533014,Fossil Vertebrate,CMNFV 22672
533015,Fossil Vertebrate,CMNFV 22673
533016,Fossil Vertebrate,CMNFV 22674
533017,Fossil Vertebrate,CMNFV 22675
533018,Fossil Vertebrate,CMNFV 22676
533019,Fossil Vertebrate,CMNFV 22677
533020,Fossil Vertebrate,CMNFV 22678
533021,Fossil Vertebrate,CMNFV 22679
533023,Fossil Vertebrate,CMNFV 22680
533024,Fossil Vertebrate,CMNFV 22681
533025,Fossil Vertebrate,CMNFV 22682
533026,Fossil Vertebrate,CMNFV 22683
533027,Fossil Vertebrate,CMNFV 22684
533028,Fossil Vertebrate,CMNFV 22685
533029,Fossil Vertebrate,CMNFV 22686
533031,Fossil Vertebrate,CMNFV 22687
533032,Fossil Vertebrate,CMNFV 22688
533033,Fossil Vertebrate,CMNFV 22689
533034,Fossil Vertebrate,CMNFV 22690
533035,Fossil Vertebrate,CMNFV 22691
533036,Fossil Vertebrate,CMNFV 22692
533037,Fossil Vertebrate,CMNFV 22693
533038,Fossil Vertebrate,CMNFV 22694
533040,Fossil Vertebrate,CMNFV 22695
533041,Fossil Vertebrate,CMNFV 22696
533042,Fossil Vertebrate,CMNFV 22697
533043,Fossil Vertebrate,CMNFV 22698
533044,Fossil Vertebrate,CMNFV 22699
537917,Fossil Vertebrate,CMNFV 23444
537918,Fossil Vertebrate,CMNFV 23504
540237,Fossil Vertebrate,CMNFV 30881
540240,Fossil Vertebrate,CMNFV 30884
540265,Fossil Vertebrate,CMNFV 30892
540266,Fossil Vertebrate,CMNFV 30893
540267,Fossil Vertebrate,CMNFV 30894
540269,Fossil Vertebrate,CMNFV 30896
540270,Fossil Vertebrate,CMNFV 30897
540272,Fossil Vertebrate,CMNFV 30899
540273,Fossil Vertebrate,CMNFV 30900
540274,Fossil Vertebrate,CMNFV 30901
540278,Fossil Vertebrate,CMNFV 30905
540280,Fossil Vertebrate,CMNFV 30907
540281,Fossil Vertebrate,CMNFV 30908
540286,Fossil Vertebrate,CMNFV 30912
540289,Fossil Vertebrate,CMNFV 30915
540290,Fossil Vertebrate,CMNFV 30916
540295,Fossil Vertebrate,CMNFV 30920
540296,Fossil Vertebrate,CMNFV 30921
540298,Fossil Vertebrate,CMNFV 30923
540301,Fossil Vertebrate,CMNFV 30926
540308,Fossil Vertebrate,CMNFV 30929
540311,Fossil Vertebrate,CMNFV 30932
540313,Fossil Vertebrate,CMNFV 30934
540314,Fossil Vertebrate,CMNFV 30935
540351,Fossil Vertebrate,CMNFV 30963
540376,Fossil Vertebrate,CMNFV 30980
540377,Fossil Vertebrate,CMNFV 30981
542123,Fossil Vertebrate,CMNFV 47933
545487,Amphibian and Reptile,CMNAR 30875
548399,Fossil Vertebrate,CMNFV 52688
549265,Vascular Plant,CAN 156928
551562,Fish,CMNFI 1968-0249.7
551563,Fish,CMNFI 1968-0249.8
552491,Fish,CMNFI 1970-0348.2
552610,Fish,CMNFI 1971-0187.3
557220,Vascular Plant,CAN 550377
557221,Vascular Plant,CAN 83947
557223,Vascular Plant,CAN 418078
557224,Vascular Plant,CAN 83946
557830,Vascular Plant,CAN 543715
557840,Vascular Plant,CAN 531028
557851,Vascular Plant,CAN 544400
559381,Fossil Vertebrate,CMNFV 48098
560029,Fossil Vertebrate,CMNFV 42120
564050,Bryophyte,CANM 330419
566966,Insect,CMNEN 00009151
570551,Fossil Vertebrate,CMNFV 45448
572651,Vascular Plant,CAN 589123
574967,Fossil Vertebrate,CMNFV 42630
575844,Fossil Vertebrate,CMNFV 47698
576267,Fossil Vertebrate,CMNFV 42097
576779,Fossil Vertebrate,CMNFV 42578
578021,Fossil Vertebrate,CMNFV 40733
578022,Fossil Vertebrate,CMNFV 40735
578023,Fossil Vertebrate,CMNFV 40736
578024,Fossil Vertebrate,CMNFV 40737
578025,Fossil Vertebrate,CMNFV 40738
578584,Fossil Vertebrate,CMNFV 48178
578585,Fossil Vertebrate,CMNFV 48179
578586,Fossil Vertebrate,CMNFV 48180
578588,Fossil Vertebrate,CMNFV 48182
578589,Fossil Vertebrate,CMNFV 48183
578638,Fossil Vertebrate,CMNFV 49095
578639,Fossil Vertebrate,CMNFV 49096
578640,Fossil Vertebrate,CMNFV 49097
578641,Fossil Vertebrate,CMNFV 49098
578642,Fossil Vertebrate,CMNFV 49099
578643,Fossil Vertebrate,CMNFV 49100
578644,Fossil Vertebrate,CMNFV 49101
578645,Fossil Vertebrate,CMNFV 49102
578646,Fossil Vertebrate,CMNFV 49103
578647,Fossil Vertebrate,CMNFV 49104
578649,Fossil Vertebrate,CMNFV 49106
578650,Fossil Vertebrate,CMNFV 49107
578651,Fossil Vertebrate,CMNFV 49108
578652,Fossil Vertebrate,CMNFV 49109
578653,Fossil Vertebrate,CMNFV 49110
578654,Fossil Vertebrate,CMNFV 49111
578655,Fossil Vertebrate,CMNFV 49112
578656,Fossil Vertebrate,CMNFV 49113
578657,Fossil Vertebrate,CMNFV 49114
578658,Fossil Vertebrate,CMNFV 49115
578659,Fossil Vertebrate,CMNFV 49116
578660,Fossil Vertebrate,CMNFV 49117
578661,Fossil Vertebrate,CMNFV 49118
578662,Fossil Vertebrate,CMNFV 49119
578663,Fossil Vertebrate,CMNFV 49120
578664,Fossil Vertebrate,CMNFV 49121
578665,Fossil Vertebrate,CMNFV 49122
578666,Fossil Vertebrate,CMNFV 49123
578667,Fossil Vertebrate,CMNFV 49124
578668,Fossil Vertebrate,CMNFV 49125
578669,Fossil Vertebrate,CMNFV 49126
578670,Fossil Vertebrate,CMNFV 49127
578671,Fossil Vertebrate,CMNFV 49128
578672,Fossil Vertebrate,CMNFV 49129
578673,Fossil Vertebrate,CMNFV 49130
578674,Fossil Vertebrate,CMNFV 49131
578675,Fossil Vertebrate,CMNFV 49132
578676,Fossil Vertebrate,CMNFV 49133
578677,Fossil Vertebrate,CMNFV 49134
578678,Fossil Vertebrate,CMNFV 49135
578679,Fossil Vertebrate,CMNFV 49136
578680,Fossil Vertebrate,CMNFV 49137
578681,Fossil Vertebrate,CMNFV 49138
578682,Fossil Vertebrate,CMNFV 49139
578683,Fossil Vertebrate,CMNFV 49140
578684,Fossil Vertebrate,CMNFV 49141
578685,Fossil Vertebrate,CMNFV 49142
578686,Fossil Vertebrate,CMNFV 49143
578687,Fossil Vertebrate,CMNFV 49144
578688,Fossil Vertebrate,CMNFV 49145
578689,Fossil Vertebrate,CMNFV 49146
578690,Fossil Vertebrate,CMNFV 49147
578691,Fossil Vertebrate,CMNFV 49148
578692,Fossil Vertebrate,CMNFV 49149
578693,Fossil Vertebrate,CMNFV 49150
578694,Fossil Vertebrate,CMNFV 49151
578695,Fossil Vertebrate,CMNFV 49152
578696,Fossil Vertebrate,CMNFV 49153
578697,Fossil Vertebrate,CMNFV 49154
578698,Fossil Vertebrate,CMNFV 49155
578699,Fossil Vertebrate,CMNFV 49156
578700,Fossil Vertebrate,CMNFV 49157
578701,Fossil Vertebrate,CMNFV 49158
578702,Fossil Vertebrate,CMNFV 49159
578703,Fossil Vertebrate,CMNFV 49160
578704,Fossil Vertebrate,CMNFV 49161
578705,Fossil Vertebrate,CMNFV 49162
578706,Fossil Vertebrate,CMNFV 49163
578707,Fossil Vertebrate,CMNFV 49164
578708,Fossil Vertebrate,CMNFV 49165
578709,Fossil Vertebrate,CMNFV 49166
578710,Fossil Vertebrate,CMNFV 49167
578711,Fossil Vertebrate,CMNFV 49168
578712,Fossil Vertebrate,CMNFV 49169
580011,Vascular Plant,CAN 588167
580034,Vascular Plant,CAN 588166
580035,Vascular Plant,CAN 588168
580042,Vascular Plant,CAN 588165
580226,Vascular Plant,CAN 588169
580228,Vascular Plant,CAN 588170
580229,Vascular Plant,CAN 588171
580322,Fossil Vertebrate,CMNFV 43779
584694,Bird,CMNAV T1394
585393,Vascular Plant,CAN 544587
585395,Vascular Plant,CAN 573204
593513,Fossil Vertebrate,CMNFV 43352
595692,Fossil Vertebrate,CMNFV 47038
596030,Fossil Vertebrate,CMNFV 47111
596031,Fossil Vertebrate,CMNFV 47112
596032,Fossil Vertebrate,CMNFV 47113
596037,Fossil Vertebrate,CMNFV 47117
596157,Fossil Vertebrate,CMNFV 36561
596201,Fossil Vertebrate,CMNFV 36618
596211,Fossil Vertebrate,CMNFV 36626
596237,Fossil Vertebrate,CMNFV 36664
596248,Fossil Vertebrate,CMNFV 36673
596249,Fossil Vertebrate,CMNFV 36679
596261,Fossil Vertebrate,CMNFV 36692
596262,Fossil Vertebrate,CMNFV 36695
596263,Fossil Vertebrate,CMNFV 36690
596272,Fossil Vertebrate,CMNFV 36702
596273,Fossil Vertebrate,CMNFV 36704
596303,Fossil Vertebrate,CMNFV 36735
596391,Fossil Vertebrate,CMNFV 36822
596411,Fossil Vertebrate,CMNFV 36845
596415,Fossil Vertebrate,CMNFV 36853
596490,Fossil Vertebrate,CMNFV 36960
596565,Fossil Vertebrate,CMNFV 37049
596566,Fossil Vertebrate,CMNFV 37051
596567,Fossil Vertebrate,CMNFV 37052
596568,Fossil Vertebrate,CMNFV 37053
596569,Fossil Vertebrate,CMNFV 37054
596570,Fossil Vertebrate,CMNFV 37056
596571,Fossil Vertebrate,CMNFV 37057
596572,Fossil Vertebrate,CMNFV 37058
596589,Fossil Vertebrate,CMNFV 37078
596590,Fossil Vertebrate,CMNFV 37080
596591,Fossil Vertebrate,CMNFV 37081
596592,Fossil Vertebrate,CMNFV 37084
596593,Fossil Vertebrate,CMNFV 37086
596612,Fossil Vertebrate,CMNFV 37105
596613,Fossil Vertebrate,CMNFV 37106
596624,Fossil Vertebrate,CMNFV 37114
596625,Fossil Vertebrate,CMNFV 37115
596633,Fossil Vertebrate,CMNFV 37127
596684,Fossil Vertebrate,CMNFV 37206
596711,Fossil Vertebrate,CMNFV 37231
596712,Fossil Vertebrate,CMNFV 37237
596729,Fossil Vertebrate,CMNFV 37258
596730,Fossil Vertebrate,CMNFV 37254
596740,Fossil Vertebrate,CMNFV 37262
596742,Fossil Vertebrate,CMNFV 37270
596775,Fossil Vertebrate,CMNFV 37318
596780,Fossil Vertebrate,CMNFV 37333
596806,Fossil Vertebrate,CMNFV 37376
596814,Fossil Vertebrate,CMNFV 37383
596823,Fossil Vertebrate,CMNFV 37391
596824,Fossil Vertebrate,CMNFV 37392
596835,Fossil Vertebrate,CMNFV 37409
596836,Fossil Vertebrate,CMNFV 37410
596837,Fossil Vertebrate,CMNFV 37414
596859,Fossil Vertebrate,CMNFV 37445
596860,Fossil Vertebrate,CMNFV 37448
598272,Fossil Vertebrate,CMNFV 45038
598306,Fossil Invertebrate,CMNFV 45094
598692,Fossil Vertebrate,CMNFV 46918
603825,Fossil Vertebrate,CMNFV 48498
640380,Vascular Plant,CAN 96711
640381,Vascular Plant,CAN 96712
640399,Vascular Plant,CAN 545210
640693,Vascular Plant,CAN 96694
640888,Vascular Plant,CAN 96753
640922,Vascular Plant,CAN 289902
640924,Vascular Plant,CAN 398935
640971,Vascular Plant,CAN 96767
645200,Vascular Plant,CAN 587164
647787,Vascular Plant,CAN 55324
649760,Fossil Vertebrate,CMNFV 12761
652933,Vascular Plant,CAN 592354
655120,Fossil Vertebrate,CMNFV 21613
656266,Fossil Vertebrate,CMNFV 41085
658608,Fossil Vertebrate,CMNFV 32414
658609,Fossil Vertebrate,CMNFV 32416
658610,Fossil Vertebrate,CMNFV 32415
659895,Vascular Plant,CAN 111492
659897,Vascular Plant,CAN 111495
659902,Vascular Plant,CAN 111494
659904,Vascular Plant,CAN 111493
660440,Vascular Plant,CAN 595826
660459,Vascular Plant,CAN 595830
679096,Vascular Plant,CAN 387124
679198,Vascular Plant,CAN 95852
679222,Vascular Plant,CAN 95851
679226,Vascular Plant,CAN 505556
679229,Vascular Plant,CAN 505555
679505,Insect,CMNEN 00011228
684320,Vascular Plant,CAN 591203
684321,Vascular Plant,CAN 591208
684410,Vascular Plant,CAN 590409
684411,Vascular Plant,CAN 590610
684412,Vascular Plant,CAN 590600
684413,Vascular Plant,CAN 590750
684414,Vascular Plant,CAN 590744
684464,Vascular Plant,CAN 590775
684649,Vascular Plant,CAN 590323
684650,Vascular Plant,CAN 590339
684651,Vascular Plant,CAN 590492
684652,Vascular Plant,CAN 591578
684653,Vascular Plant,CAN 591647
684654,Vascular Plant,CAN 590915
684655,Vascular Plant,CAN 590724
684770,Vascular Plant,CAN 590985
684771,Vascular Plant,CAN 590977
684772,Vascular Plant,CAN 590590
684774,Vascular Plant,CAN 591254
685317,Vascular Plant,CAN 590438
685318,Vascular Plant,CAN 590437
685352,Vascular Plant,CAN 591384
685353,Vascular Plant,CAN 591420
685354,Vascular Plant,CAN 590382
685355,Vascular Plant,CAN 590478
685356,Vascular Plant,CAN 590539
685398,Vascular Plant,CAN 591403
685416,Vascular Plant,CAN 591504
685417,Vascular Plant,CAN 590868
685418,Vascular Plant,CAN 590869
685419,Vascular Plant,CAN 590917
685420,Vascular Plant,CAN 590755
685421,Vascular Plant,CAN 590865
685422,Vascular Plant,CAN 590878
685423,Vascular Plant,CAN 590877
685424,Vascular Plant,CAN 590922
685425,Vascular Plant,CAN 590876
685426,Vascular Plant,CAN 590861
685427,Vascular Plant,CAN 590862
685428,Vascular Plant,CAN 590863
685429,Vascular Plant,CAN 590864
685433,Vascular Plant,CAN 590866
685459,Vascular Plant,CAN 591178
685462,Vascular Plant,CAN 596869
685486,Vascular Plant,CAN 596862
685501,Vascular Plant,CAN 596907
685511,Vascular Plant,CAN 596874
685543,Vascular Plant,CAN 596122
685546,Vascular Plant,CAN 596130
685548,Vascular Plant,CAN 596129
711341,Vascular Plant,CAN 99257
714611,Vascular Plant,CAN 325616
715663,Registration,ACQVOL1
752885,Vascular Plant,CAN 600347
752886,Vascular Plant,CAN 600358
752887,Vascular Plant,CAN 600495
755915,Alga,CANA 3383
756621,Vascular Plant,CAN 565322
757550,Fish,CMNFI 1979-0016.1
757576,Fish,CMNFI 1979-0015.1
759346,Mollusc,CMNML 2016-0258
759359,Fossil Vertebrate,CMNFV 58253
