Collection, ID Number
Amphibian and Reptile,CMNAR 8314
Amphibian and Reptile,CMNAR 8321
Amphibian and Reptile,CMNAR 8332
Amphibian and Reptile,CMNAR 8333
Amphibian and Reptile,CMNAR 8334
Amphibian and Reptile,CMNAR 8950
Amphibian and Reptile,CMNAR 8959
Amphibian and Reptile,CMNAR 9149
Amphibian and Reptile,CMNAR 9204
Amphibian and Reptile,CMNAR 9205
Amphibian and Reptile,CMNAR 9621
Amphibian and Reptile,CMNAR 9622
Amphibian and Reptile,CMNAR 9623
Amphibian and Reptile,CMNAR Z000309
Amphibian and Reptile,CMNAR Z000310
Amphibian and Reptile,CMNAR Z000759
Amphibian and Reptile,CMNAR Z000790
Amphibian and Reptile,CMNAR Z000803
Amphibian and Reptile,CMNAR Z000835
Amphibian and Reptile,CMNAR Z000862
Annelid,CMNA 1900-5969
Annelid,CMNA 1900-8299
Annelid,CMNA 1979-0025
Annelid,CMNA 1979-0029
Annelid,CMNA 1979-0030.1
Annelid,CMNA 1979-0030.2
Annelid,CMNA 1979-0030.3
Annelid,CMNA 1979-0031
Annelid,CMNA 1979-0032.1
Annelid,CMNA 1979-0032.2
Annelid,CMNA 1979-0032.3
Annelid,CMNA 1979-0032.4
Annelid,CMNA 1979-0033
Annelid,CMNA 1979-0034
Annelid,CMNA 1979-0035
Annelid,CMNA 1979-0036
Annelid,CMNA 1980-1501.1
Annelid,CMNA 1980-1501.2
Annelid,CMNA 1980-1501.3
Annelid,CMNA 1984-0584
Annelid,CMNA 1984-0757
Annelid,CMNA 1985-0282
Annelid,CMNA 1986-0016
Annelid,CMNA 1986-0017
Annelid,CMNA 1987-0182
Annelid,CMNA 1987-0183
Annelid,CMNA 1987-0184
Annelid,CMNA 1987-0185
Annelid,CMNA 1987-0186
Annelid,CMNA 1987-0197
Annelid,CMNA 1987-0198
Annelid,CMNA 1987-0199
Annelid,CMNA 1987-0200
Annelid,CMNA 1987-0201
Annelid,CMNA 1987-0202
Annelid,CMNA 1987-0203
Annelid,CMNA 1987-0204
Annelid,CMNA 1987-0205
Annelid,CMNA 1987-0206
Annelid,CMNA 1987-0392
Annelid,CMNA 1987-0393
Annelid,CMNA 1987-0585
Annelid,CMNA 1987-0586
Annelid,CMNA 1988-0064
Annelid,CMNA 1988-0153
Annelid,CMNA 1988-0175
Annelid,CMNA 1988-0212
Annelid,CMNA 1988-0237
Annelid,CMNA 1989-0221
Annelid,CMNA 1989-0222
Annelid,CMNA 1989-0223
Annelid,CMNA 1989-0267
Annelid,CMNA 1989-0268
Annelid,CMNA 1989-0269
Annelid,CMNA 1989-0270
Annelid,CMNA 1989-0271
Annelid,CMNA 1989-0639
Annelid,CMNA 1991-1234
Annelid,CMNA 2002-0019
Annelid,CMNA 2015-0030
Annelid,CMNA 2016-0005
Bird,CMNAV 10169
Bird,CMNAV 10170
Bird,CMNAV 10171
Bird,CMNAV 10172
Bird,CMNAV 10173
Bird,CMNAV 10174
Bird,CMNAV 10175
Bird,CMNAV 10176
Bird,CMNAV 10177
Bird,CMNAV 10178
Bird,CMNAV 10179
Bird,CMNAV 10180
Bird,CMNAV 10181
Bird,CMNAV 10182
Bird,CMNAV 10183
Bird,CMNAV 10184
Bird,CMNAV 10185
Bird,CMNAV 10186
Bird,CMNAV 10187
Bird,CMNAV 10188
Bird,CMNAV 10189
Bird,CMNAV 10190
Bird,CMNAV 10191
Bird,CMNAV 10192
Bird,CMNAV 10193
Bird,CMNAV 10194
Bird,CMNAV 10195
Bird,CMNAV 10196
Bird,CMNAV 10197
Bird,CMNAV 10198
Bird,CMNAV 12891
Bird,CMNAV 12892
Bird,CMNAV 12893
Bird,CMNAV 12894
Bird,CMNAV 12895
Bird,CMNAV 12903
Bird,CMNAV 1325
Bird,CMNAV 15292
Bird,CMNAV 16057
Bird,CMNAV 16058
Bird,CMNAV 16059
Bird,CMNAV 16060
Bird,CMNAV 16061
Bird,CMNAV 16062
Bird,CMNAV 16063
Bird,CMNAV 16064
Bird,CMNAV 16065
Bird,CMNAV 16066
Bird,CMNAV 16067
Bird,CMNAV 16068
Bird,CMNAV 16069
Bird,CMNAV 16070
Bird,CMNAV 16071
Bird,CMNAV 16072
Bird,CMNAV 16073
Bird,CMNAV 16074
Bird,CMNAV 16150
Bird,CMNAV 16151
Bird,CMNAV 16152
Bird,CMNAV 16153
Bird,CMNAV 16154
Bird,CMNAV 16264
Bird,CMNAV 17252
Bird,CMNAV 17400
Bird,CMNAV 18407
Bird,CMNAV 18408
Bird,CMNAV 18409
Bird,CMNAV 18410
Bird,CMNAV 18430
Bird,CMNAV 18431
Bird,CMNAV 18432
Bird,CMNAV 18433
Bird,CMNAV 19042
Bird,CMNAV 19072
Bird,CMNAV 19133
Bird,CMNAV 20521
Bird,CMNAV 21509
Bird,CMNAV 24714
Bird,CMNAV 25161
Bird,CMNAV 25162
Bird,CMNAV 25163
Bird,CMNAV 25164
Bird,CMNAV 25165
Bird,CMNAV 25166
Bird,CMNAV 25167
Bird,CMNAV 25168
Bird,CMNAV 25169
Bird,CMNAV 25170
Bird,CMNAV 25171
Bird,CMNAV 25172
Bird,CMNAV 25173
Bird,CMNAV 252
Bird,CMNAV 26754
Bird,CMNAV 27225
Bird,CMNAV 27497
Bird,CMNAV 27498
Bird,CMNAV 27544
Bird,CMNAV 278
Bird,CMNAV 289
Bird,CMNAV 290
Bird,CMNAV 29381
Bird,CMNAV 298
Bird,CMNAV 299
Bird,CMNAV 300
Bird,CMNAV 31499
Bird,CMNAV 31597
Bird,CMNAV 31865
Bird,CMNAV 34639
Bird,CMNAV 36145
Bird,CMNAV 36620
Bird,CMNAV 36621
Bird,CMNAV 37188
Bird,CMNAV 37196
Bird,CMNAV 37197
Bird,CMNAV 37198
Bird,CMNAV 37387
Bird,CMNAV 37388
Bird,CMNAV 37496
Bird,CMNAV 37534
Bird,CMNAV 376
Bird,CMNAV 377
Bird,CMNAV 38221
Bird,CMNAV 40472
Bird,CMNAV 40775
Bird,CMNAV 43189
Bird,CMNAV 43914
Bird,CMNAV 4448
Bird,CMNAV 44500
Bird,CMNAV 48485
Bird,CMNAV 48486
Bird,CMNAV 48487
Bird,CMNAV 49877
Bird,CMNAV 50655
Bird,CMNAV 50736
Bird,CMNAV 50758
Bird,CMNAV 50759
Bird,CMNAV 50763
Bird,CMNAV 51204
Bird,CMNAV 51207
Bird,CMNAV 51208
Bird,CMNAV 51209
Bird,CMNAV 51212
Bird,CMNAV 51213
Bird,CMNAV 51214
Bird,CMNAV 51215
Bird,CMNAV 51216
Bird,CMNAV 51217
Bird,CMNAV 51289
Bird,CMNAV 51290
Bird,CMNAV 51972
Bird,CMNAV 51993
Bird,CMNAV 51995
Bird,CMNAV 51997
Bird,CMNAV 52007
Bird,CMNAV 52025
Bird,CMNAV 52096
Bird,CMNAV 52097
Bird,CMNAV 5323
Bird,CMNAV 53665
Bird,CMNAV 53676
Bird,CMNAV 54080
Bird,CMNAV 54086
Bird,CMNAV 5432
Bird,CMNAV 55500
Bird,CMNAV 56167
Bird,CMNAV 57672
Bird,CMNAV 58633
Bird,CMNAV 5897
Bird,CMNAV 5899
Bird,CMNAV 5902
Bird,CMNAV 5910
Bird,CMNAV 59304
Bird,CMNAV 59339
Bird,CMNAV 59354
Bird,CMNAV 59369
Bird,CMNAV 59387
Bird,CMNAV 59388
Bird,CMNAV 59442
Bird,CMNAV 59591
Bird,CMNAV 59592
Bird,CMNAV 59623
Bird,CMNAV 59659
Bird,CMNAV 59685
Bird,CMNAV 59689
Bird,CMNAV 59778
Bird,CMNAV 59809
Bird,CMNAV 59810
Bird,CMNAV 59816
Bird,CMNAV 59829
Bird,CMNAV 59843
Bird,CMNAV 59878
Bird,CMNAV 59922
Bird,CMNAV 60090
Bird,CMNAV 60131
Bird,CMNAV 60136
Bird,CMNAV 60137
Bird,CMNAV 60138
Bird,CMNAV 60139
Bird,CMNAV 60140
Bird,CMNAV 60141
Bird,CMNAV 60142
Bird,CMNAV 60143
Bird,CMNAV 60144
Bird,CMNAV 60145
Bird,CMNAV 60146
Bird,CMNAV 60147
Bird,CMNAV 60148
Bird,CMNAV 60149
Bird,CMNAV 60150
Bird,CMNAV 60319
Bird,CMNAV 60320
Bird,CMNAV 60350
Bird,CMNAV 60374
Bird,CMNAV 60375
Bird,CMNAV 60410
Bird,CMNAV 60412
Bird,CMNAV 60462
Bird,CMNAV 60492
Bird,CMNAV 60497
Bird,CMNAV 60628
Bird,CMNAV 60648
Bird,CMNAV 60649
Bird,CMNAV 60657
Bird,CMNAV 60678
Bird,CMNAV 60772
Bird,CMNAV 60778
Bird,CMNAV 60781
Bird,CMNAV 60838
Bird,CMNAV 60855
Bird,CMNAV 61023
Bird,CMNAV 61413
Bird,CMNAV 61811
Bird,CMNAV 61925
Bird,CMNAV 6200
Bird,CMNAV 62151
Bird,CMNAV 6217
Bird,CMNAV 6218
Bird,CMNAV 6267
Bird,CMNAV 6277
Bird,CMNAV 62775
Bird,CMNAV 62971
Bird,CMNAV 62993
Bird,CMNAV 63015
Bird,CMNAV 6331
Bird,CMNAV 6332
Bird,CMNAV 6333
Bird,CMNAV 6334
Bird,CMNAV 6339
Bird,CMNAV 6350
Bird,CMNAV 63738
Bird,CMNAV 63739
Bird,CMNAV 63758
Bird,CMNAV 63850
Bird,CMNAV 63862
Bird,CMNAV 63863
Bird,CMNAV 63890
Bird,CMNAV 64043
Bird,CMNAV 64048
Bird,CMNAV 6426
Bird,CMNAV 6461
Bird,CMNAV 65259
Bird,CMNAV 65853
Bird,CMNAV 66539
Bird,CMNAV 66553
Bird,CMNAV 66604
Bird,CMNAV 66605
Bird,CMNAV 66626
Bird,CMNAV 66632
Bird,CMNAV 66633
Bird,CMNAV 66673
Bird,CMNAV 66676
Bird,CMNAV 67246
Bird,CMNAV 67252
Bird,CMNAV 67261
Bird,CMNAV 67262
Bird,CMNAV 67267
Bird,CMNAV 67271
Bird,CMNAV 67289
Bird,CMNAV 67307
Bird,CMNAV 67320
Bird,CMNAV 68626
Bird,CMNAV 68627
Bird,CMNAV 68644
Bird,CMNAV 68645
Bird,CMNAV 68816
Bird,CMNAV 68825
Bird,CMNAV 70077
Bird,CMNAV 75
Bird,CMNAV 75012
Bird,CMNAV 77925
Bird,CMNAV 8012
Bird,CMNAV 80553
Bird,CMNAV 80567
Bird,CMNAV 80568
Bird,CMNAV 81034
Bird,CMNAV 81077
Bird,CMNAV 81110
Bird,CMNAV 82738
Bird,CMNAV 85001
Bird,CMNAV 85002
Bird,CMNAV 85003
Bird,CMNAV 85004
Bird,CMNAV 85005
Bird,CMNAV 85006
Bird,CMNAV 85007
Bird,CMNAV 85008
Bird,CMNAV 85009
Bird,CMNAV 85010
Bird,CMNAV 85011
Bird,CMNAV 85012
Bird,CMNAV 85013
Bird,CMNAV 85014
Bird,CMNAV 85015
Bird,CMNAV 85016
Bird,CMNAV 85017
Bird,CMNAV 85018
Bird,CMNAV 85019
Bird,CMNAV 85020
Bird,CMNAV 85021
Bird,CMNAV 85022
Bird,CMNAV 85023
Bird,CMNAV 85024
Bird,CMNAV 85025
Bird,CMNAV 85026
Bird,CMNAV 85027
Bird,CMNAV 85028
Bird,CMNAV 85029
Bird,CMNAV 85030
Bird,CMNAV 85031
Bird,CMNAV 85032
Bird,CMNAV 85033
Bird,CMNAV 85034
Bird,CMNAV 85035
Bird,CMNAV 85036
Bird,CMNAV 85037
Bird,CMNAV 85038
Bird,CMNAV 85039
Bird,CMNAV 85040
Bird,CMNAV 85041
Bird,CMNAV 85042
Bird,CMNAV 85043
Bird,CMNAV 85044
Bird,CMNAV 85045
Bird,CMNAV 85046
Bird,CMNAV 85047
Bird,CMNAV 85048
Bird,CMNAV 85049
Bird,CMNAV 85050
Bird,CMNAV 85051
Bird,CMNAV 85052
Bird,CMNAV 85053
Bird,CMNAV 85054
Bird,CMNAV 86680
Bird,CMNAV 87031
Bird,CMNAV 9006
Bird,CMNAV B001
Bird,CMNAV B037
Bird,CMNAV B039
Bird,CMNAV B042
Bird,CMNAV B065
Bird,CMNAV B090
Bird,CMNAV B093
Bird,CMNAV B095
Bird,CMNAV B104
Bird,CMNAV B109
Bird,CMNAV B114
Bird,CMNAV B116
Bird,CMNAV B123
Bird,CMNAV B134
Bird,CMNAV B141
Bird,CMNAV B145
Bird,CMNAV B146
Bird,CMNAV B153
Bird,CMNAV B154
Bird,CMNAV B155
Bird,CMNAV B156
Bird,CMNAV B158
Bird,CMNAV B159
Bird,CMNAV B160
Bird,CMNAV B161
Bird,CMNAV B163
Bird,CMNAV B167
Bird,CMNAV B168
Bird,CMNAV B169
Bird,CMNAV B170
Bird,CMNAV B172
Bird,CMNAV B173
Bird,CMNAV B203
Bird,CMNAV B207
Bird,CMNAV B220
Bird,CMNAV B224
Bird,CMNAV B225
Bird,CMNAV B226
Bird,CMNAV B235
Bird,CMNAV B238
Bird,CMNAV B242
Bird,CMNAV B258
Bird,CMNAV B260
Bird,CMNAV B307
Bird,CMNAV B340
Bird,CMNAV B341
Bird,CMNAV B342
Bird,CMNAV B343
Bird,CMNAV B344
Bird,CMNAV B345
Bird,CMNAV B346
Bird,CMNAV B349
Bird,CMNAV B351
Bird,CMNAV B354
Bird,CMNAV B355
Bird,CMNAV B356
Bird,CMNAV B357
Bird,CMNAV B358
Bird,CMNAV B359
Bird,CMNAV B364
Bird,CMNAV B410
Bird,CMNAV B418
Bird,CMNAV B419
Bird,CMNAV B426
Bird,CMNAV B433
Bird,CMNAV B441
Bird,CMNAV B453
Bird,CMNAV B468
Bird,CMNAV B503
Bird,CMNAV B507
Bird,CMNAV B509
Bird,CMNAV B512
Bird,CMNAV B515
Bird,CMNAV B518
Bird,CMNAV B528
Bird,CMNAV B533
Bird,CMNAV B539
Bird,CMNAV B540
Bird,CMNAV B541
Bird,CMNAV B549
Bird,CMNAV B551
Bird,CMNAV B554
Bird,CMNAV B557
Bird,CMNAV B558
Bird,CMNAV B559
Bird,CMNAV B561
Bird,CMNAV B562
Bird,CMNAV B564
Bird,CMNAV B568
Bird,CMNAV B569
Bird,CMNAV B570
Bird,CMNAV B571
Bird,CMNAV B572
Bird,CMNAV B573
Bird,CMNAV B574
Bird,CMNAV B575
Bird,CMNAV B576
Bird,CMNAV B580
Bird,CMNAV B581
Bird,CMNAV B582
Bird,CMNAV B583
Bird,CMNAV B585
Bird,CMNAV B587
Bird,CMNAV B588
Bird,CMNAV B589
Bird,CMNAV B590
Bird,CMNAV B591
Bird,CMNAV B592
Bird,CMNAV B594
Bird,CMNAV B595
Bird,CMNAV B607
Bird,CMNAV B608
Bird,CMNAV B621
Bird,CMNAV B623B
Bird,CMNAV B639
Bird,CMNAV B640
Bird,CMNAV B641
Bird,CMNAV B642
Bird,CMNAV B647
Bird,CMNAV B654
Bird,CMNAV B655
Bird,CMNAV B658
Bird,CMNAV B659
Bird,CMNAV B660
Bird,CMNAV B661
Bird,CMNAV B663
Bird,CMNAV B665
Bird,CMNAV B668
Bird,CMNAV B669
Bird,CMNAV B680
Bird,CMNAV E1063
Bird,CMNAV E2636
Bird,CMNAV E2638
Bird,CMNAV E2652
Bird,CMNAV E2779
Bird,CMNAV E3019
Bird,CMNAV E3577
Bird,CMNAV E4284
Bird,CMNAV E4405
Bird,CMNAV E4413
Bird,CMNAV E4416
Bird,CMNAV E4757
Bird,CMNAV E5064
Bird,CMNAV E5124
Bird,CMNAV S1
Bird,CMNAV S100
Bird,CMNAV S102
Bird,CMNAV S1029
Bird,CMNAV S1045
Bird,CMNAV S1047
Bird,CMNAV S1054
Bird,CMNAV S1063
Bird,CMNAV S1068
Bird,CMNAV S125
Bird,CMNAV S130
Bird,CMNAV S133
Bird,CMNAV S145
Bird,CMNAV S146
Bird,CMNAV S147
Bird,CMNAV S1489
Bird,CMNAV S1506
Bird,CMNAV S1509
Bird,CMNAV S1510
Bird,CMNAV S1511
Bird,CMNAV S1512
Bird,CMNAV S1513
Bird,CMNAV S1536
Bird,CMNAV S161
Bird,CMNAV S167
Bird,CMNAV S168
Bird,CMNAV S169
Bird,CMNAV S17
Bird,CMNAV S170
Bird,CMNAV S171
Bird,CMNAV S172
Bird,CMNAV S179
Bird,CMNAV S180
Bird,CMNAV S191
Bird,CMNAV S2
Bird,CMNAV S2025
Bird,CMNAV S213
Bird,CMNAV S215
Bird,CMNAV S216
Bird,CMNAV S2262
Bird,CMNAV S246
Bird,CMNAV S25
Bird,CMNAV S30
Bird,CMNAV S301
Bird,CMNAV S353
Bird,CMNAV S354
Bird,CMNAV S357
Bird,CMNAV S37
Bird,CMNAV S38
Bird,CMNAV S381
Bird,CMNAV S39
Bird,CMNAV S4
Bird,CMNAV S40
Bird,CMNAV S415
Bird,CMNAV S47
Bird,CMNAV S478
Bird,CMNAV S497
Bird,CMNAV S5007
Bird,CMNAV S5068
Bird,CMNAV S5069
Bird,CMNAV S508
Bird,CMNAV S5083
Bird,CMNAV S5086
Bird,CMNAV S5087
Bird,CMNAV S5088
Bird,CMNAV S5089
Bird,CMNAV S5090
Bird,CMNAV S5156
Bird,CMNAV S5157
Bird,CMNAV S5158
Bird,CMNAV S5298
Bird,CMNAV S5405
Bird,CMNAV S5413
Bird,CMNAV S5414
Bird,CMNAV S5483
Bird,CMNAV S5544
Bird,CMNAV S56
Bird,CMNAV S561
Bird,CMNAV S567
Bird,CMNAV S568
Bird,CMNAV S569
Bird,CMNAV S570
Bird,CMNAV S571
Bird,CMNAV S572
Bird,CMNAV S5904
Bird,CMNAV S5949
Bird,CMNAV S605
Bird,CMNAV S61
Bird,CMNAV S613
Bird,CMNAV S614
Bird,CMNAV S666
Bird,CMNAV S667
Bird,CMNAV S677
Bird,CMNAV S681
Bird,CMNAV S686
Bird,CMNAV S692
Bird,CMNAV S702
Bird,CMNAV S703
Bird,CMNAV S720
Bird,CMNAV S729
Bird,CMNAV S731
Bird,CMNAV S733
Bird,CMNAV S750
Bird,CMNAV S7867
Bird,CMNAV S7879
Bird,CMNAV S8
Bird,CMNAV S825
Bird,CMNAV S9
Bird,CMNAV S921
Bird,CMNAV S923
Bird,CMNAV S924
Bird,CMNAV S98
Bird,CMNAV T18
Bird,CMNAV T536
Bird,CMNAV T82
Bird,CMNAV T85
Bird,CMNAV T92
Bird,CMNAV T93
Bird,CMNAV Z000015
Bird,CMNAV Z000067
Bird,CMNAV Z000190
Bird,CMNAV Z000207
Bird,CMNAV Z000223
Bird,CMNAV Z000329
Bird,CMNAV Z000413
Bird,CMNAV Z000414
Bird,CMNAV Z000415
Bird,CMNAV Z000429
Bird,CMNAV Z000436
Bird,CMNAV Z000495
Bird,CMNAV Z000496
Bird,CMNAV Z000497
Bird,CMNAV Z000498
Bird,CMNAV Z000499
Bird,CMNAV Z000500
Bird,CMNAV Z000501
Bird,CMNAV Z000502
Bird,CMNAV Z000503
Bird,CMNAV Z000504
Bird,CMNAV Z000505
Bird,CMNAV Z000506
Bird,CMNAV Z000507
Bird,CMNAV Z000508
Bird,CMNAV Z000509
Bird,CMNAV Z000510
Bird,CMNAV Z000511
Bird,CMNAV Z000512
Bird,CMNAV Z000513
Bird,CMNAV Z000514
Bird,CMNAV Z000515
Bird,CMNAV Z000516
Bird,CMNAV Z000517
Bird,CMNAV Z000518
Bird,CMNAV Z000519
Bird,CMNAV Z000520
Bird,CMNAV Z000521
Bird,CMNAV Z000522
Bird,CMNAV Z000523
Bird,CMNAV Z000524
Bird,CMNAV Z000525
Bird,CMNAV Z000526
Bird,CMNAV Z000527
Bird,CMNAV Z000528
Bird,CMNAV Z000529
Bird,CMNAV Z000530
Bird,CMNAV Z000531
Bird,CMNAV Z000532
Bird,CMNAV Z000629
Bird,CMNAV Z000630
Bird,CMNAV Z000631
Bird,CMNAV Z000636
Bird,CMNAV Z000698
Bird,CMNAV Z000699
Bird,CMNAV Z000700
Bird,CMNAV Z000705
Bird,CMNAV Z000706
Bird,CMNAV Z000712
Bird,CMNAV Z000717
Bird,CMNAV Z000721
Bird,CMNAV Z000726
Bird,CMNAV Z000733
Bird,CMNAV Z000739
Bird,CMNAV Z000740
Bird,CMNAV Z000741
Bird,CMNAV Z000742
Bird,CMNAV Z000743
Bird,CMNAV Z000744
Bird,CMNAV Z000746
Bird,CMNAV Z000752
Bird,CMNAV Z000753
Bird,CMNAV Z000754
Bird,CMNAV Z000755
Bird,CMNAV Z000758
Bird,CMNAV Z000768
Bird,CMNAV Z000769
Bird,CMNAV Z000780
Bird,CMNAV Z000798
Bird,CMNAV Z000809
Bird,CMNAV Z000813
Bird,CMNAV Z000814
Bird,CMNAV Z000815
Bird,CMNAV Z000816
Bird,CMNAV Z000820
Bird,CMNAV Z000824
Bird,CMNAV Z000825
Bird,CMNAV Z000826
Bird,CMNAV Z000827
Bird,CMNAV Z000828
Bird,CMNAV Z000833
Bird,CMNAV Z000840
Bird,CMNAV Z000842
Bryophyte,CANM 100498
Bryophyte,CANM 101078
Bryophyte,CANM 101265
Bryophyte,CANM 101746
Bryophyte,CANM 10225
Bryophyte,CANM 102553
Bryophyte,CANM 102658
Bryophyte,CANM 102806
Bryophyte,CANM 102817
Bryophyte,CANM 108796
Bryophyte,CANM 109286
Bryophyte,CANM 110623
Bryophyte,CANM 111929
Bryophyte,CANM 114941
Bryophyte,CANM 116860
Bryophyte,CANM 117053
Bryophyte,CANM 119041
Bryophyte,CANM 119041 [dup1]
Bryophyte,CANM 123202
Bryophyte,CANM 124648
Bryophyte,CANM 124662
Bryophyte,CANM 124663
Bryophyte,CANM 128548
Bryophyte,CANM 13015
Bryophyte,CANM 13017
Bryophyte,CANM 13025
Bryophyte,CANM 140016
Bryophyte,CANM 141069
Bryophyte,CANM 146582
Bryophyte,CANM 146583
Bryophyte,CANM 148313
Bryophyte,CANM 148583
Bryophyte,CANM 15059
Bryophyte,CANM 15350
Bryophyte,CANM 164
Bryophyte,CANM 18101
Bryophyte,CANM 18103
Bryophyte,CANM 18104
Bryophyte,CANM 18105
Bryophyte,CANM 18106
Bryophyte,CANM 18107
Bryophyte,CANM 18108
Bryophyte,CANM 18110
Bryophyte,CANM 197355
Bryophyte,CANM 197366
Bryophyte,CANM 197404
Bryophyte,CANM 197410
Bryophyte,CANM 197539
Bryophyte,CANM 197542
Bryophyte,CANM 197563
Bryophyte,CANM 197580
Bryophyte,CANM 197581
Bryophyte,CANM 197608
Bryophyte,CANM 197613
Bryophyte,CANM 197709
Bryophyte,CANM 197730
Bryophyte,CANM 197741
Bryophyte,CANM 197742
Bryophyte,CANM 203503
Bryophyte,CANM 212719
Bryophyte,CANM 227069
Bryophyte,CANM 228600
Bryophyte,CANM 229164
Bryophyte,CANM 229181
Bryophyte,CANM 232738
Bryophyte,CANM 240195
Bryophyte,CANM 240419
Bryophyte,CANM 240439
Bryophyte,CANM 240699
Bryophyte,CANM 240717
Bryophyte,CANM 24086
Bryophyte,CANM 240867
Bryophyte,CANM 241172
Bryophyte,CANM 242914
Bryophyte,CANM 242928
Bryophyte,CANM 242986
Bryophyte,CANM 243180
Bryophyte,CANM 243187
Bryophyte,CANM 243291
Bryophyte,CANM 246306
Bryophyte,CANM 246322
Bryophyte,CANM 246338
Bryophyte,CANM 246496
Bryophyte,CANM 246817
Bryophyte,CANM 246862
Bryophyte,CANM 247384
Bryophyte,CANM 25087 [dup1]
Bryophyte,CANM 25092
Bryophyte,CANM 251471
Bryophyte,CANM 254046
Bryophyte,CANM 254304
Bryophyte,CANM 254305
Bryophyte,CANM 262126
Bryophyte,CANM 262143
Bryophyte,CANM 264352
Bryophyte,CANM 266116
Bryophyte,CANM 266116 [dup1]
Bryophyte,CANM 266116 [dup2]
Bryophyte,CANM 266116 [dup3]
Bryophyte,CANM 266117
Bryophyte,CANM 267192
Bryophyte,CANM 267661
Bryophyte,CANM 269818
Bryophyte,CANM 272428
Bryophyte,CANM 273110
Bryophyte,CANM 273305
Bryophyte,CANM 275125
Bryophyte,CANM 275126
Bryophyte,CANM 275129
Bryophyte,CANM 277159
Bryophyte,CANM 277162
Bryophyte,CANM 277487
Bryophyte,CANM 279530
Bryophyte,CANM 279532
Bryophyte,CANM 279534
Bryophyte,CANM 279537
Bryophyte,CANM 279539
Bryophyte,CANM 280088
Bryophyte,CANM 280089
Bryophyte,CANM 280090
Bryophyte,CANM 280098
Bryophyte,CANM 280099
Bryophyte,CANM 285598
Bryophyte,CANM 285599
Bryophyte,CANM 285600
Bryophyte,CANM 287045
Bryophyte,CANM 287047
Bryophyte,CANM 287048
Bryophyte,CANM 287050
Bryophyte,CANM 287051
Bryophyte,CANM 287054
Bryophyte,CANM 287055
Bryophyte,CANM 287056
Bryophyte,CANM 287062
Bryophyte,CANM 287063
Bryophyte,CANM 287073
Bryophyte,CANM 287074
Bryophyte,CANM 287075
Bryophyte,CANM 287085
Bryophyte,CANM 287090
Bryophyte,CANM 287097
Bryophyte,CANM 287099
Bryophyte,CANM 287100
Bryophyte,CANM 287106
Bryophyte,CANM 287109
Bryophyte,CANM 287111
Bryophyte,CANM 287113
Bryophyte,CANM 287115
Bryophyte,CANM 287119
Bryophyte,CANM 287121
Bryophyte,CANM 287123
Bryophyte,CANM 287124
Bryophyte,CANM 287127
Bryophyte,CANM 287129
Bryophyte,CANM 287132
Bryophyte,CANM 287135
Bryophyte,CANM 287136
Bryophyte,CANM 287140
Bryophyte,CANM 287143
Bryophyte,CANM 287146
Bryophyte,CANM 287147
Bryophyte,CANM 289655
Bryophyte,CANM 290093
Bryophyte,CANM 290095
Bryophyte,CANM 290103
Bryophyte,CANM 290109
Bryophyte,CANM 290114
Bryophyte,CANM 290117
Bryophyte,CANM 290123
Bryophyte,CANM 295598
Bryophyte,CANM 297906
Bryophyte,CANM 297978
Bryophyte,CANM 301482
Bryophyte,CANM 301484
Bryophyte,CANM 301485
Bryophyte,CANM 301486
Bryophyte,CANM 301487
Bryophyte,CANM 301488
Bryophyte,CANM 301489
Bryophyte,CANM 301490
Bryophyte,CANM 301492
Bryophyte,CANM 301493
Bryophyte,CANM 301494
Bryophyte,CANM 301495
Bryophyte,CANM 301496
Bryophyte,CANM 301499
Bryophyte,CANM 301500
Bryophyte,CANM 301501
Bryophyte,CANM 301502
Bryophyte,CANM 301504
Bryophyte,CANM 301505
Bryophyte,CANM 301506
Bryophyte,CANM 301509
Bryophyte,CANM 301510
Bryophyte,CANM 301511
Bryophyte,CANM 301513
Bryophyte,CANM 301515
Bryophyte,CANM 301517
Bryophyte,CANM 301518
Bryophyte,CANM 301520
Bryophyte,CANM 301521
Bryophyte,CANM 301522
Bryophyte,CANM 301523
Bryophyte,CANM 301525
Bryophyte,CANM 301526
Bryophyte,CANM 301528
Bryophyte,CANM 301529
Bryophyte,CANM 301531
Bryophyte,CANM 301532
Bryophyte,CANM 301534
Bryophyte,CANM 301535
Bryophyte,CANM 301537
Bryophyte,CANM 301538
Bryophyte,CANM 301539
Bryophyte,CANM 301540
Bryophyte,CANM 301542
Bryophyte,CANM 301544
Bryophyte,CANM 301545
Bryophyte,CANM 301546
Bryophyte,CANM 301547
Bryophyte,CANM 301550
Bryophyte,CANM 301551
Bryophyte,CANM 301552
Bryophyte,CANM 301553
Bryophyte,CANM 301554
Bryophyte,CANM 301555
Bryophyte,CANM 301556
Bryophyte,CANM 301558
Bryophyte,CANM 301562
Bryophyte,CANM 301563
Bryophyte,CANM 301565
Bryophyte,CANM 301566
Bryophyte,CANM 301567
Bryophyte,CANM 301569
Bryophyte,CANM 301570
Bryophyte,CANM 301571
Bryophyte,CANM 301573
Bryophyte,CANM 301574
Bryophyte,CANM 301575
Bryophyte,CANM 301576
Bryophyte,CANM 301576 [dup1]
Bryophyte,CANM 301577
Bryophyte,CANM 301578
Bryophyte,CANM 301580
Bryophyte,CANM 301581
Bryophyte,CANM 301582
Bryophyte,CANM 301586
Bryophyte,CANM 301587
Bryophyte,CANM 301589
Bryophyte,CANM 301591
Bryophyte,CANM 301592
Bryophyte,CANM 301597
Bryophyte,CANM 301598
Bryophyte,CANM 301600
Bryophyte,CANM 301601
Bryophyte,CANM 301602
Bryophyte,CANM 301604
Bryophyte,CANM 301606
Bryophyte,CANM 301609
Bryophyte,CANM 301610
Bryophyte,CANM 301612
Bryophyte,CANM 301613
Bryophyte,CANM 301614
Bryophyte,CANM 301616
Bryophyte,CANM 301617
Bryophyte,CANM 301619
Bryophyte,CANM 301620
Bryophyte,CANM 301621
Bryophyte,CANM 301622
Bryophyte,CANM 301623
Bryophyte,CANM 301624
Bryophyte,CANM 301626
Bryophyte,CANM 301627
Bryophyte,CANM 301628
Bryophyte,CANM 301629
Bryophyte,CANM 301630
Bryophyte,CANM 301631
Bryophyte,CANM 301632
Bryophyte,CANM 301633
Bryophyte,CANM 301634
Bryophyte,CANM 301635
Bryophyte,CANM 301636
Bryophyte,CANM 301638
Bryophyte,CANM 301639
Bryophyte,CANM 301640
Bryophyte,CANM 301641
Bryophyte,CANM 301642
Bryophyte,CANM 301644
Bryophyte,CANM 301645
Bryophyte,CANM 301647
Bryophyte,CANM 301648
Bryophyte,CANM 301649
Bryophyte,CANM 301757
Bryophyte,CANM 304409
Bryophyte,CANM 304410
Bryophyte,CANM 304411
Bryophyte,CANM 304412
Bryophyte,CANM 304415
Bryophyte,CANM 304419
Bryophyte,CANM 304421
Bryophyte,CANM 304422
Bryophyte,CANM 304423
Bryophyte,CANM 304424
Bryophyte,CANM 304425
Bryophyte,CANM 304427
Bryophyte,CANM 304428
Bryophyte,CANM 304429
Bryophyte,CANM 304430
Bryophyte,CANM 304431
Bryophyte,CANM 304432
Bryophyte,CANM 304433
Bryophyte,CANM 304433 [dup1]
Bryophyte,CANM 304433 [dup2]
Bryophyte,CANM 304435
Bryophyte,CANM 304436
Bryophyte,CANM 304437
Bryophyte,CANM 304472
Bryophyte,CANM 304473
Bryophyte,CANM 304474
Bryophyte,CANM 304476
Bryophyte,CANM 304478
Bryophyte,CANM 304479
Bryophyte,CANM 304480
Bryophyte,CANM 304481
Bryophyte,CANM 304482
Bryophyte,CANM 304484
Bryophyte,CANM 304487
Bryophyte,CANM 304488
Bryophyte,CANM 304489
Bryophyte,CANM 304490
Bryophyte,CANM 304491
Bryophyte,CANM 304493
Bryophyte,CANM 304494
Bryophyte,CANM 304495
Bryophyte,CANM 304496
Bryophyte,CANM 304497
Bryophyte,CANM 304498
Bryophyte,CANM 304499
Bryophyte,CANM 304502
Bryophyte,CANM 304503
Bryophyte,CANM 304504
Bryophyte,CANM 304505
Bryophyte,CANM 304507
Bryophyte,CANM 304508
Bryophyte,CANM 304509
Bryophyte,CANM 304511
Bryophyte,CANM 304514
Bryophyte,CANM 304516
Bryophyte,CANM 304517
Bryophyte,CANM 304519
Bryophyte,CANM 304520
Bryophyte,CANM 304522
Bryophyte,CANM 304523
Bryophyte,CANM 304524
Bryophyte,CANM 304525
Bryophyte,CANM 304529
Bryophyte,CANM 304530
Bryophyte,CANM 304531
Bryophyte,CANM 304535
Bryophyte,CANM 304536
Bryophyte,CANM 304537
Bryophyte,CANM 304538
Bryophyte,CANM 304538 [dup1]
Bryophyte,CANM 304538 [dup2]
Bryophyte,CANM 304540
Bryophyte,CANM 304543
Bryophyte,CANM 304544
Bryophyte,CANM 304545
Bryophyte,CANM 304546
Bryophyte,CANM 304547
Bryophyte,CANM 304548
Bryophyte,CANM 304549
Bryophyte,CANM 304550
Bryophyte,CANM 304551
Bryophyte,CANM 304552
Bryophyte,CANM 304554
Bryophyte,CANM 304556
Bryophyte,CANM 304559
Bryophyte,CANM 304560
Bryophyte,CANM 304561
Bryophyte,CANM 304562
Bryophyte,CANM 304566
Bryophyte,CANM 304569
Bryophyte,CANM 304571
Bryophyte,CANM 304572
Bryophyte,CANM 304573
Bryophyte,CANM 304574
Bryophyte,CANM 304575
Bryophyte,CANM 304576
Bryophyte,CANM 304577
Bryophyte,CANM 304578
Bryophyte,CANM 304579
Bryophyte,CANM 304580
Bryophyte,CANM 304581
Bryophyte,CANM 304583
Bryophyte,CANM 304586
Bryophyte,CANM 304589
Bryophyte,CANM 304590
Bryophyte,CANM 304591
Bryophyte,CANM 304619
Bryophyte,CANM 307198
Bryophyte,CANM 307200
Bryophyte,CANM 312877
Bryophyte,CANM 313886
Bryophyte,CANM 313887
Bryophyte,CANM 313890
Bryophyte,CANM 313892
Bryophyte,CANM 313893
Bryophyte,CANM 313894
Bryophyte,CANM 313895
Bryophyte,CANM 313896
Bryophyte,CANM 313898
Bryophyte,CANM 313899
Bryophyte,CANM 313900
Bryophyte,CANM 313901
Bryophyte,CANM 313902
Bryophyte,CANM 313903
Bryophyte,CANM 313905
Bryophyte,CANM 313906
Bryophyte,CANM 313907
Bryophyte,CANM 313908
Bryophyte,CANM 313910
Bryophyte,CANM 313911
Bryophyte,CANM 313912
Bryophyte,CANM 313913
Bryophyte,CANM 313914
Bryophyte,CANM 313916
Bryophyte,CANM 313918
Bryophyte,CANM 313920
Bryophyte,CANM 314054
Bryophyte,CANM 314055
Bryophyte,CANM 314056
Bryophyte,CANM 314058
Bryophyte,CANM 314059
Bryophyte,CANM 314060
Bryophyte,CANM 314061
Bryophyte,CANM 314062
Bryophyte,CANM 314063
Bryophyte,CANM 314064
Bryophyte,CANM 314065
Bryophyte,CANM 314066
Bryophyte,CANM 314068
Bryophyte,CANM 314069
Bryophyte,CANM 314070
Bryophyte,CANM 314071
Bryophyte,CANM 314073
Bryophyte,CANM 314074
Bryophyte,CANM 314075
Bryophyte,CANM 314076
Bryophyte,CANM 314077
Bryophyte,CANM 314080
Bryophyte,CANM 314084
Bryophyte,CANM 314085
Bryophyte,CANM 314086
Bryophyte,CANM 314088
Bryophyte,CANM 314089
Bryophyte,CANM 314092
Bryophyte,CANM 314093
Bryophyte,CANM 314094
Bryophyte,CANM 314095
Bryophyte,CANM 314096
Bryophyte,CANM 314097
Bryophyte,CANM 314098
Bryophyte,CANM 314099
Bryophyte,CANM 314100
Bryophyte,CANM 314101
Bryophyte,CANM 314102
Bryophyte,CANM 314103
Bryophyte,CANM 314104
Bryophyte,CANM 314105
Bryophyte,CANM 314105 [dup1]
Bryophyte,CANM 314106
Bryophyte,CANM 314107
Bryophyte,CANM 314109
Bryophyte,CANM 314110
Bryophyte,CANM 314111
Bryophyte,CANM 314112
Bryophyte,CANM 314113
Bryophyte,CANM 314115
Bryophyte,CANM 314120
Bryophyte,CANM 314121
Bryophyte,CANM 314123
Bryophyte,CANM 314124
Bryophyte,CANM 314125
Bryophyte,CANM 314126
Bryophyte,CANM 314127
Bryophyte,CANM 314130
Bryophyte,CANM 314131
Bryophyte,CANM 314132
Bryophyte,CANM 314133
Bryophyte,CANM 314134
Bryophyte,CANM 314135
Bryophyte,CANM 314137
Bryophyte,CANM 314138
Bryophyte,CANM 314140
Bryophyte,CANM 314142
Bryophyte,CANM 314143
Bryophyte,CANM 314144
Bryophyte,CANM 314145
Bryophyte,CANM 314146
Bryophyte,CANM 314147
Bryophyte,CANM 314149
Bryophyte,CANM 314150
Bryophyte,CANM 314152
Bryophyte,CANM 314154
Bryophyte,CANM 314155
Bryophyte,CANM 314156
Bryophyte,CANM 314157
Bryophyte,CANM 314158
Bryophyte,CANM 314159
Bryophyte,CANM 314160
Bryophyte,CANM 314162
Bryophyte,CANM 314164
Bryophyte,CANM 314168
Bryophyte,CANM 314169
Bryophyte,CANM 314170
Bryophyte,CANM 314171
Bryophyte,CANM 314173
Bryophyte,CANM 314174
Bryophyte,CANM 314177
Bryophyte,CANM 314178
Bryophyte,CANM 314179
Bryophyte,CANM 314181
Bryophyte,CANM 314182
Bryophyte,CANM 314183
Bryophyte,CANM 314186
Bryophyte,CANM 314188
Bryophyte,CANM 314189
Bryophyte,CANM 314190
Bryophyte,CANM 314191
Bryophyte,CANM 314192
Bryophyte,CANM 314193
Bryophyte,CANM 314194
Bryophyte,CANM 314195
Bryophyte,CANM 314196
Bryophyte,CANM 314197
Bryophyte,CANM 314198
Bryophyte,CANM 314200
Bryophyte,CANM 314201
Bryophyte,CANM 314202
Bryophyte,CANM 314203
Bryophyte,CANM 314204
Bryophyte,CANM 314206
Bryophyte,CANM 314207
Bryophyte,CANM 314208
Bryophyte,CANM 314211
Bryophyte,CANM 314212
Bryophyte,CANM 314213
Bryophyte,CANM 314214
Bryophyte,CANM 314217
Bryophyte,CANM 314220
Bryophyte,CANM 331584
Bryophyte,CANM 331587
Bryophyte,CANM 331591
Bryophyte,CANM 331602
Bryophyte,CANM 331616
Bryophyte,CANM 331620
Bryophyte,CANM 331625
Bryophyte,CANM 331632
Bryophyte,CANM 331635
Bryophyte,CANM 331637
Bryophyte,CANM 331638
Bryophyte,CANM 331641
Bryophyte,CANM 331642
Bryophyte,CANM 331649
Bryophyte,CANM 6172
Bryophyte,CANM 8259
Bryophyte,CANM 8264
Bryophyte,CANM 8278
Bryophyte,CANM 8669
Crustacea,CMNC 1981-0010
Crustacea,CMNC 1981-0188
Crustacea,CMNC 1981-0460
Crustacea,CMNC 1982-0604
Crustacea,CMNC 1984-1005
Crustacea,CMNC 1985-0127
Crustacea,CMNC 1987-0727
Crustacea,CMNC 1987-0728
Crustacea,CMNC 1987-0734
Crustacea,CMNC 1987-0741
Crustacea,CMNC 1987-0886
Crustacea,CMNC 1987-0887
Crustacea,CMNC 1987-0889
Crustacea,CMNC 1987-0890
Crustacea,CMNC 1987-1224
Crustacea,CMNC 1988-0186
Crustacea,CMNC 1989-0060
Crustacea,CMNC 1989-0610
Crustacea,CMNC 1989-1024
Crustacea,CMNC 1989-1030
Crustacea,CMNC 1989-1035
Crustacea,CMNC 1989-1077
Crustacea,CMNC 2004-0911
Crustacea,CMNC 2005-0002
Crustacea,CMNC 2010-3579.2
Crustacea,CMNC 2010-6929
Crustacea,CMNC 2010-6934
Crustacea,CMNC 2010-6935
Crustacea,CMNC 2010-6936
Crustacea,CMNC 2010-6943
Crustacea,CMNC 2010-6966
Crustacea,CMNC 2010-7024
Crustacea,CMNC 2010-7026
Crustacea,CMNC 2010-7034
Crustacea,CMNC 2010-7042
Crustacea,CMNC 2015-0210
Crustacea,CMNC 2015-0212
Crustacea,CMNC 2015-0236
Fish,CMNFI 1966-0447.1
Fish,CMNFI 1968-1029.1
Fish,CMNFI 1969-0003.11
Fish,CMNFI 1970-0559.4
Fish,CMNFI 1983-0738.2
Fish,CMNFI 1983-0738.3
Fish,CMNFI 1983-0738.4
Fish,CMNFI 1983-0738.5
Fish,CMNFI 1983-0738.6
Fish,CMNFI 1983-0738.7
Fish,CMNFI 1983-0738.8
Fish,CMNFI 1986-0050.1
Fish,CMNFI 1986-0053.1
Fish,CMNFI 1986-0065.1
Fish,CMNFI 1986-0072.1
Fish,CMNFI 1986-0136.1
Fish,CMNFI 1987-0276.1
Fish,CMNFI 1987-0286.1
Fish,CMNFI 1987-0287.1
Fish,CMNFI 1987-0311.1
Fish,CMNFI 1988-0174.1
Fish,CMNFI 1989-0452.1
Fish,CMNFI 1994-0009.1
Fish,CMNFI 2009-0025.1
Fish,CMNFI 2009-0025A.1
Fish,CMNFI 2016-0036.1
Fish,CMNFI Z000637
Fish,CMNFI Z000638
Fish,CMNFI Z000639
Fish,CMNFI Z000669
Fish,CMNFI Z000673
Fish,CMNFI Z000674
Fish,CMNFI Z000711
Fish,CMNFI Z000715
Fish,CMNFI Z000720
Fish,CMNFI Z000722
Fish,CMNFI Z000728
Fish,CMNFI Z000731
Fish,CMNFI Z000732
Fish,CMNFI Z000736
Fish,CMNFI Z000737
Fish,CMNFI Z000802
Fish,CMNFI Z000804
Fossil Vertebrate,CMNFV 14019
Fossil Vertebrate,CMNFV 32408
Fossil Vertebrate,CMNFV 33355
Fossil Vertebrate,CMNFV 34212
Fossil Vertebrate,CMNFV 40775
Fossil Vertebrate,CMNFV 41855
Fossil Vertebrate,CMNFV 49928
Fossil Vertebrate,CMNFV 49929
Fossil Vertebrate,CMNFV 50397
Fossil Vertebrate,CMNFV 50870
Fossil Vertebrate,CMNFV 51779B
Fossil Vertebrate,CMNFV 51872
Fossil Vertebrate,CMNFV 51887
Fossil Vertebrate,CMNFV 51897
Fossil Vertebrate,CMNFV 51898
Fossil Vertebrate,CMNFV 51907
Fossil Vertebrate,CMNFV 54145
Fossil Vertebrate,CMNFV 54146
Fossil Vertebrate,CMNFV 54147
Fossil Vertebrate,CMNFV 54148
Fossil Vertebrate,CMNFV 54149
Fossil Vertebrate,CMNFV 54150
Fossil Vertebrate,CMNFV 54151
Fossil Vertebrate,CMNFV 54152
Fossil Vertebrate,CMNFV 8868
General Invertebrate,CMNI 1900-1983
General Invertebrate,CMNI 1900-1989
General Invertebrate,CMNI 1900-1991
General Invertebrate,CMNI 1900-1992
General Invertebrate,CMNI 1900-2025
General Invertebrate,CMNI 1900-2027
General Invertebrate,CMNI 1900-2029
General Invertebrate,CMNI 1900-2829
General Invertebrate,CMNI 1900-2830
General Invertebrate,CMNI 1900-2831
General Invertebrate,CMNI 1900-2832
General Invertebrate,CMNI 1900-5771
General Invertebrate,CMNI 1989-0060
General Invertebrate,CMNI 1989-0797
General Invertebrate,CMNI 1989-1153
General Invertebrate,CMNI 2012-0001
Insect,CMNEN 00004097
Insect,CMNEN 00010396
Insect,CMNEN 00011836
Lichen,CANL 0074283A
Lichen,CANL 121941
Lichen,CANL 62208
Lichen,CANL 74276
Lichen,CANL 74277
Lichen,CANL 74278
Lichen,CANL 74280
Lichen,CANL 74282
Lichen,CANL 76692
Lichen,CANL 77770
Lichen,CANL 9148
Lichen,CANL 94606
Lichen,CANL 94615
Lichen,CANL 94616
Lichen,CANL 99513
Lichen,CANL 99514
Lichen,CANL 99516
Lichen,CANL 99521
Mammal,CMNMA 1
Mammal,CMNMA 10402
Mammal,CMNMA 10403
Mammal,CMNMA 10404
Mammal,CMNMA 10420
Mammal,CMNMA 1045
Mammal,CMNMA 11795
Mammal,CMNMA 11796
Mammal,CMNMA 1237
Mammal,CMNMA 12489
Mammal,CMNMA 131
Mammal,CMNMA 13427
Mammal,CMNMA 1401
Mammal,CMNMA 1402
Mammal,CMNMA 1406
Mammal,CMNMA 14072
Mammal,CMNMA 14073
Mammal,CMNMA 14074
Mammal,CMNMA 14075
Mammal,CMNMA 14076
Mammal,CMNMA 14942
Mammal,CMNMA 14943
Mammal,CMNMA 1511
Mammal,CMNMA 1606
Mammal,CMNMA 1607
Mammal,CMNMA 1608
Mammal,CMNMA 1609
Mammal,CMNMA 16107
Mammal,CMNMA 16108
Mammal,CMNMA 1646
Mammal,CMNMA 1647
Mammal,CMNMA 1648
Mammal,CMNMA 1649
Mammal,CMNMA 1650
Mammal,CMNMA 1651
Mammal,CMNMA 1653
Mammal,CMNMA 1654
Mammal,CMNMA 1655
Mammal,CMNMA 1656
Mammal,CMNMA 1657
Mammal,CMNMA 17005
Mammal,CMNMA 17052
Mammal,CMNMA 17132
Mammal,CMNMA 17133
Mammal,CMNMA 17291
Mammal,CMNMA 17292
Mammal,CMNMA 17293
Mammal,CMNMA 17294
Mammal,CMNMA 17295
Mammal,CMNMA 17296
Mammal,CMNMA 1824
Mammal,CMNMA 1825
Mammal,CMNMA 1865
Mammal,CMNMA 1874
Mammal,CMNMA 1876
Mammal,CMNMA 1877
Mammal,CMNMA 1878
Mammal,CMNMA 1879
Mammal,CMNMA 1880
Mammal,CMNMA 1881
Mammal,CMNMA 1882
Mammal,CMNMA 1883
Mammal,CMNMA 1884
Mammal,CMNMA 1885
Mammal,CMNMA 1886
Mammal,CMNMA 1887
Mammal,CMNMA 1888
Mammal,CMNMA 1889
Mammal,CMNMA 1890
Mammal,CMNMA 18930
Mammal,CMNMA 1901
Mammal,CMNMA 1922
Mammal,CMNMA 19589
Mammal,CMNMA 19590
Mammal,CMNMA 1965
Mammal,CMNMA 2
Mammal,CMNMA 20067
Mammal,CMNMA 20298
Mammal,CMNMA 21104
Mammal,CMNMA 21181
Mammal,CMNMA 21706
Mammal,CMNMA 21724
Mammal,CMNMA 21949
Mammal,CMNMA 21957
Mammal,CMNMA 21962
Mammal,CMNMA 21963
Mammal,CMNMA 22801
Mammal,CMNMA 2286
Mammal,CMNMA 23367
Mammal,CMNMA 23368
Mammal,CMNMA 24281
Mammal,CMNMA 24282
Mammal,CMNMA 24283
Mammal,CMNMA 24284
Mammal,CMNMA 24285
Mammal,CMNMA 24286
Mammal,CMNMA 24292
Mammal,CMNMA 24293
Mammal,CMNMA 2436
Mammal,CMNMA 24569
Mammal,CMNMA 2496
Mammal,CMNMA 2509
Mammal,CMNMA 2510
Mammal,CMNMA 2511
Mammal,CMNMA 2512
Mammal,CMNMA 2513
Mammal,CMNMA 2514
Mammal,CMNMA 2515
Mammal,CMNMA 2516
Mammal,CMNMA 2517
Mammal,CMNMA 2518
Mammal,CMNMA 26252
Mammal,CMNMA 26253
Mammal,CMNMA 26477
Mammal,CMNMA 26685
Mammal,CMNMA 26689
Mammal,CMNMA 26690
Mammal,CMNMA 27105
Mammal,CMNMA 27301
Mammal,CMNMA 27532
Mammal,CMNMA 27533
Mammal,CMNMA 27534
Mammal,CMNMA 27535
Mammal,CMNMA 27536
Mammal,CMNMA 27537
Mammal,CMNMA 27538
Mammal,CMNMA 27539
Mammal,CMNMA 27540
Mammal,CMNMA 27541
Mammal,CMNMA 27542
Mammal,CMNMA 27543
Mammal,CMNMA 27544
Mammal,CMNMA 27545
Mammal,CMNMA 27556
Mammal,CMNMA 27557
Mammal,CMNMA 27558
Mammal,CMNMA 27559
Mammal,CMNMA 27560
Mammal,CMNMA 28946
Mammal,CMNMA 29325
Mammal,CMNMA 3
Mammal,CMNMA 30657
Mammal,CMNMA 30750
Mammal,CMNMA 31828
Mammal,CMNMA 31829
Mammal,CMNMA 31830
Mammal,CMNMA 31839
Mammal,CMNMA 31841
Mammal,CMNMA 31846
Mammal,CMNMA 31847
Mammal,CMNMA 31848
Mammal,CMNMA 31897
Mammal,CMNMA 31900
Mammal,CMNMA 31901
Mammal,CMNMA 31903
Mammal,CMNMA 31907
Mammal,CMNMA 31913
Mammal,CMNMA 31914
Mammal,CMNMA 31915
Mammal,CMNMA 31921
Mammal,CMNMA 31922
Mammal,CMNMA 31923
Mammal,CMNMA 31924
Mammal,CMNMA 31931
Mammal,CMNMA 31936
Mammal,CMNMA 31948
Mammal,CMNMA 31949
Mammal,CMNMA 31953
Mammal,CMNMA 31963
Mammal,CMNMA 31964
Mammal,CMNMA 31965
Mammal,CMNMA 31966
Mammal,CMNMA 31967
Mammal,CMNMA 31968
Mammal,CMNMA 31969
Mammal,CMNMA 32005
Mammal,CMNMA 32006
Mammal,CMNMA 32007
Mammal,CMNMA 32015
Mammal,CMNMA 32017
Mammal,CMNMA 32019
Mammal,CMNMA 32023
Mammal,CMNMA 32024
Mammal,CMNMA 32025
Mammal,CMNMA 32031
Mammal,CMNMA 32032
Mammal,CMNMA 32033
Mammal,CMNMA 32049
Mammal,CMNMA 32060
Mammal,CMNMA 32062
Mammal,CMNMA 32063
Mammal,CMNMA 32065
Mammal,CMNMA 32067
Mammal,CMNMA 32068
Mammal,CMNMA 32085
Mammal,CMNMA 32086
Mammal,CMNMA 32136
Mammal,CMNMA 32137
Mammal,CMNMA 32138
Mammal,CMNMA 32139
Mammal,CMNMA 32140
Mammal,CMNMA 32164
Mammal,CMNMA 32166
Mammal,CMNMA 32176
Mammal,CMNMA 32178
Mammal,CMNMA 32179
Mammal,CMNMA 32180
Mammal,CMNMA 32181
Mammal,CMNMA 32199
Mammal,CMNMA 32201
Mammal,CMNMA 32202
Mammal,CMNMA 32203
Mammal,CMNMA 32205
Mammal,CMNMA 32217
Mammal,CMNMA 32218
Mammal,CMNMA 32219
Mammal,CMNMA 32220
Mammal,CMNMA 32222
Mammal,CMNMA 32224
Mammal,CMNMA 32227
Mammal,CMNMA 32247
Mammal,CMNMA 32655
Mammal,CMNMA 32656
Mammal,CMNMA 32657
Mammal,CMNMA 32658
Mammal,CMNMA 32659
Mammal,CMNMA 32660
Mammal,CMNMA 32661
Mammal,CMNMA 32662
Mammal,CMNMA 32663
Mammal,CMNMA 32664
Mammal,CMNMA 32665
Mammal,CMNMA 32666
Mammal,CMNMA 32667
Mammal,CMNMA 32668
Mammal,CMNMA 32914
Mammal,CMNMA 33521
Mammal,CMNMA 33522
Mammal,CMNMA 34400
Mammal,CMNMA 34497
Mammal,CMNMA 34563
Mammal,CMNMA 34566
Mammal,CMNMA 34567
Mammal,CMNMA 34568
Mammal,CMNMA 34569
Mammal,CMNMA 34570
Mammal,CMNMA 34571
Mammal,CMNMA 34572
Mammal,CMNMA 34573
Mammal,CMNMA 34574
Mammal,CMNMA 34575
Mammal,CMNMA 34576
Mammal,CMNMA 34577
Mammal,CMNMA 34578
Mammal,CMNMA 34579
Mammal,CMNMA 34580
Mammal,CMNMA 34581
Mammal,CMNMA 34582
Mammal,CMNMA 34583
Mammal,CMNMA 34584
Mammal,CMNMA 34585
Mammal,CMNMA 34586
Mammal,CMNMA 34587
Mammal,CMNMA 34588
Mammal,CMNMA 34589
Mammal,CMNMA 34590
Mammal,CMNMA 34591
Mammal,CMNMA 34592
Mammal,CMNMA 34593
Mammal,CMNMA 34594
Mammal,CMNMA 34634
Mammal,CMNMA 34760
Mammal,CMNMA 35143
Mammal,CMNMA 36298
Mammal,CMNMA 36299
Mammal,CMNMA 36300
Mammal,CMNMA 36301
Mammal,CMNMA 36302
Mammal,CMNMA 36303
Mammal,CMNMA 36304
Mammal,CMNMA 36305
Mammal,CMNMA 36306
Mammal,CMNMA 36307
Mammal,CMNMA 36308
Mammal,CMNMA 36309
Mammal,CMNMA 36310
Mammal,CMNMA 36311
Mammal,CMNMA 36312
Mammal,CMNMA 36313
Mammal,CMNMA 36314
Mammal,CMNMA 36315
Mammal,CMNMA 36316
Mammal,CMNMA 36317
Mammal,CMNMA 36318
Mammal,CMNMA 36319
Mammal,CMNMA 36320
Mammal,CMNMA 36321
Mammal,CMNMA 36322
Mammal,CMNMA 36323
Mammal,CMNMA 36324
Mammal,CMNMA 36325
Mammal,CMNMA 36326
Mammal,CMNMA 36327
Mammal,CMNMA 36328
Mammal,CMNMA 36329
Mammal,CMNMA 36330
Mammal,CMNMA 36331
Mammal,CMNMA 36332
Mammal,CMNMA 36333
Mammal,CMNMA 36334
Mammal,CMNMA 36335
Mammal,CMNMA 36336
Mammal,CMNMA 36337
Mammal,CMNMA 36338
Mammal,CMNMA 36339
Mammal,CMNMA 36340
Mammal,CMNMA 36341
Mammal,CMNMA 36342
Mammal,CMNMA 36343
Mammal,CMNMA 36344
Mammal,CMNMA 36345
Mammal,CMNMA 36346
Mammal,CMNMA 36347
Mammal,CMNMA 36348
Mammal,CMNMA 36349
Mammal,CMNMA 36350
Mammal,CMNMA 36351
Mammal,CMNMA 36352
Mammal,CMNMA 4
Mammal,CMNMA 40148
Mammal,CMNMA 41080
Mammal,CMNMA 41081
Mammal,CMNMA 42628
Mammal,CMNMA 42661
Mammal,CMNMA 42683
Mammal,CMNMA 42688
Mammal,CMNMA 42689
Mammal,CMNMA 42836
Mammal,CMNMA 4826
Mammal,CMNMA 5
Mammal,CMNMA 52590
Mammal,CMNMA 52591
Mammal,CMNMA 52592
Mammal,CMNMA 52593
Mammal,CMNMA 52594
Mammal,CMNMA 52595
Mammal,CMNMA 52596
Mammal,CMNMA 52597
Mammal,CMNMA 52598
Mammal,CMNMA 52599
Mammal,CMNMA 52600
Mammal,CMNMA 52601
Mammal,CMNMA 52821
Mammal,CMNMA 53398
Mammal,CMNMA 53831
Mammal,CMNMA 53832
Mammal,CMNMA 53833
Mammal,CMNMA 53834
Mammal,CMNMA 53835
Mammal,CMNMA 53836
Mammal,CMNMA 53837
Mammal,CMNMA 53838
Mammal,CMNMA 53839
Mammal,CMNMA 53840
Mammal,CMNMA 53841
Mammal,CMNMA 53842
Mammal,CMNMA 53843
Mammal,CMNMA 53844
Mammal,CMNMA 53846
Mammal,CMNMA 53847
Mammal,CMNMA 53848
Mammal,CMNMA 53864
Mammal,CMNMA 53967
Mammal,CMNMA 53968
Mammal,CMNMA 53969
Mammal,CMNMA 53970
Mammal,CMNMA 53971
Mammal,CMNMA 53972
Mammal,CMNMA 54040
Mammal,CMNMA 54123
Mammal,CMNMA 6
Mammal,CMNMA 6721
Mammal,CMNMA 6722
Mammal,CMNMA 6723
Mammal,CMNMA 6977
Mammal,CMNMA 7
Mammal,CMNMA 75422
Mammal,CMNMA 8
Mammal,CMNMA 888
Mammal,CMNMA 9572
Mammal,CMNMA A20630
Mammal,CMNMA Z000009
Mammal,CMNMA Z000116
Mammal,CMNMA Z000228
Mammal,CMNMA Z000230
Mammal,CMNMA Z000318
Mammal,CMNMA Z000563
Mollusc,CMNML 002493
Mollusc,CMNML 002494
Mollusc,CMNML 002515
Mollusc,CMNML 002538
Mollusc,CMNML 002540
Mollusc,CMNML 002541
Mollusc,CMNML 002543
Mollusc,CMNML 002627
Mollusc,CMNML 002656
Mollusc,CMNML 002660
Mollusc,CMNML 002768
Mollusc,CMNML 002783
Mollusc,CMNML 004596
Mollusc,CMNML 006421
Mollusc,CMNML 007060
Mollusc,CMNML 007534
Mollusc,CMNML 015466
Mollusc,CMNML 018311
Mollusc,CMNML 018321
Mollusc,CMNML 018594
Mollusc,CMNML 018655
Mollusc,CMNML 018885
Mollusc,CMNML 018898
Mollusc,CMNML 030255
Mollusc,CMNML 030257
Mollusc,CMNML 030392
Mollusc,CMNML 030394
Mollusc,CMNML 030399
Mollusc,CMNML 037841
Mollusc,CMNML 045002
Mollusc,CMNML 045036
Mollusc,CMNML 045082
Mollusc,CMNML 045290
Mollusc,CMNML 045374
Mollusc,CMNML 045432
Mollusc,CMNML 045433
Mollusc,CMNML 045434
Mollusc,CMNML 045474
Mollusc,CMNML 045479
Mollusc,CMNML 045498
Mollusc,CMNML 045564
Mollusc,CMNML 045566
Mollusc,CMNML 045567
Mollusc,CMNML 045569
Mollusc,CMNML 045740
Mollusc,CMNML 045803
Mollusc,CMNML 045880
Mollusc,CMNML 045881
Mollusc,CMNML 045883
Mollusc,CMNML 045884
Mollusc,CMNML 045911
Mollusc,CMNML 046278
Mollusc,CMNML 046700
Mollusc,CMNML 047235
Mollusc,CMNML 047419
Mollusc,CMNML 047515
Mollusc,CMNML 047528
Mollusc,CMNML 047593
Mollusc,CMNML 047822
Mollusc,CMNML 047879
Mollusc,CMNML 048095
Mollusc,CMNML 048133
Mollusc,CMNML 048134
Mollusc,CMNML 048414
Mollusc,CMNML 048451
Mollusc,CMNML 048750
Mollusc,CMNML 049056
Mollusc,CMNML 049213
Mollusc,CMNML 049733
Mollusc,CMNML 050169
Mollusc,CMNML 050817
Mollusc,CMNML 050927
Mollusc,CMNML 053020
Mollusc,CMNML 053021
Mollusc,CMNML 054724
Mollusc,CMNML 054887
Mollusc,CMNML 054897
Mollusc,CMNML 054911
Mollusc,CMNML 060805
Mollusc,CMNML 060807
Mollusc,CMNML 060814
Mollusc,CMNML 060815
Mollusc,CMNML 066814
Mollusc,CMNML 066815
Mollusc,CMNML 073586
Mollusc,CMNML 085381
Mollusc,CMNML 093403
Mollusc,CMNML 093455
Mollusc,CMNML 093522
Mollusc,CMNML 093637
Mollusc,CMNML 093724
Mollusc,CMNML 093728
Mollusc,CMNML 094710
Mollusc,CMNML 094741
Mollusc,CMNML 095106
Mollusc,CMNML 095108
Palynology,CMNPYM00149
Palynology,CMNPYM00332
Palynology,CMNPYM00513
Palynology,CMNPYM00814
Palynology,CMNPYM00871
Palynology,CMNPYM01056
Palynology,CMNPYM01116
Palynology,CMNPYM01179
Palynology,CMNPYM01404
Palynology,CMNPYM01658
Palynology,CMNPYM01659
Palynology,CMNPYM01678
Palynology,CMNPYM01704
Palynology,CMNPYM01707
Palynology,CMNPYM01708
Palynology,CMNPYM01720
Palynology,CMNPYM01739
Palynology,CMNPYM01749
Palynology,CMNPYM01755
Palynology,CMNPYM01763
Palynology,CMNPYM01764
Palynology,CMNPYM01766
Palynology,CMNPYM01767
Palynology,CMNPYM01779
Palynology,CMNPYM01790
Palynology,CMNPYM01796
Palynology,CMNPYM01798
Palynology,CMNPYM01844
Palynology,CMNPYM02022
Palynology,CMNPYM02435
Palynology,CMNPYM02907
Palynology,CMNPYM02925
Palynology,CMNPYM04042
Palynology,CMNPYM04179
Palynology,CMNPYM04570
Palynology,CMNPYM04588
Palynology,CMNPYM04683
Palynology,CMNPYM05009
Palynology,CMNPYM05037
Palynology,CMNPYM05208
Palynology,CMNPYM06158
Palynology,CMNPYM06266
Palynology,CMNPYM06267
Palynology,CMNPYM06268
Palynology,CMNPYM06498
Palynology,CMNPYM06508
Palynology,CMNPYM06949
Palynology,CMNPYM07001
Palynology,CMNPYM07504
Palynology,CMNPYM07685
Palynology,CMNPYM08473
Palynology,CMNPYM08518
Palynology,CMNPYM08589
Palynology,CMNPYM08703
Palynology,CMNPYM09868
Palynology,CMNPYM09873
Palynology,CMNPYM09988
Palynology,CMNPYM10126
Palynology,CMNPYM10602
Palynology,CMNPYM10818
Palynology,CMNPYM10974
Palynology,CMNPYM11178
Palynology,CMNPYM11665
Palynology,CMNPYM12297
Palynology,CMNPYM12422
Palynology,CMNPYM12840
Palynology,CMNPYM13537
Palynology,CMNPYM13538
Palynology,CMNPYM13687
Palynology,CMNPYM13710
Palynology,CMNPYM14455
Palynology,CMNPYM14456
Parasite,CMNPA 1978-0397a
Parasite,CMNPA 1978-0397b
Parasite,CMNPA 1978-0398a
Parasite,CMNPA 1978-0398b
Parasite,CMNPA 1978-1163
Parasite,CMNPA 1979-0293
Parasite,CMNPA 1983-0894
Parasite,CMNPA 2014-0032
Vascular Plant,CAN 0059162A
Vascular Plant,CAN 0118324A
Vascular Plant,CAN 0118327A
Vascular Plant,CAN 0227410A
Vascular Plant,CAN 0260502A
Vascular Plant,CAN 0319529A
Vascular Plant,CAN 0319544A
Vascular Plant,CAN 0360646A
Vascular Plant,CAN 0437027A
Vascular Plant,CAN 0437027B
Vascular Plant,CAN 0437047A
Vascular Plant,CAN 0437114A
Vascular Plant,CAN 100227
Vascular Plant,CAN 10079
Vascular Plant,CAN 105782
Vascular Plant,CAN 105926
Vascular Plant,CAN 108663
Vascular Plant,CAN 111359
Vascular Plant,CAN 115339
Vascular Plant,CAN 116006
Vascular Plant,CAN 117992
Vascular Plant,CAN 118983
Vascular Plant,CAN 120903
Vascular Plant,CAN 120942
Vascular Plant,CAN 121302
Vascular Plant,CAN 121556
Vascular Plant,CAN 121852
Vascular Plant,CAN 121879
Vascular Plant,CAN 125656
Vascular Plant,CAN 125672
Vascular Plant,CAN 132066
Vascular Plant,CAN 132070
Vascular Plant,CAN 132121
Vascular Plant,CAN 135334
Vascular Plant,CAN 139436
Vascular Plant,CAN 139445
Vascular Plant,CAN 139483
Vascular Plant,CAN 14280
Vascular Plant,CAN 14983
Vascular Plant,CAN 151976
Vascular Plant,CAN 157429
Vascular Plant,CAN 160339
Vascular Plant,CAN 160343A
Vascular Plant,CAN 160343B
Vascular Plant,CAN 160356
Vascular Plant,CAN 160362
Vascular Plant,CAN 160476
Vascular Plant,CAN 160490
Vascular Plant,CAN 160493
Vascular Plant,CAN 160519
Vascular Plant,CAN 160520
Vascular Plant,CAN 16914
Vascular Plant,CAN 182398
Vascular Plant,CAN 196906
Vascular Plant,CAN 196963
Vascular Plant,CAN 196964
Vascular Plant,CAN 196965
Vascular Plant,CAN 196966
Vascular Plant,CAN 196969
Vascular Plant,CAN 196987
Vascular Plant,CAN 196992
Vascular Plant,CAN 196994
Vascular Plant,CAN 196996
Vascular Plant,CAN 196997
Vascular Plant,CAN 197003
Vascular Plant,CAN 197019
Vascular Plant,CAN 197022
Vascular Plant,CAN 197023
Vascular Plant,CAN 197024
Vascular Plant,CAN 197025
Vascular Plant,CAN 197026
Vascular Plant,CAN 197028
Vascular Plant,CAN 197032
Vascular Plant,CAN 197035
Vascular Plant,CAN 197037
Vascular Plant,CAN 197041
Vascular Plant,CAN 197058
Vascular Plant,CAN 197064
Vascular Plant,CAN 197065
Vascular Plant,CAN 197067
Vascular Plant,CAN 197070
Vascular Plant,CAN 203666
Vascular Plant,CAN 203831
Vascular Plant,CAN 20653
Vascular Plant,CAN 2069
Vascular Plant,CAN 213499
Vascular Plant,CAN 213690
Vascular Plant,CAN 215821
Vascular Plant,CAN 217636
Vascular Plant,CAN 225685
Vascular Plant,CAN 227072
Vascular Plant,CAN 227249
Vascular Plant,CAN 227260
Vascular Plant,CAN 227410
Vascular Plant,CAN 227418
Vascular Plant,CAN 227460
Vascular Plant,CAN 227463
Vascular Plant,CAN 227641
Vascular Plant,CAN 228332
Vascular Plant,CAN 228748
Vascular Plant,CAN 228859
Vascular Plant,CAN 228871
Vascular Plant,CAN 228966
Vascular Plant,CAN 230283
Vascular Plant,CAN 231206
Vascular Plant,CAN 231996
Vascular Plant,CAN 233009
Vascular Plant,CAN 233491
Vascular Plant,CAN 233664
Vascular Plant,CAN 236032
Vascular Plant,CAN 236084
Vascular Plant,CAN 236108
Vascular Plant,CAN 242258
Vascular Plant,CAN 244510
Vascular Plant,CAN 245270
Vascular Plant,CAN 245272
Vascular Plant,CAN 245278
Vascular Plant,CAN 245284
Vascular Plant,CAN 245285
Vascular Plant,CAN 245290
Vascular Plant,CAN 245291
Vascular Plant,CAN 245298
Vascular Plant,CAN 245299
Vascular Plant,CAN 245300
Vascular Plant,CAN 245301
Vascular Plant,CAN 245308
Vascular Plant,CAN 245310
Vascular Plant,CAN 245322
Vascular Plant,CAN 245583
Vascular Plant,CAN 245611
Vascular Plant,CAN 245631
Vascular Plant,CAN 250443
Vascular Plant,CAN 250467
Vascular Plant,CAN 250475
Vascular Plant,CAN 251061
Vascular Plant,CAN 25698
Vascular Plant,CAN 257764
Vascular Plant,CAN 258051
Vascular Plant,CAN 258093
Vascular Plant,CAN 259627
Vascular Plant,CAN 259954
Vascular Plant,CAN 260307
Vascular Plant,CAN 260308
Vascular Plant,CAN 260310
Vascular Plant,CAN 260314
Vascular Plant,CAN 260329
Vascular Plant,CAN 260541
Vascular Plant,CAN 271380
Vascular Plant,CAN 271381
Vascular Plant,CAN 271824
Vascular Plant,CAN 271898
Vascular Plant,CAN 271917
Vascular Plant,CAN 271923
Vascular Plant,CAN 271924
Vascular Plant,CAN 271927
Vascular Plant,CAN 271934
Vascular Plant,CAN 271936
Vascular Plant,CAN 271940
Vascular Plant,CAN 271943
Vascular Plant,CAN 271959
Vascular Plant,CAN 277258
Vascular Plant,CAN 277293
Vascular Plant,CAN 27738
Vascular Plant,CAN 286683
Vascular Plant,CAN 286684
Vascular Plant,CAN 286689
Vascular Plant,CAN 287096
Vascular Plant,CAN 287308
Vascular Plant,CAN 29938
Vascular Plant,CAN 301167
Vascular Plant,CAN 301533
Vascular Plant,CAN 30260
Vascular Plant,CAN 310366
Vascular Plant,CAN 315317
Vascular Plant,CAN 317728
Vascular Plant,CAN 319413
Vascular Plant,CAN 319479
Vascular Plant,CAN 319480
Vascular Plant,CAN 319507
Vascular Plant,CAN 319508
Vascular Plant,CAN 319527
Vascular Plant,CAN 319528
Vascular Plant,CAN 319529
Vascular Plant,CAN 319532
Vascular Plant,CAN 319544
Vascular Plant,CAN 319577
Vascular Plant,CAN 320570
Vascular Plant,CAN 325386
Vascular Plant,CAN 334769
Vascular Plant,CAN 334770
Vascular Plant,CAN 336646
Vascular Plant,CAN 34110
Vascular Plant,CAN 343302
Vascular Plant,CAN 343303
Vascular Plant,CAN 358411
Vascular Plant,CAN 358415
Vascular Plant,CAN 360517
Vascular Plant,CAN 36492
Vascular Plant,CAN 372439
Vascular Plant,CAN 374027
Vascular Plant,CAN 38151
Vascular Plant,CAN 393541
Vascular Plant,CAN 394688
Vascular Plant,CAN 39686
Vascular Plant,CAN 400567
Vascular Plant,CAN 40690
Vascular Plant,CAN 40800
Vascular Plant,CAN 41117
Vascular Plant,CAN 41433
Vascular Plant,CAN 417625
Vascular Plant,CAN 417644
Vascular Plant,CAN 42195
Vascular Plant,CAN 430081
Vascular Plant,CAN 431301
Vascular Plant,CAN 431321
Vascular Plant,CAN 434396
Vascular Plant,CAN 436197
Vascular Plant,CAN 436319
Vascular Plant,CAN 436324
Vascular Plant,CAN 436341
Vascular Plant,CAN 436342
Vascular Plant,CAN 436344
Vascular Plant,CAN 436347
Vascular Plant,CAN 436352
Vascular Plant,CAN 436357
Vascular Plant,CAN 436358
Vascular Plant,CAN 436362
Vascular Plant,CAN 436365
Vascular Plant,CAN 436993
Vascular Plant,CAN 437011
Vascular Plant,CAN 437013
Vascular Plant,CAN 437016
Vascular Plant,CAN 437017
Vascular Plant,CAN 437018
Vascular Plant,CAN 437019
Vascular Plant,CAN 437027
Vascular Plant,CAN 437028
Vascular Plant,CAN 437029
Vascular Plant,CAN 437030
Vascular Plant,CAN 437031
Vascular Plant,CAN 437032
Vascular Plant,CAN 437033
Vascular Plant,CAN 437035
Vascular Plant,CAN 437036
Vascular Plant,CAN 437041
Vascular Plant,CAN 437042
Vascular Plant,CAN 437043
Vascular Plant,CAN 437045
Vascular Plant,CAN 437046
Vascular Plant,CAN 437047
Vascular Plant,CAN 437048
Vascular Plant,CAN 437049
Vascular Plant,CAN 437050
Vascular Plant,CAN 437051
Vascular Plant,CAN 437052
Vascular Plant,CAN 437053
Vascular Plant,CAN 437060
Vascular Plant,CAN 437061
Vascular Plant,CAN 437062
Vascular Plant,CAN 437063
Vascular Plant,CAN 437064
Vascular Plant,CAN 437065
Vascular Plant,CAN 437066
Vascular Plant,CAN 437067
Vascular Plant,CAN 437068
Vascular Plant,CAN 437069
Vascular Plant,CAN 437070
Vascular Plant,CAN 437071
Vascular Plant,CAN 437073
Vascular Plant,CAN 437075
Vascular Plant,CAN 437076
Vascular Plant,CAN 437077
Vascular Plant,CAN 437078
Vascular Plant,CAN 437079
Vascular Plant,CAN 437081
Vascular Plant,CAN 437082
Vascular Plant,CAN 437083
Vascular Plant,CAN 437084
Vascular Plant,CAN 437085
Vascular Plant,CAN 437086
Vascular Plant,CAN 437087
Vascular Plant,CAN 437088
Vascular Plant,CAN 437089
Vascular Plant,CAN 437090
Vascular Plant,CAN 437092
Vascular Plant,CAN 437093
Vascular Plant,CAN 437094
Vascular Plant,CAN 437095
Vascular Plant,CAN 437096
Vascular Plant,CAN 437097
Vascular Plant,CAN 437098
Vascular Plant,CAN 437099
Vascular Plant,CAN 437100
Vascular Plant,CAN 437102
Vascular Plant,CAN 437103
Vascular Plant,CAN 437104
Vascular Plant,CAN 437105
Vascular Plant,CAN 437106
Vascular Plant,CAN 437107
Vascular Plant,CAN 437108
Vascular Plant,CAN 437109
Vascular Plant,CAN 437110
Vascular Plant,CAN 437112
Vascular Plant,CAN 437113
Vascular Plant,CAN 437114
Vascular Plant,CAN 437115
Vascular Plant,CAN 437117
Vascular Plant,CAN 437118
Vascular Plant,CAN 437122
Vascular Plant,CAN 437123
Vascular Plant,CAN 437148
Vascular Plant,CAN 437149
Vascular Plant,CAN 437151
Vascular Plant,CAN 437152
Vascular Plant,CAN 437153
Vascular Plant,CAN 437154
Vascular Plant,CAN 437155
Vascular Plant,CAN 437159
Vascular Plant,CAN 437160
Vascular Plant,CAN 437161
Vascular Plant,CAN 437162
Vascular Plant,CAN 437163
Vascular Plant,CAN 437164
Vascular Plant,CAN 437165
Vascular Plant,CAN 437166
Vascular Plant,CAN 437167
Vascular Plant,CAN 437168
Vascular Plant,CAN 437170
Vascular Plant,CAN 437172
Vascular Plant,CAN 437173
Vascular Plant,CAN 437177
Vascular Plant,CAN 437178
Vascular Plant,CAN 437180
Vascular Plant,CAN 437181
Vascular Plant,CAN 437182
Vascular Plant,CAN 437183
Vascular Plant,CAN 437184
Vascular Plant,CAN 437185
Vascular Plant,CAN 437186
Vascular Plant,CAN 437187
Vascular Plant,CAN 437188
Vascular Plant,CAN 437189
Vascular Plant,CAN 437261
Vascular Plant,CAN 437262
Vascular Plant,CAN 437264
Vascular Plant,CAN 437265
Vascular Plant,CAN 437266
Vascular Plant,CAN 437267
Vascular Plant,CAN 437268
Vascular Plant,CAN 437269
Vascular Plant,CAN 437270
Vascular Plant,CAN 437271
Vascular Plant,CAN 437272
Vascular Plant,CAN 437273
Vascular Plant,CAN 437274
Vascular Plant,CAN 437275
Vascular Plant,CAN 437276
Vascular Plant,CAN 437277
Vascular Plant,CAN 437278
Vascular Plant,CAN 437279
Vascular Plant,CAN 437280
Vascular Plant,CAN 437284
Vascular Plant,CAN 437797
Vascular Plant,CAN 437798
Vascular Plant,CAN 437799
Vascular Plant,CAN 437800
Vascular Plant,CAN 437801
Vascular Plant,CAN 437806
Vascular Plant,CAN 437807
Vascular Plant,CAN 437808
Vascular Plant,CAN 437809
Vascular Plant,CAN 437810
Vascular Plant,CAN 437811
Vascular Plant,CAN 437813
Vascular Plant,CAN 437814
Vascular Plant,CAN 437815
Vascular Plant,CAN 437816
Vascular Plant,CAN 437817
Vascular Plant,CAN 437818
Vascular Plant,CAN 437819
Vascular Plant,CAN 437823
Vascular Plant,CAN 437824
Vascular Plant,CAN 437825
Vascular Plant,CAN 437826
Vascular Plant,CAN 437827
Vascular Plant,CAN 437828
Vascular Plant,CAN 437829
Vascular Plant,CAN 437830
Vascular Plant,CAN 437831
Vascular Plant,CAN 437832
Vascular Plant,CAN 437833
Vascular Plant,CAN 437834
Vascular Plant,CAN 437835
Vascular Plant,CAN 437838
Vascular Plant,CAN 437839
Vascular Plant,CAN 437841
Vascular Plant,CAN 437842
Vascular Plant,CAN 437843
Vascular Plant,CAN 437844
Vascular Plant,CAN 437845
Vascular Plant,CAN 437846
Vascular Plant,CAN 437847
Vascular Plant,CAN 437849
Vascular Plant,CAN 437853
Vascular Plant,CAN 437854
Vascular Plant,CAN 437855
Vascular Plant,CAN 437856
Vascular Plant,CAN 437857
Vascular Plant,CAN 437858
Vascular Plant,CAN 437860
Vascular Plant,CAN 437862
Vascular Plant,CAN 437863
Vascular Plant,CAN 437864
Vascular Plant,CAN 437865
Vascular Plant,CAN 437866
Vascular Plant,CAN 437867
Vascular Plant,CAN 437868
Vascular Plant,CAN 437869
Vascular Plant,CAN 437870
Vascular Plant,CAN 437871
Vascular Plant,CAN 437872
Vascular Plant,CAN 437873
Vascular Plant,CAN 437874
Vascular Plant,CAN 437875
Vascular Plant,CAN 437876
Vascular Plant,CAN 437877
Vascular Plant,CAN 437880
Vascular Plant,CAN 437881
Vascular Plant,CAN 437883
Vascular Plant,CAN 437884
Vascular Plant,CAN 437886
Vascular Plant,CAN 437888
Vascular Plant,CAN 437889
Vascular Plant,CAN 437890
Vascular Plant,CAN 437891
Vascular Plant,CAN 437892
Vascular Plant,CAN 437893
Vascular Plant,CAN 437895
Vascular Plant,CAN 437896
Vascular Plant,CAN 437897
Vascular Plant,CAN 437898
Vascular Plant,CAN 437899
Vascular Plant,CAN 437900
Vascular Plant,CAN 437901
Vascular Plant,CAN 437903
Vascular Plant,CAN 437904
Vascular Plant,CAN 437905
Vascular Plant,CAN 437906
Vascular Plant,CAN 437907
Vascular Plant,CAN 437908
Vascular Plant,CAN 437910
Vascular Plant,CAN 437911
Vascular Plant,CAN 437912
Vascular Plant,CAN 437913
Vascular Plant,CAN 437914
Vascular Plant,CAN 437915
Vascular Plant,CAN 437916
Vascular Plant,CAN 437918
Vascular Plant,CAN 437919
Vascular Plant,CAN 437920
Vascular Plant,CAN 437921
Vascular Plant,CAN 437923
Vascular Plant,CAN 437924
Vascular Plant,CAN 437925
Vascular Plant,CAN 437926
Vascular Plant,CAN 437928
Vascular Plant,CAN 437929
Vascular Plant,CAN 437930
Vascular Plant,CAN 437931
Vascular Plant,CAN 437932
Vascular Plant,CAN 437933
Vascular Plant,CAN 437934
Vascular Plant,CAN 437935
Vascular Plant,CAN 437936
Vascular Plant,CAN 437940
Vascular Plant,CAN 437941
Vascular Plant,CAN 437942
Vascular Plant,CAN 437943
Vascular Plant,CAN 437944
Vascular Plant,CAN 437945
Vascular Plant,CAN 437946
Vascular Plant,CAN 437948
Vascular Plant,CAN 437950
Vascular Plant,CAN 437951
Vascular Plant,CAN 437952
Vascular Plant,CAN 437953
Vascular Plant,CAN 437955
Vascular Plant,CAN 437957
Vascular Plant,CAN 437958
Vascular Plant,CAN 437960
Vascular Plant,CAN 437962
Vascular Plant,CAN 437964
Vascular Plant,CAN 437965
Vascular Plant,CAN 437966
Vascular Plant,CAN 437967
Vascular Plant,CAN 437968
Vascular Plant,CAN 437969
Vascular Plant,CAN 437987
Vascular Plant,CAN 437997
Vascular Plant,CAN 437998
Vascular Plant,CAN 438002
Vascular Plant,CAN 438003
Vascular Plant,CAN 438004
Vascular Plant,CAN 438006
Vascular Plant,CAN 438007
Vascular Plant,CAN 438008
Vascular Plant,CAN 438055
Vascular Plant,CAN 438056
Vascular Plant,CAN 438057
Vascular Plant,CAN 438058
Vascular Plant,CAN 438059
Vascular Plant,CAN 438061
Vascular Plant,CAN 438062
Vascular Plant,CAN 438063
Vascular Plant,CAN 438064
Vascular Plant,CAN 438065
Vascular Plant,CAN 438066
Vascular Plant,CAN 438068
Vascular Plant,CAN 438069
Vascular Plant,CAN 438070
Vascular Plant,CAN 438071
Vascular Plant,CAN 438072
Vascular Plant,CAN 438074
Vascular Plant,CAN 438075
Vascular Plant,CAN 438076
Vascular Plant,CAN 438111
Vascular Plant,CAN 438112
Vascular Plant,CAN 438113
Vascular Plant,CAN 438114
Vascular Plant,CAN 438115
Vascular Plant,CAN 438118
Vascular Plant,CAN 438119
Vascular Plant,CAN 438120
Vascular Plant,CAN 438121
Vascular Plant,CAN 438128
Vascular Plant,CAN 438129
Vascular Plant,CAN 438130
Vascular Plant,CAN 438131
Vascular Plant,CAN 438132
Vascular Plant,CAN 438133
Vascular Plant,CAN 438135
Vascular Plant,CAN 438136
Vascular Plant,CAN 438137
Vascular Plant,CAN 438139
Vascular Plant,CAN 438140
Vascular Plant,CAN 438141
Vascular Plant,CAN 438142
Vascular Plant,CAN 438143
Vascular Plant,CAN 438144
Vascular Plant,CAN 438145
Vascular Plant,CAN 438146
Vascular Plant,CAN 438147
Vascular Plant,CAN 438148
Vascular Plant,CAN 438150
Vascular Plant,CAN 438151
Vascular Plant,CAN 438153
Vascular Plant,CAN 438155
Vascular Plant,CAN 438156
Vascular Plant,CAN 438157
Vascular Plant,CAN 438209
Vascular Plant,CAN 438210
Vascular Plant,CAN 438212
Vascular Plant,CAN 438213
Vascular Plant,CAN 438214
Vascular Plant,CAN 438217
Vascular Plant,CAN 438218
Vascular Plant,CAN 438219
Vascular Plant,CAN 438220
Vascular Plant,CAN 438221
Vascular Plant,CAN 438224
Vascular Plant,CAN 438226
Vascular Plant,CAN 438227
Vascular Plant,CAN 438228
Vascular Plant,CAN 438229
Vascular Plant,CAN 438230
Vascular Plant,CAN 438231
Vascular Plant,CAN 438232
Vascular Plant,CAN 438233
Vascular Plant,CAN 438234
Vascular Plant,CAN 438235
Vascular Plant,CAN 438236
Vascular Plant,CAN 438237
Vascular Plant,CAN 438238
Vascular Plant,CAN 438239
Vascular Plant,CAN 438240
Vascular Plant,CAN 438241
Vascular Plant,CAN 438243
Vascular Plant,CAN 438245
Vascular Plant,CAN 438246
Vascular Plant,CAN 438247
Vascular Plant,CAN 438248
Vascular Plant,CAN 438249
Vascular Plant,CAN 438250
Vascular Plant,CAN 438253
Vascular Plant,CAN 438254
Vascular Plant,CAN 438255
Vascular Plant,CAN 438256
Vascular Plant,CAN 438257
Vascular Plant,CAN 438258
Vascular Plant,CAN 438259
Vascular Plant,CAN 438261
Vascular Plant,CAN 438265
Vascular Plant,CAN 438266
Vascular Plant,CAN 438267
Vascular Plant,CAN 438268
Vascular Plant,CAN 438269
Vascular Plant,CAN 438270
Vascular Plant,CAN 438271
Vascular Plant,CAN 438272
Vascular Plant,CAN 438275
Vascular Plant,CAN 438277
Vascular Plant,CAN 438278
Vascular Plant,CAN 438279
Vascular Plant,CAN 438281
Vascular Plant,CAN 438282
Vascular Plant,CAN 438283
Vascular Plant,CAN 438284
Vascular Plant,CAN 438285
Vascular Plant,CAN 438286
Vascular Plant,CAN 438288
Vascular Plant,CAN 438289
Vascular Plant,CAN 438290
Vascular Plant,CAN 438294
Vascular Plant,CAN 438301
Vascular Plant,CAN 439078
Vascular Plant,CAN 440320
Vascular Plant,CAN 440327
Vascular Plant,CAN 440329
Vascular Plant,CAN 440331
Vascular Plant,CAN 440337
Vascular Plant,CAN 440338
Vascular Plant,CAN 440339
Vascular Plant,CAN 440340
Vascular Plant,CAN 440344
Vascular Plant,CAN 440345
Vascular Plant,CAN 440346
Vascular Plant,CAN 440348
Vascular Plant,CAN 440351
Vascular Plant,CAN 440353
Vascular Plant,CAN 440357
Vascular Plant,CAN 440360
Vascular Plant,CAN 440361
Vascular Plant,CAN 446268
Vascular Plant,CAN 446270
Vascular Plant,CAN 446271
Vascular Plant,CAN 446272
Vascular Plant,CAN 446273
Vascular Plant,CAN 446275
Vascular Plant,CAN 446276
Vascular Plant,CAN 446277
Vascular Plant,CAN 446278
Vascular Plant,CAN 446280
Vascular Plant,CAN 446281
Vascular Plant,CAN 446342
Vascular Plant,CAN 448651
Vascular Plant,CAN 448652
Vascular Plant,CAN 449541
Vascular Plant,CAN 449967
Vascular Plant,CAN 450107
Vascular Plant,CAN 450108
Vascular Plant,CAN 450109
Vascular Plant,CAN 450110
Vascular Plant,CAN 450111
Vascular Plant,CAN 450127
Vascular Plant,CAN 450136
Vascular Plant,CAN 450145
Vascular Plant,CAN 450152
Vascular Plant,CAN 450153
Vascular Plant,CAN 450298
Vascular Plant,CAN 452015
Vascular Plant,CAN 452016
Vascular Plant,CAN 455439
Vascular Plant,CAN 457000
Vascular Plant,CAN 457001
Vascular Plant,CAN 457002
Vascular Plant,CAN 457003
Vascular Plant,CAN 457004
Vascular Plant,CAN 457681
Vascular Plant,CAN 457692
Vascular Plant,CAN 457766
Vascular Plant,CAN 457773
Vascular Plant,CAN 457902
Vascular Plant,CAN 457904
Vascular Plant,CAN 457907
Vascular Plant,CAN 457919
Vascular Plant,CAN 457930
Vascular Plant,CAN 457941
Vascular Plant,CAN 457946
Vascular Plant,CAN 457947
Vascular Plant,CAN 458429
Vascular Plant,CAN 458430
Vascular Plant,CAN 458431
Vascular Plant,CAN 458432
Vascular Plant,CAN 458874
Vascular Plant,CAN 458875
Vascular Plant,CAN 458877
Vascular Plant,CAN 458878
Vascular Plant,CAN 458879
Vascular Plant,CAN 458880
Vascular Plant,CAN 462914
Vascular Plant,CAN 464936
Vascular Plant,CAN 465266
Vascular Plant,CAN 466066
Vascular Plant,CAN 470374
Vascular Plant,CAN 470376
Vascular Plant,CAN 470377
Vascular Plant,CAN 470378
Vascular Plant,CAN 470379
Vascular Plant,CAN 470380
Vascular Plant,CAN 470553
Vascular Plant,CAN 470554
Vascular Plant,CAN 470555
Vascular Plant,CAN 487044
Vascular Plant,CAN 488868
Vascular Plant,CAN 493091
Vascular Plant,CAN 493092
Vascular Plant,CAN 493093
Vascular Plant,CAN 493099
Vascular Plant,CAN 493100
Vascular Plant,CAN 493118
Vascular Plant,CAN 493131
Vascular Plant,CAN 494070
Vascular Plant,CAN 496326
Vascular Plant,CAN 496692
Vascular Plant,CAN 496693
Vascular Plant,CAN 496694
Vascular Plant,CAN 496695
Vascular Plant,CAN 496696
Vascular Plant,CAN 499495
Vascular Plant,CAN 499497
Vascular Plant,CAN 499498
Vascular Plant,CAN 499499
Vascular Plant,CAN 499500
Vascular Plant,CAN 499501
Vascular Plant,CAN 499502
Vascular Plant,CAN 499503
Vascular Plant,CAN 499504
Vascular Plant,CAN 499505
Vascular Plant,CAN 499506
Vascular Plant,CAN 499507
Vascular Plant,CAN 499508
Vascular Plant,CAN 499509
Vascular Plant,CAN 499510
Vascular Plant,CAN 499511
Vascular Plant,CAN 499513
Vascular Plant,CAN 502659
Vascular Plant,CAN 502664
Vascular Plant,CAN 502666
Vascular Plant,CAN 507963
Vascular Plant,CAN 524095
Vascular Plant,CAN 524096
Vascular Plant,CAN 529554
Vascular Plant,CAN 529555
Vascular Plant,CAN 529556
Vascular Plant,CAN 529557
Vascular Plant,CAN 529558
Vascular Plant,CAN 531496
Vascular Plant,CAN 532086
Vascular Plant,CAN 532087
Vascular Plant,CAN 532088
Vascular Plant,CAN 532089
Vascular Plant,CAN 532090
Vascular Plant,CAN 532091
Vascular Plant,CAN 532092
Vascular Plant,CAN 532093
Vascular Plant,CAN 532094
Vascular Plant,CAN 532095
Vascular Plant,CAN 532096
Vascular Plant,CAN 532097
Vascular Plant,CAN 532098
Vascular Plant,CAN 532099
Vascular Plant,CAN 532100
Vascular Plant,CAN 532101
Vascular Plant,CAN 532102
Vascular Plant,CAN 532103
Vascular Plant,CAN 532104
Vascular Plant,CAN 532105
Vascular Plant,CAN 532106
Vascular Plant,CAN 532107
Vascular Plant,CAN 532108
Vascular Plant,CAN 532109
Vascular Plant,CAN 532110
Vascular Plant,CAN 532111
Vascular Plant,CAN 532112
Vascular Plant,CAN 532113
Vascular Plant,CAN 532114
Vascular Plant,CAN 532115
Vascular Plant,CAN 532116
Vascular Plant,CAN 532117
Vascular Plant,CAN 532118
Vascular Plant,CAN 532119
Vascular Plant,CAN 532120
Vascular Plant,CAN 532121
Vascular Plant,CAN 532122
Vascular Plant,CAN 532123
Vascular Plant,CAN 532124
Vascular Plant,CAN 532125
Vascular Plant,CAN 532126
Vascular Plant,CAN 532127
Vascular Plant,CAN 535219
Vascular Plant,CAN 535220
Vascular Plant,CAN 535221
Vascular Plant,CAN 535223
Vascular Plant,CAN 535224
Vascular Plant,CAN 535225
Vascular Plant,CAN 535226
Vascular Plant,CAN 535227
Vascular Plant,CAN 535229
Vascular Plant,CAN 536072
Vascular Plant,CAN 537274
Vascular Plant,CAN 541975
Vascular Plant,CAN 542000
Vascular Plant,CAN 542001
Vascular Plant,CAN 542021
Vascular Plant,CAN 542767
Vascular Plant,CAN 543247
Vascular Plant,CAN 543258
Vascular Plant,CAN 544057
Vascular Plant,CAN 5689
Vascular Plant,CAN 590144
Vascular Plant,CAN 590772
Vascular Plant,CAN 590955
Vascular Plant,CAN 59116
Vascular Plant,CAN 591302
Vascular Plant,CAN 591414
Vascular Plant,CAN 595827
Vascular Plant,CAN 599478
Vascular Plant,CAN 5995
Vascular Plant,CAN 604663
Vascular Plant,CAN 69926
Vascular Plant,CAN 70582
Vascular Plant,CAN 74916
Vascular Plant,CAN 7504
Vascular Plant,CAN 78903
Vascular Plant,CAN 79492
Vascular Plant,CAN 79705
Vascular Plant,CAN 79951
Vascular Plant,CAN 79966
Vascular Plant,CAN 79968
Vascular Plant,CAN 82172
Vascular Plant,CAN 85420
Vascular Plant,CAN 85710
Vascular Plant,CAN 87439
Vascular Plant,CAN 92851
Vascular Plant,CAN 92878
Vascular Plant,CAN 93677
