135484,1115474,Edentata,junior synonym,,Cuvier,,,,,false,,
162527,1152732,Mastodon,common name,,"Cuvier, 1817",,,,,false,,
164214,1154552,Melania eliminata,type name,,Goodrich,1940,,,"Anthony, 1954",true,,
164446,1154746,Catinella (Mediappendix) pinicola,type name,,"Grimm, 1968",,,,"Grimm, 1960",true,,
173977,1163510,Corythosaurus excavatus,included under,,"Gilmore, 1923",,,,,false,,
173978,1163510,Tetragonosaurus cranibrevis,type name,,"Sternberg, 1935",,,,,false,,
173979,1163510,Procheneosaurus cranibrevis,junior synonym,,"Sternberg, 1935",,,,,false,,
173980,1163510,Corythosaurus intermedius,included under,,"Parks, 1923",,,,,false,,
173994,1163515,Procheneosaurus,included under,,"Matthew, 1920",,,,,false,,
174107,1163605,Baena longicauda,junior synonym,,"Russell, 1935",,,,,false,,
174137,1163639,Polyodontosaurus,junior synonym,,"Gilmore, 1932",,,,,false,,
174139,1163639,Stenonychosaurus,junior synonym,,"Sternberg, 1932",,,,,false,,
174197,1163753,Eusthenopteridae,synonym,,"Berg, 1955",,,,,false,,
174297,1163866,Anchisauripus,alternative,,"Lull, 1904",,,,,false,,
174306,1163876,Brontosaurus,junior synonym,,"Marsh, 1879",,,,,false,,
174330,1163897,Arctotherium yukonense,type name,,"Lambe, L.M.",,,,,false,,
174350,1163920,Aspideretes planus,synonym,,"Parks, 1933",,,,,false,,
174393,1163966,Bothryodon,junior synonym (=),,"Gaudry, 1866",,,,,false,,
174394,1163966,Ancodus,junior synonym (=),,"Pommel, 1848",,,,,false,,
174395,1163966,Hyopotamus,junior synonym (included under),,"Owen, 1848",,,,,false,,
174434,1164026,Centrosaurus dawsoni,included under,,"Lambe, 1902",,,,,false,,
174436,1164026,Centrosaurus longirostris,type name; synonym,,"Sternberg, 1940",,,,,false,,
174439,1164026,Centrosaurus flexus,included under,,"Brown, 1914",,,,,false,,
174487,1164064,Macrophalangia canadensis,included under,,"Sternberg, 1932",,,,,false,,
174565,1164177,Pediohyus,synonym,,"Loomis, 1910",,,,,false,,
174566,1164177,Desmathyus,synonym,,"Matthew, 1907",,,,,false,,
174615,1164227,Elotherium,junior synonym (=),,"Pomel, 1847",,,,,false,,
174628,1164239,Leuciscus rosei,type name,,"Hussakof, 1916",,,,,false,,
174738,1164379,Stenacodon,junior synonym (=),,"Marsh, 1872",,,,,false,,
175250,1164926,Menotherium,junior synonym (=),,"Cope, 1873",,,,,false,,
175330,1165008,Stenonychosaurus inequalis,type name,,"Sternberg, 1932",,,,,false,,
175331,1165008,Polyodontosaurus grandis,type name,,"Gilmore, 1932",,,,,false,,
175370,1165057,Portheus,junior synonym,,"Cope, 1871",,,,,false,,
176159,1165810,Cheneosaurus tolmanensis,synonym; type name,,"Lambe, 1917",,,,,false,,
176268,1165900,Lambeosaurus clavinitialis,synonym,,"Sternberg, 1935",,,,,false,,
176453,1166080,Macrophalangia,type name,,"Sternberg, 1932",,,,,true,,
177039,1166508,Merycoidodontidae,alternative,,"Thorpe, 1923",,,,,false,,
177508,1166922,Anodontosaurus lambei,type name,,"Sternberg, 1929",,,,,false,,
178219,1167416,Saurornithoididae,synonym,,Barsbold 1974,,,,,false,,
178310,1167497,Esthonychidae,synonym,,"Cope, 1883",,,,,false,,
179575,1168783,Plastomenus coalescens,type name,,"Cope, 1873",,,,,false,,
179895,1169092,Anchiceratops longirostris,synonym,,"Sternberg, 1926",,,,,true,,
180138,1169316,Plastomenus costatus,type name,,"Cope, 1875",,,,,false,,
180881,1169846,Mesosuchia,synonym,,"Huxley, 1875",,,,invalid subgroup,false,,
181301,1170289,Trigonolestes,junior synonym,,"Cope, 1894",,,,,false,,
181468,1170439,Calops,synonym (included under),,"Marsh, 1894",,,,,false,,
181476,1170446,Amblycastor,junior synonym; synonym,,"Matthew, 1918",,,,,false,,
181499,1170464,Miomastodon,synonym (included under),,"Osborn, 1922",,,,,false,,
181504,1170469,Cimolestiformes,junior synonym (=),,"Kinman, 1994",,,,,false,,
181520,1170485,Hyaenognathus,synonym,,"Merriam, 1903",,,,,false,,
181521,1170486,Hyaenognathus matthewi,synonym,,"Freudenberg, 1910",,,,,false,,
181588,1170551,Megaceropinae,synonym (included under),,Osborn,,,,,false,,
181593,1170555,Zeuglodontia,synonym,,"Pictet, 1853",,,,,false,,
181594,1170555,Archaeocetiformes,,,"Kinman, 1994",,,,,false,,
181611,1170572,Alticamelus,synonym,,"Matthew, 1901",,,,,false,,
181612,1170572,Altomeryx,synonym,,"Frick, 1929",,,,,false,,
181729,1170689,Stagodon,synonym,,"Marsh, 1889",,,,,false,,
181730,1170689,Diaphorodon,synonym,,"Simpson, 1927",,,,,false,,
181807,1170758,Daphoenus felinus,synonym,,"Scott, 1898",,,,,false,,
181885,1170799,Zeuglodon,synonym,,"Owen, 1839",,,,,false,,
181926,1170829,Poebrotheriidae,junior synonym (=),,"Cope, 1874",,,,,false,,
182487,1171150,Edmontosaurus edmontoni,synonym,,"Gilmore, 1924",,,,,false,,
182488,1171150,Thespesius edmontonensis,synonym,,"Gilmore, 1924",,,,,false,,
183884,1172462,Monosaulax pansus,synonym,,"Cope, 1874",,,,,false,,
184073,1172633,Ailuraena johnstoni,type name; synonym,,"Stirton & Christain, 1940",,,,,false,,
184210,1172770,Cervalces alaskensis,synonym,,"Frick, 1937",,,,,false,,
185826,1174223,Tylosteus,,,"Leidy, 1872",,,,,false,,
185850,1174245,Chasmosaurus irvinensis,type name,,"Holmes, R.",2001,,,,true,,
186057,1174573,Phobosuchus,synonym,,"Colbert & Bird, 1954",,,,,false,,
188335,1176628,Triceratops albertensis,synonym,,"Sternberg, 1949",,,,,false,,
190116,1178001,Monoclonius lowei,synonym,,"Sternberg, 1940",,,,,false,,
192587,1051389,Esox lacustris,,,Bernard Lebeau,1993,,,,false,,
192658,1173334,Platecarpus coryphaeus,synonym,,"Cope, 1872",,,,,true,,
207664,1160020,Vasula,,,"Vermeij, G.J.",2001,,,,false,,
207668,1157185,Carychium exile canadense,synonym,,Nekola & Barthel,2002,,"""Thus, the division of C. exile into distinct subspecies does not appear warranted.""","Clapp, 1906",true,,
208422,1183464,Prenocephale,,,"Maryanska & Osmolska, 1974",,,,,false,,
210111,1185083,Sparactolambda,synonym,,"Patterson, 1939",,,,,false,,
210113,1185085,Sparactolambda looki,,,"Patterson, 1939",,,,,false,,
210761,1174245,Vagaceratops irvinensis,,,"Sampson, Loewen, Farke et al",2010-09,,,,false,,
211399,1169883,Ophiodeirus,synonym,,"Broom, 1913",,,,,false,,
211400,1170852,Stypolophus,synonym,,"Cope, 1872",,,,,false,,
211401,1170852,Triacodon,synonym,,"Marsh, 1871",,,,,false,,
211410,1170885,Didymictis curtidens,synonym,,"Cope, 1882",,,,,false,,
211413,1170742,Macrotherium,synonym,,"Lartet, 1837",,,,,false,,
211421,1170279,Claenodon,synonym,,"Scott, 1892",,,,,false,,
211423,1170289,Gujaratia,synonym,,Bajpai et al. 2005,,,,,false,,
211446,1170737,Pseudoprotoceras semicinctus,synonym,,"Cope, 1889",,,,,false,,
211451,1169399,Platyspondylus,synonym,,"Haug, 1905",,,,,false,,
211459,1167109,Champsosaurus natator,synonym,,"Parks, 1933",,,,,false,,
211460,1167109,Champsosaurus brevicollis,synonym,,"Cope, 1876",,,,,false,,
211463,1166080,Caenagnathus,synonym,,"Sternberg, 1932",,,,,false,,
211464,1169517,Enneles,synonym,,"Jordan & Branner, 1908",,,,,false,,
211482,1172437,Blastomeryx gemmifer,synonym,,"Cope, 1874",,,,,false,,
211490,1174516,Eobrachyopidae,synonym,,"Shishkin, 1964",,,,,false,,
211491,1174517,Dendrerpeton oweni,synonym,,"Dawson, 1863",,,,,false,,
211492,1174012,Therizinosauridae,synonym,,"Maleev, 1954",,,,,false,,
211499,1173332,Polycotylus osborni,synonym,,"Watson, 1951",,,,,false,,
211500,1173332,Trinacromerum osborni,synonym,,"Williston, 1908",,,,,false,,
211501,1173334,Platecarpus tympaniticus,synonym,,"Cope, 1869",,,,,false,,
211502,1173334,Platecarpus latifrons,synonym,,"Marsh, 1872",,,,,false,,
211506,1172770,Cervalces latifrons,,,"Johnson, 1874",,,,,false,,
211510,1174143,Leptalestes krejcii,,,"Clemens, 1966",,,,,false,,
211521,1175001,Ctenochasma elegans,,,"Wagner, 1861",,,,,false,,
211522,1175001,Ctenochasma gracile,synonym,,"Oppel, 1862",,,,,false,,
211526,1173880,Desmatotherium intermedius,synonym,,"Osborn, 1878",,,,,false,,
211530,1173904,Harpalodon,synonym,,"Marsh, 1872",,,,,false,,
211531,1173906,Platychoerops daubrei,alternative combination,,"Lemoine, 1880",,,,,false,,
211533,1173908,Cantius frugivorus,synonym,,"Cope, 1875",,,,,false,,
211541,1152878,Diphyodus,alternative combination,,"Lambe, 1902",,,,,false,,
211542,1170057,Peripristidae,synonym,,"Eastman, 1902",,,,,false,,
211544,1169620,Bayloria,synonym,,"Olson, 1941",,,,,false,,
211545,1169620,Ectocynodon,synonym,,"Cope, 1878",,,,,false,,
211547,1169624,Tetheodus,synonym,,"Cope, 1874",,,,,false,,
211548,1171015,Aftonius,synonym,,"Hay, 1913",,,,,false,,
211549,1171016,Euceratherium americanum,synonym,,"Gidley, 1913",,,,,false,,
211550,1172633,Chasmaporthetes ossifragus,synonym,,"Hay, 1921",,,,,false,,
211551,1170753,Megalagus turgidus,alternative combination,,"Cope, 1873",,,,,false,,
211552,1170753,Palaeolagus triplex,synonym,,"Cope, 1873",,,,,false,,
211553,1170753,Tricium paniense,synonym,,"Cope, 1873",,,,,false,,
211554,1170754,Archaeolagus striatus,synonym,,"Walker, 1931",,,,,false,,
211555,1170754,Palaeolagus agapetillus,synonym,,"Cope, 1873",,,,,false,,
211556,1170754,Protolagus affinus,synonym,,"Walker, 1931",,,,,false,,
211557,1170754,Tricium annae,synonym,,"Cope, 1873",,,,,false,,
211558,1170798,Zeuglodontinae,synonym,,"Slijper, 1936",,,,,false,,
211559,1168342,Turgidodon praesagus,synonym,,"Russell, 1952",,,,,false,,
211560,1168909,Ctenochasmatoidea,synonym,,"Unwin, 1995",,,,,false,,
211563,1170068,Ammosauridae,synonym,,"Huene, 1914",,,,,false,,
211571,1170090,Sclerodidae,alternative,,"Berg, 1940",,,,,false,,
211580,1172702,Leptocheirus,replaced name,,"Merriam, 1903",,,,,false,,
211581,1169590,Poliosaurus,synonym,,"Case, 1907",,,,,false,,
211582,1169590,Theropleura,synonym,,"Cope, 1878",,,,,false,,
211583,1169590,Winfieldia,synonym,,"Romer, 1925",,,,,false,,
211584,1169596,Dvinosauria,synonym,,"Yates & Warren, 2000",,,,,false,,
211589,1169610,Otocoelidae,synonym,,"Cope, 1896",,,,,false,,
211590,1170440,Anthracohyus,synonym,,"Pilgrim & Cotter, 1916",,,,,false,,
211591,1170440,Anthracothema,synonym,,"Pilgrim, 1928",,,,,false,,
211592,1170445,Eoequus,synonym,,"Quinn, 1955",,,,,false,,
211593,1170848,Camelomeryx longiceps,,,"Scott, 1898",,,,,false,,
211594,1170848,Merycodesmus gracilis,,,"Scott, 1898",,,,,false,,
211595,1170849,Prosciurus altidens,synonym,,"Russell, 1972",,,,,false,,
211596,1170849,Plesispermophilus altidens,synonym,,"Russell, 1972",,,,,false,,
211599,1172674,Ectocion ralstonensis,synonym,,"Granger, 1915",,,,,false,,
211600,1169775,Hylerpeton curtidentatum,synonym,,"Dawson, 1876",,,,,false,,
211601,1169775,Fritschia curtidentata,synonym,,"Dawson, 1876",,,,,false,,
211602,1169776,Anthracosaurus lancifer,alternative combination,,"Newberry, 1873",,,,,false,,
211607,1170758,Brachyrhynchocyon dodgei,synonym,,"Scott, 1898",,,,,false,,
211608,1170758,Daphoenocyon minor,synonym,,"Clark, 1967",,,,,false,,
211609,1170758,Miacis matthewi,synonym,,"Schlaikjer, 1935",,,,,false,,
211610,1170759,Daphoenus demilo,,,"Dawson, 1980",,,,,false,,
211612,1168888,Discosaurus,synonym,,"Leidy, 1851",,,,,false,,
211613,1168888,Brimosaurus,synonym,,"Leidy, 1855",,,,,false,,
211614,1168901,Protherosauria,replaced name,,"Osborn, 1902",,,,,false,,
211615,1168906,Naosaurus,synonym,,"Cope, 1886",,,,,false,,
211624,1169707,Albertonia cupidinia,alternative combination,,"Lambe, 1916",,,,,false,,
211625,1174033,Carcharodontosaurus,synonym,,"Stromer, 1931",,,,,false,,
211626,1170807,Cynodesmus thooides,synonym,,"Scott, 1893",,,,,false,,
211627,1170807,Daphoenus drummondanus,synonym,,"Douglass, 1903",,,,,false,,
211629,1170826,Prohyaena,,,"Schlosser, 1890",,,,,false,,
211630,1170826,Strobodon,,,"Webb, 1969",,,,,false,,
211634,1170485,Porthocyon,synonym,,"Merriam, 1903",,,,,false,,
211635,1170486,Borophagus diversidens,synonym,,"Cope, 1892",,,,,false,,
211637,1170488,Hyaenodon cruentus,synonym; type name,,"Leidy, 1853",,,,,false,,
211640,1166922,Anadontosaurus lambei,spelling variation,,"Sternberg, 1929",,,,,false,,
211641,1166922,Palaeoscincus asper,synonym; type name,,"Lambe, 1902",,,,,false,,
211660,1169304,Testudo lata,,,"Leidy, 1851",,,,,false,,
211661,1169304,Testudo nebrascencis,alternative combination,,"Leidy, 1851",,,,,false,,
211663,1169305,Apalone leucopotamica,alternative combination,,"Cope, 1891",,,,,false,,
211664,1169305,Platypeltis leucopotamica,alternative combination,,"Cope, 1891",,,,,false,,
211667,1170421,Hyopsodontidae,synonym,,"Trouessart, 1879",,,,,false,,
211668,1170232,Pseudocynodictis,synonym,,"Schlosser, 1911",,,,,false,,
211669,1170233,Hypotemnodon,synonym,,"Eyerman, 1894",,,,,false,,
211670,1170457,Brachygale,synonym,,"Peterson, 1910",,,,,false,,
211671,1170464,Turicius,,,"Osborn, 1926",,,,,false,,
211672,1170465,Indopithecus,synonym,,"von Koenigswald, 1949",,,,,false,,
211673,1170465,Rangwapithecus,synonym,,"Kretzoi, 1984",,,,,false,,
211674,1170465,Rudapithecus,synonym,,"Kretzoi, 1969",,,,,false,,
211675,1170468,Desmostylus californicus,synonym,,"Hay, 1923",,,,,false,,
211683,1169788,Cretolamna appendiculata,alternative combination,,"Agassiz, 1843",,,,,false,,
211684,1169800,Ictalurus rhaeas,,,"Cope, 1891",,,,,false,,
211686,1169805,Letognathus hardingi,synonym,,"Brazeau, 2005",,,,,false,,
211706,1170158,Rutiodon,synonym,,"Emmons, 1856",,,,,false,,
211708,1170888,Esthonyx acer,synonym,,"Cope, 1874",,,,,false,,
211709,1170888,Esthonyx burmeisteri,synonym,,"Cope, 1874",,,,,false,,
211710,1170888,Esthonyx burmeisterii,synonym,,"Cope, 1874",,,,,false,,
211711,1170888,Platychoerops burmeisteri,synonym,,"Cope, 1874",,,,,false,,
211712,1170896,Ptilodus admirabilis,,,"Hay, 1930",,,,,false,,
211717,1170178,Tetrabelodon shepardii,synonym,,"Leidy, 1871",,,,nomen dubium,false,,
211723,1170250,Nyctilestes,synonym,,"Marsh, 1872",,,,,false,,
211724,1170253,Bathrodon,synonym,,"Marsh, 1872",,,,,false,,
211725,1170253,Cynodontomys,synonym,,"Cope, 1882",,,,,false,,
211726,1170253,Mesacodon,synonym,,"Marsh, 1872",,,,,false,,
211727,1170253,Palaeacodon,synonym,,"Leidy, 1872",,,,,false,,
211728,1170254,Hesperolemur,,,"Gunnell, 1995",,,,,false,,
211732,1170551,Diplacodon,synonym,,"Marsh, 1875",,,,nomen dubium,false,,
211734,1170564,Ischyromys cristatus,synonym,,"Cope, 1873",,,,,false,,
211735,1170564,Ischyromys chrysodon,synonym,,"Cope, 1873",,,,,false,,
211736,1170564,Ischyromys troxelli,synonym,,"Wood, 1937",,,,,false,,
211737,1170568,Miolabis longiceps,alternative combination,,"Matthew, 1909",,,,,false,,
211738,1170569,Protoceras cristatus,synonym,,"Marsh, 1894",,,,,false,,
211739,1170569,Calops cristatus,synonym,,"Marsh, 1894",,,,,false,,
211740,1170570,Protylopus minor,synonym,,"Prothero, 1998",,,,,false,,
211741,1170570,Protylopus parvus,,,"Prothero, 1998",,,,,false,,
211742,1170572,Homocamelus,synonym,,"Leidy, 1869",,,,,false,,
211747,1170260,Didymictidae,synonym,,"Flynn & Galiano, 1982",,,,,false,,
211748,1170267,Titanotheriomys,synonym,,"Miller & Gidley, 1920",,,,,false,,
211749,1170267,Colotaxis,synonym,,"Cope, 1973",,,,,false,,
211750,1170267,Gymnoptychus,synonym,,"Cope, 1873",,,,,false,,
211774,1172610,Paratetonius,synonym,,"Seton, 1940",,,,,false,,
211775,1172610,Pseudotetonius,synonym,,"Brown, 1974",,,,,false,,
211780,1170900,Shastasaurus altispinus,synonym,,"Merriam, 1902",,,,,false,,
211781,1170900,Shastasaurus careyi,synonym,,"Merriam, 1902",,,,,false,,
211782,1170900,Shastasaurus pacificus,synonym,,"Merriam, 1895",,,,,false,,
211786,1170910,Mastodon brevidens,synonym,,"Cope, 1889",,,,,false,,
211787,1170910,Zygolophodon brevidens,synonym,,"Cope, 1889",,,,,false,,
211788,1170685,Euprotogonia,synonym,,"Cope, 1893",,,,,false,,
211789,1170685,Protogonia,synonym,,"Cope, 1881",,,,,false,,
211790,1170689,Ectoconodon,synonym,,"Osborn, 1898",,,,,false,,
211792,1177790,Pulalius vulgaris,synonym,,"Rathburn, 1926",,,,,false,,
211800,1177998,Therizinosauroidea,synonym,,"Russel & Dong, 1994",,,,,false,,
211801,1177998,Segnosaurischia,synonym,,"Dong, 1992",,,,,false,,
211804,1178775,Dipriodon lunatus,synonym,,"Marsh, 1889",,,,,false,,
211805,1178775,Halodon sculptus,synonym,,"Marsh, 1889",,,,,false,,
211806,1178775,Oracodon anceps,synonym,,"Marsh, 1889",,,,,false,,
211807,1178775,Tripriodon coelatus,synonym,,"Marsh, 1889",,,,,false,,
211808,1178775,Selenacodon fragilis,synonym,,"Marsh, 1889",,,,,false,,
211809,1178775,Oracodon conulus,synonym,,"Marsh, 1889",,,,,false,,
211810,1178775,Meniscoessus borealis,synonym,,"Simpson, 1927",,,,,false,,
211811,1178775,Meniscoessus greeni,synonym,,"Wilson, 1987",,,,,false,,
211812,1177848,Synodontaspis hardingi,synonym,,"Cappetta & Case, 1975",,,,,false,,
211816,1176885,Limnohyus,synonym,,"Marsh, 1872",,,,,false,,
211817,1176885,Limnohyops,synonym,,"Marsh, 1890",,,,,false,,
211818,1176885,Eometarhinus,synonym,,"Osborn, 1919",,,,,false,,
211821,1177978,Cheneosaurinae,synonym,,"Lull & Wright, 1942",,,,,false,,
211822,1177978,Trachodontinae,synonym,,"Brown, 1914",,,,,false,,
211825,1174573,Polydectes,synonym,,"Cope, 1869",,,,,false,,
211826,1177039,Symbos cavifrons,synonym,,"Leidy, 1852",,,,Initially assigned to the male of the species,true,,
211827,1177039,Bootherium cavifrons,synonym,,"Leidy, 1852",,,,,false,,
211828,1177039,Bootherium sargenti,synonym,,"Gidley, 1908",,,,,false,,
211829,1177039,Ovibos cavifrons,synonym,,"Leidy, 1852",,,,,false,,
211835,1177057,Phororhacosidae,synonym,,"Ameghino, 1889",,,,,false,,
211845,1175781,Protocatostomus,synonym,,"Whitefield, 1890",,,,,false,,
211849,1167156,Aspideretes vagans,synonym,,"Cope, 1873",,,,,false,,
211859,1169820,Plethodontidae,,,"Loomis, 1900",,,,,false,,
211862,1118656,Delphinus,,,"Gray, 1864",,,,,false,,
211864,1118682,Callignathus,synonym,,"Gill, 1871",,,,,false,,
211865,1118682,Euphysetes,synonym,,"Wall, 1851",,,,,false,,
211866,1118682,Physeter,synonym,,"Wall, 1851",,,,,false,,
211896,1152721,Equus hatcheri,synonym,,"Hay, 1915",,,,,false,,
211922,1164201,Protitanotherium,synonym,,"Osborn, 1929",,,,,false,,
211945,1164207,Seismosaurus,synonym,,"Gillette, 1991",,,,,false,,
211957,1163555,Dromiceiomimus,synonym,,"Russell, 1972",,,,,false,,
211960,1163555,Ornithomimus sedens,synonym,,"Marsh, 1892",,,,nomen dubium,false,,
211965,1164632,Caenagnathus sternbergi,synonym,,"Cracraft, 1971",,,,,false,,
211966,1164632,Chirostenotes sternbergi,synonym,,"Cracraft, 1971",,,,,false,,
211972,1163887,Elotherium arctatum,synonym,,Osborn,,,,,false,,
211987,1163500,Ceratops canadensis,nomen dubium; synonym,,"Lambe, 1902",,,,,false,,
211988,1163500,Eoceratops,synonym,,"Lambe, 1915",,,,,false,,
211989,1163500,Eoceratops canadensis,nomen dubium; synonym,,"Lambe, 1902",,,,,false,,
211990,1163500,Monoclonius canadensis,nomen dubium; synonym,,"Lambe, 1902",,,,,false,,
211994,1163500,Chasmosaurus canadensis,,,"Lambe, 1902",,,,,false,,
212011,1163966,Ancodon,synonym,,"Pommel, 1847",,,,,false,,
212012,1173809,Bothriodon brachyrhynchus,synonym,,"Osborn & Wortman, 1894",,,,,false,,
212017,1164557,Pediohippus,synonym,,"Schlaikjer, 1935",,,,,false,,
212019,1164512,Titanops,,,"Marsh, 1887",,,,,false,,
212020,1164515,Morotherium,,,"Marsh, 1874",,,,,false,,
212066,1164402,Mantellisaurus atherfieldensis,synonym,,"Hooley, 1925",,,,,false,,
212067,1164402,Iguanodon gracilis,,,"Lydekker, 1888",,,,,false,,
212068,1164402,Sphenospondylus gracilis,,,"Lydekker, 1888",,,,,false,,
212070,1182256,Kindleia,synonym,,"Jordan, 1927",,,,,false,,
212071,1182256,Stylomyleodon,synonym,,"Russell, 1928",,,,,false,,
212078,1164815,Pseudocylindrodon neglectus,synonym,,"Burke, 1935",,,,,false,,
212079,1164816,Ischyrotomus,synonym,,"Matthew & Gidley, 1919",,,,,false,,
212081,1164818,Pteranodon ingens,nomen dubium,,"Marsh, 1872",,,,,false,,
212084,1165802,Anatosaurus,synonym,,"Lull & Wright, 1942",,,,,false,,
212085,1171150,Anatosaurus edmontoni,synonym,,"Gilmore, 1924",,,,,false,,
212091,1164445,Pseudoprotoceras semicinctus,alternative combination,,Cope,,,,,false,,
212093,1166754,Albertosaurus sternbergi,synonym,,"Matthew & Brown, 1922",,,,,false,,
212094,1166754,Dryptosaurus incrassatus,synonym,,"Hay, 1902",,,,,false,,
212095,1166754,Laelaps incrassatus,synonym,,"Hay, 1902",,,,,false,,
212096,1166754,Gorgosaurus sternbergi,synonym,,"Matthew & Brown, 1922",,,,,false,,
212097,1166754,Dryptosaurus falculus,synonym,,"Cope, 1876",,,,,false,,
212102,1163307,Mesohippus praecocidens,synonym; type name,,"Lambe, 1905",,,,,false,,
212104,1163319,Procaenopus,synonym,,"Figgins, 1934",,,,,false,,
212106,1176628,Triceratops serratus,synonym,,"Marsh, 1890",,,,,false,,
212107,1176628,Triceratops brevicornis,synonym,,"Hatcher & Lull, 1905",,,,,false,,
212108,1176628,Triceratops elatus,synonym,,"Marsh, 1891",,,,,false,,
212109,1176628,Triceratops obtusus,synonym,,"Marsh, 1898",,,,,false,,
212111,1180182,Sigurdia heintzae,synonym,,"Dineley & Loeffler, 1967",,,,,false,,
212112,1180184,Sigurdia heintzae,synonym,,"Dineley & Loeffler, 1967",,,,,false,,
212116,1163532,Antrodemus,synonym,,"Leidy, 1870",,,,,false,,
212117,1163534,Allosaurus atrox,synonym,,"Marsh, 1878",,,,,false,,
212118,1163534,Antrodemus lucaris,synonym,,"Marsh, 1878",,,,,false,,
212119,1163534,Dryptosaurus trihedrodon,synonym,,"Cope, 1877",,,,,false,,
212120,1163534,Laelaps trihedrodon,synonym,,"Cope, 1877",,,,,false,,
212121,1163536,Morosaurus,synonym,,"Marsh, 1878",,,,,false,,
212124,1163584,Palaeoscincus,synonym; nomen dubium,,"Leidy, 1856",,,,,false,,
212125,1163584,Palaeoscincus costatus,synonym; nomen dubium,,"Leidy, 1856",,,,,false,,
212126,1164666,Protolagus,synonym,,"Walker, 1921",,,,,false,,
212127,1164666,Tricium,synonym,,"Cope, 1873",,,,,false,,
212129,1164342,Hemipsalodon cooki,synonym,,"Schlaikjer, 1935",,,,,false,,
212132,1164370,Dinotomius,synonym,,"Williston, 1895",,,,,false,,
212133,1163629,Fabrosaurus,synonym,,"Ginsburg, 1964",,,,,false,,
212134,1163551,Megalosaurus poikilopleuron,subjective synonym,,"Huene, 1923",,,,,false,,
212141,1164026,Monoclonius dawsoni,synonym,,"Lambe, 1902",,,,,false,,
212151,1166136,Coelolepididae,,,"Pander, 1856",,,,,false,,
212163,1163267,Acanthodes affinis,synonym,,"Whiteaves, 1887",,,,,false,,
212187,1152732,Pliomastodon,synonym,,"Osborn, 1926",,,,,false,,
212196,1186232,Aphelops ceratorhinus,synonym; type name,,"Douglass, 1903",,,,,false,,
212207,1164597,Neohipparion affine,synonym,,"Leidy, 1869",,,,,false,,
212208,1169456,Bathmodon,,,"Cope, 1872",,,,,false,,
212214,1186254,Merychippus praecocidens,synonym,,"Russell, 1933",,,,,false,,
212218,1165005,Tillotherium,,,"Marsh, 1873",,,,,false,,
212226,1163306,Mesohippus planidens,synonym; type name,,"Lambe, 1905",,,,,false,,
212227,1163302,Miohippus assiniboiensis,,,"Lambe, 1905",,,,,false,,
212235,1164558,Miohippus gidleyi,synonym,,"Osborn, 1904",,,,,false,,
212240,1166509,Promerycochoerus,,,"Douglass, 1901",,,,,false,,
212241,1166509,Pronomotherium,,,"Douglass, 1907",,,,,false,,
212244,1164551,Desmatochoerus megalodon,alternative combination,,"Peterson, 1906",,,,,false,,
212245,1164551,Promerycochoerus curvidens,synonym,,"Thorpe, 1921",,,,,false,,
212246,1164551,Promerycochoerus gregoryi,synonym,,"Loomis, 1924",,,,,false,,
212249,1164805,Protoreodon paradoxicus,synonym,,"Scott, 1898",,,,,false,,
212250,1164805,Hyomeryx breviceps,synonym,,"Marsh, 1894",,,,,false,,
212251,1167232,Menodus angustigenis,,,"Cope, 1886",,,,,false,,
212252,1167776,Duchesneodus primitivum,,,"Lambe, 1908",,,,,false,,
212253,1164514,Brontops robustus,,,"Marsh, 1887",,,,,false,,
212254,1164539,Cosoryx agilis,alternative combination,,"Douglass, 1899",,,,,false,,
212255,1163984,Megacerops platyceras,alternative combination,,"Osborn, 1887",,,,,false,,
212264,1152655,Dinobastis,synonym,,"Cope, 1893",,,,,false,,
212270,1164112,Colodon longipes,synonym,,"Osborn & Wortman, 1894",,,,,false,,
212271,1164371,Hoplophoneus primaevus,synonym,,"Leidy & Owen, 1851",,,,,false,,
212277,1164442,Stibarus loomisi,synonym,,"Scott, 1940",,,,,false,,
212279,1164757,Poebrotherium andersoni,synonym,,"Troxell, 1917",,,,,false,,
212287,1172770,Cervalces roosevelti,synonym,,"Hay, 1913",,,,,false,,
212288,1172770,Cervalces borealis,synonym,,"Bensley, 1913",,,,,false,,
212290,1164995,Toxotherium woodi,synonym,,"Skinner & Gooris, 1966",,,,,false,,
212293,1185085,Titanoides primaevus,synonym,,"Gidley, 1917",,,,,false,,
212295,1164276,Koskinonodon perfectum,synonym,,"Case, 1922",,,,,false,,
212298,1164628,Irenichnites,synonym,,"Sternberg, 1932",,,,,false,,
212299,1164628,Irenesaurichnites,synonym,,"Sternberg, 1932",,,,,false,,
212313,1165008,Saurornithoides inequalis,synonym,,"Sternberg, 1932",,,,,false,,
212314,1165008,Troodon inequalis,synonym,,"Sternberg, 1932",,,,,false,,
212318,1183078,Majungatholus,synonym,,"Sues & Taquet, 1979",,,,,false,,
212321,1183076,Megalosaurus africanus,synonym,,"Huene, 1956",,,,,false,,
212323,1164064,Caenagnathus collinsi,synonym,,"Sternberg, 1940",,,,,false,,
212328,1165664,Chasmosaurus brevirostris,synonym,,"Lull, 1933",,,,,false,,
212336,1163503,Triceratops sulcatus,nomen dubium,,"Marsh, 1890",,,,,false,,
212337,1163970,Brachyceratops montanensis,nomen dubium,,"Gilmore, 1914",,,,,false,,
212339,1163510,Stephanosaurus intermedius,synonym,,"Parks, 1923",,,,,false,,
212340,1163515,Stephanosaurus,synonym,,"Lambe, 1914",,,,,false,,
212341,1163515,Tetragonosaurus,synonym,,"Parks, 1931",,,,,false,,
212342,1165900,Corythosaurus frontalis,synonym,,"Parks, 1935",,,,,false,,
212343,1165900,Procheneosaurus praeceps,synonym,,"Parks, 1931",,,,,false,,
212344,1165900,Tetragonosaurus praeceps,synonym,,"Parks, 1931",,,,,false,,
212345,1165900,Lambeosaurus altidens,type name,,"Lambe, 1902",,,,,false,,
212347,1165807,Cheneosaurus,synonym,,"Lambe, 1917",,,,,false,,
212349,1166920,Palaeoscincidae,synonym,,"Nopsca, 1918",,,,,false,,
212350,1166920,Hylaeosauridae,synonym,,"Nopsca, 1902",,,,,false,,
212352,1166921,Anodontosaurus,synonym,,"Sternberg, 1929",,,,,false,,
212353,1166921,Anadontosaurus,synonym,,"Sternberg, 1929",,,,,false,,
212354,1166921,Stereocephalus,synonym (replaced name),,"Lambe, 1902",,,,,false,,
212389,1163569,Clidastes iguanavus,nomen dubium,,"Cope, 1868",,,,,false,,
212390,1163569,Clidastidae,synonym,,"Cope, 1869",,,,,false,,
212391,1163569,Liodon,synonym,,"Cope, 1869",,,,,false,,
212392,1163572,Baptosaurus,nomen dubium,,"Marsh, 1870",,,,,false,,
212393,1163493,Shastasaurus pacificus,synonym,,"Merriam, 1895",,,,,false,,
212394,1163493,Shastasaurus osmonti,synonym,,"Merriam, 1902",,,,,false,,
212395,1164416,Labidosaurus broilii,synonym,,"Case, 1911",,,,,false,,
212396,1182236,Trionyx foveatus,alternative combination,,"Leidy, 1856",,,,,false,,
212398,1182236,Aspideretes foveatus,synonym,,"Leidy, 1856",,,,nomen dubium,false,,
212399,1182236,Aspideretes subquadratus,type name; synonym,,"Lambe, 1914",,,,,false,,
212400,1182236,Trionyx maturus,type name; synonym,,"Lambe, 1914",,,,,false,,
212401,1182236,Trionyx subquadrates,synonym,,"Lambe, 1914",,,,,false,,
212405,1182236,Aspideretes maturus,synonym,,"Lambe, 1914",,,,,false,,
212408,1168783,Trionyx coalescens,synonym,,"Cope, 1875",,,,,false,,
212410,1169305,Trionyx punctiger,synonym,,"Cope, 1891",,,,,false,,
212426,1186354,Orthonybyoceras covingtonense,synonym,,"Foerste & Teichert , 1930",,,,,false,,
212474,1182398,Gigantocamelus,synonym,,Barbour & Schultz (1939),,,,,false,,
212479,1170825,Sigmogomphius,,,"Merriam, 1896",,,,,false,,
212501,1125532,Chelonia,synonym,,"Agassiz, 1857",,,,,false,,
212537,1150328,Cornuta,synonym,,"Janvier, 1985",,,,,false,,
212538,1163233,Gigantostraca,synonym,,"Haeckel, 1866",,,,,false,,
212566,1186572,Homo ergaster,synonym,,"Groves & Mazak, 1975",,,,,false,,
212578,1186596,Praeanthropus africanus,synonym,,"Weinert, 1950",,,,,false,,
212892,1182488,Diplodus,,,"Agassiz, 1843",,,,,false,,
221635,1193660,Streptospinigera niuqtuut,type name,,"Olivier, Frédéric; San Martín, Guillermo; Archambault, Philippe",,,,,false,,
224607,1164445,Heteromeryx transversus,synonym,,Cope,1889,,,,true,,
224608,1164445,Hypertragulus transversus,synonym,,Cope,1889,,,,true,,
225071,1174295,Caenagnathiformes,synonym,,Sternberg,1940,,,,false,,
225145,1162965,Clathria (Microciona) pennata,,,Lambe,1895,,,,false,,
225152,1161779,Diphyllobothrium dendriticum,synonym,,Nitzsch,1824,,,,false,,
