speckey,xxScientific Name,Taxonomic System
500129,xxLobeliaceae,Botany
500136,xxPsilotum,Botany
500171,xxRanunculus flammula var. reptans,Botany
500172,xxViola pallens,Botany
500198,xxBryoria spiralifera,Botany
501026,xxCallistopteris,Botany
502895,xxRhodiola rosea var. integrifolia,Botany
502949,xxPapaver keelei,Botany
503037,xxBryoria pseudocapillaris,Botany
503181,xxPrimula,Botany
1007546,xxAndreaea crassinervia,Botany
1007684,xxPhyscomitrium pygmaeum,Botany
1008770,xxOrthothecium rufescens,Botany
1009797,xxDicranum angustum,Botany
1008453,xxDrepanocladus latifolius,Botany
1008455,xxDrepanocladus lycopodioides var. brevifolius,Botany
1009716,xxCampylopus subulatus var. schimperi,Botany
1010110,xxSchistidium,Botany
1008481,xxHygrohypnum molle,Botany
1010153,xxGrimmia torngakiana,Botany
1009276,xxEncalypta affinis var. macounii,Botany
1009282,xxEncalypta intermedia,Botany
1009981,xxFissidens clebschii,Botany
1009546,xxPottia truncata var. major,Botany
1008073,xxBryum pendulum,Botany
1009857,xxTrematodon boasii,Botany
1009314,xxAnoectangium incurvans,Botany
1009317,xxAnoectangium obtusifolium,Botany
1008995,xxLescuraea radicosa var. radicosa f. holzingeri,Botany
1074656,xxPseudocyphellaria mougeotiana,Botany
1074092,xxPannaria pezizoides,Botany
1074591,xxTuckermannopsis aurescens,Botany
1074601,xxTuckermannopsis fendleri,Botany
1078247,xxDeparia japonica,Botany
1071357,xxAgrestia hispida,Botany
1073595,xxLempholemma myriococcum,Botany
1074462,xxPhysconia kurokawae,Botany
1074471,xxPhytoconis ericetorum,Botany
1078975,xxPolypodium pectinatum,Botany
1078979,xxPolypodium plumula,Botany
1078986,xxPolypodium sororium,Botany
1079910,xxDelphinium chamissonis,Botany
1078969,xxPolypodium decumanum,Botany
1078970,xxPolypodium dispersum,Botany
1080600,xxCeltis occidentalis var. occidentalis,Botany
1080601,xxCeltis occidentalis var. pumila,Botany
1079700,xxActaea rubra subsp. rubra,Botany
1079723,xxAnemone multifida var. globosa,Botany
1079724,xxAnemone multifida var. hirsuta,Botany
1079728,xxAnemone multifida var. richardsiana,Botany
1079743,xxAnemone parviflora var. grandiflora,Botany
1079125,xxJuniperus scopulorum,Botany
1079129,xxThuja occidentalis,Botany
1078907,xxBotrychium simplex var. tenebrosum,Botany
1079202,xxPinus cembroides,Botany
1079227,xxPinus monticola,Botany
1078960,xxPleopeltis thunbergiana,Botany
1078964,xxPolypodium aureum,Botany
1079197,xxPinus attenuata,Botany
1081143,xxBetula cordifolia,Botany
1078874,xxPilularia americana,Botany
1078275,xxDiplazium verapax,Botany
1078277,xxDryopteris acutidens,Botany
1078280,xxDryopteris atropalustris,Botany
1078205,xxAthyrium alpestre var. americanum,Botany
1078562,xxCnemidaria horrida,Botany
1078598,xxHypolepis punctata,Botany
1078601,xxLindsaea,Botany
1080135,xxRanunculus gmelinii var. gmelinii,Botany
1080136,xxRanunculus gmelinii var. hookeri,Botany
1080137,xxRanunculus gmelinii var. limosus,Botany
1078433,xxThelypteris asplenioides,Botany
1078108,xxArachniodes carvifolia,Botany
1078147,xxAsplenium leucostegioides,Botany
1078460,xxThelypteris limbosperma,Botany
1085933,xxBraya henryae,Botany
1085935,xxBraya humilis subsp. arctica,Botany
1086255,xxDraba nivalis var. brevicula,Botany
1085034,xxViola septentrionalis var. grisea,Botany
1085757,xxArabis drummondii var. connexa,Botany
1084973,xxViola palmata var. dilatata,Botany
1085978,xxCapsella rubella,Botany
1085774,xxArabis glabra var. furcatipilis,Botany
1085775,xxArabis glabra var. glabra,Botany
1086031,xxCardamine nymanii,Botany
1086036,xxCardamine parviflora var. arenicola,Botany
1086044,xxCardamine pratensis var. pratensis,Botany
1085389,xxPopulus balsamifera subsp. balsamifera,Botany
1085056,xxViola viarum,Botany
1085726,xxArabis alpina var. alpina,Botany
1085727,xxArabis alpina var. glabrata,Botany
1084913,xxViola floridana,Botany
1085813,xxArabis lyrata var. kamchatica,Botany
1085814,xxArabis lyrata var. lyrata,Botany
1085729,xxArabis arenicola var. arenicola,Botany
1085865,xxArabis shortii var. phalacrocarpa,Botany
1085871,xxArabis sparsiflora var. columbiana,Botany
1083890,xxRumex fascicularis,Botany
1083891,xxRumex floridanus,Botany
1085473,xxSalix coactilis,Botany
1085937,xxBraya humilis subsp. richardsonii,Botany
1085938,xxBraya humilis subsp. ventosa,Botany
1085939,xxBraya intermedia,Botany
1085942,xxBraya novae-angliae subsp. abbei,Botany
1084941,xxViola maccabeana,Botany
1082396,xxLewisia pygmaea subsp. glandulosa,Botany
1082422,xxMontia rivularis,Botany
1082413,xxMontia fontana subsp. fontana,Botany
1082415,xxMontia hallii,Botany
1082418,xxMontia minor,Botany
1083756,xxPolygonum confertiflorum,Botany
1083772,xxPolygonum fusiforme,Botany
1083792,xxPolygonum montereyense,Botany
1083795,xxPolygonum newberryi,Botany
1082890,xxSilene acaulis var. subacaulescens,Botany
1083844,xxPolygonum texense,Botany
1083845,xxPolygonum triandrum,Botany
1083929,xxRumex pratensis,Botany
1083934,xxRumex rugosus,Botany
1083944,xxRumex subalpinus,Botany
1083945,xxRumex tenuifolius,Botany
1083965,xxArmeria maritima subsp. sibirica,Botany
1088082,xxHeuchera flabellifolia var. subsecta,Botany
1088109,xxHeuchera parvifolia var. arizonica,Botany
1088110,xxHeuchera parvifolia var. flavescens,Botany
1088113,xxHeuchera parvifolia var. nivalis,Botany
1088116,xxHeuchera parvifolia var. utahensis,Botany
1089948,xxMimosaceae,Botany
1088902,xxDryas integrifolia subsp. chamissonis,Botany
1089593,xxRubus glandicaulis,Botany
1091834,xxMimosa laxiflora,Botany
1089617,xxRubus idaeus subsp. sachalinensis,Botany
1091888,xxOxytropis bellii,Botany
1090067,xxApios americana var. turrigera,Botany
1087767,xxPrimula tschuktschorum subsp. cairnsiana,Botany
1088033,xxChrysosplenium wrightii var. beringianum,Botany
1088076,xxHeuchera duranii,Botany
1087798,xxWeinmannia,Botany
1089162,xxPotentilla concinna var. rubripes,Botany
1088559,xxAgrimonia bicknellii,Botany
1087635,xxAndrosace septentrionalis var. puberulenta,Botany
1087638,xxAndrosace septentrionalis var. subulifera,Botany
1089881,xxSpiraea densiflora subsp. splendens,Botany
1085755,xxArabis divaricarpa var. stenocarpa,Botany
1089252,xxPotentilla pensylvanica var. pectinata,Botany
1089255,xxPotentilla pensylvanica var. virgulata,Botany
1088034,xxChrysosplenium wrightii var. wrightii,Botany
1096490,xxChondrophylla,Botany
1096651,xxAmsonia hirtella,Botany
1095032,xxRhus aromatica var. arenaria,Botany
1095034,xxRhus aromatica var. serotina,Botany
1095052,xxRhus trilobata var. racemulosa,Botany
1094324,xxCeanothus americanus var. americanus,Botany
1100205,xxCallitriche verna,Botany
1103893,xxAntennaria manicouagana,Botany
1100305,xxPolypremum,Botany
1104196,xxSymphyotrichum dumosum var. strictior,Botany
1096571,xxGentianella tenella subsp. pribilofii,Botany
1096572,xxGentianella tenella subsp. tenella,Botany
1096729,xxPlumeria krugii,Botany
1105933,xxAgeratina altissima var. angustata,Botany
1106595,xxHieracium kalmii var. fasciculatum,Botany
1104620,xxBidens waianensis,Botany
1104658,xxBrachyactis,Botany
1104662,xxBradburia,Botany
1105319,xxDendranthema arcticum subsp. polare,Botany
1106070,xxGnaphalium norvegicum,Botany
1104511,xxBidens coronata,Botany
1104540,xxBidens frondosa f. anomala,Botany
1104007,xxArnica parryi subsp. sonnei,Botany
1103803,xxAgoseris gaspensis,Botany
1104078,xxArtemisia ludoviciana subsp. redolens,Botany
1104079,xxArtemisia ludoviciana subsp. sulcata,Botany
1104080,xxArtemisia macrobotrys,Botany
1104112,xxArtemisia tilesii subsp. elatior,Botany
1104113,xxArtemisia tilesii subsp. gormanii,Botany
1103873,xxAntennaria acuta,Botany
1104283,xxAster nahanniensis,Botany
1103977,xxArnica amplexicaulis,Botany
1103910,xxAntennaria petaloidea,Botany
1103960,xxArgyroxiphium forbesii,Botany
1111346,xxCalamovilfa Southworth,Botany
1110047,xxCarex raymondii,Botany
1111945,xxFestuca richardsonii,Botany
1111952,xxFestuca rubra var. mutica,Botany
1111954,xxFestuca rubra var. rubra f. prolifera,Botany
1110247,xxCladium jamaicense,Botany
1110248,xxCladium leptostachyum,Botany
1110411,xxCyperus strigosus var. capitatus,Botany
1110413,xxCyperus strigosus var. robustior,Botany
1110414,xxCyperus strigosus var. stenolepis,Botany
1110790,xxScirpus setaceus,Botany
1110795,xxScirpus tuberosus,Botany
1110161,xxCarex supergoodenoughii,Botany
1110867,xxAgrostis alaskana,Botany
1110868,xxAgrostis altissima,Botany
1110515,xxEriophorum angustifolium subsp. scabriusculum,Botany
1110744,xxScirpus californicus,Botany
1110751,xxScirpus cubensis,Botany
1110763,xxScirpus hallii,Botany
1111493,xxDeschampsia cespitosa subsp. cespitosa var. glauca,Botany
1111496,xxDeschampsia congestiformis,Botany
1110782,xxScirpus pumilus,Botany
1110785,xxScirpus robustus,Botany
1110854,xxAgropyron cristatum subsp. pectinatum,Botany
1111289,xxCalamagrostis californica,Botany
1111297,xxCalamagrostis crassiglumis,Botany
1111298,xxCalamagrostis densa,Botany
1111301,xxCalamagrostis fernaldii,Botany
1111306,xxCalamagrostis hyperborea,Botany
1111311,xxCalamagrostis labradorica,Botany
1111312,xxCalamagrostis lactea,Botany
1111470,xxDanthonia canadensis,Botany
1110888,xxAgrostis exarata var. monolepis,Botany
1110889,xxAgrostis exarata var. pacifica,Botany
1110542,xxEriophorum sorensenii,Botany
1111235,xxBromus inermis subsp. pumpellianus var. pumpellianus,Botany
1112777,xxPuccinellia distans subsp. borealis,Botany
1112785,xxPuccinellia interior,Botany
1110596,xxHemicarpha occidentalis,Botany
1110951,xxAlopecurus howellii,Botany
1111317,xxCalamagrostis lapponica var. sibirica,Botany
1111318,xxCalamagrostis laricina,Botany
1111319,xxCalamagrostis lepageana,Botany
1111326,xxCalamagrostis poluninii,Botany
1111336,xxCalamagrostis scribneri,Botany
1109491,xxCarex acutinella,Botany
1109386,xxJuncus subcaudatus var. planisepalus,Botany
1107576,xxPrenanthes racemosa subsp. racemosa,Botany
1109747,xxCarex gravida var. gravida,Botany
1109748,xxCarex gravida var. lunelliana,Botany
1109489,xxCarex x absconditiformis,Botany
1109764,xxCarex heleonastes subsp. heleonastes,Botany
1109765,xxCarex heleonastes subsp. neurochlaena,Botany
1110987,xxAndropogon spadiceus,Botany
1109516,xxCarex amplisquama,Botany
1109538,xxCarex arenicola,Botany
1108613,xxAlisma plantago-aquatica var. americana,Botany
1109554,xxCarex atrofusca var. atrofusca,Botany
1109555,xxCarex atrofusca var. major,Botany
1112589,xxPhleum pratense var. nodosum,Botany
1107974,xxSolidago bernardii,Botany
1108677,xxElodea longivaginata,Botany
1109565,xxCarex bayardii,Botany
1107791,xxSenecio congestus,Botany
1108367,xxThelesperma pubescens,Botany
1108370,xxThelesperma subnudum var. alpinum,Botany
1108371,xxThelesperma subnudum var. marginatum,Botany
1108122,xxSolidago uliginosa var. levipes,Botany
1108124,xxSolidago uliginosa var. peracuta,Botany
1109721,xxCarex franklinii,Botany
1131162,xxCynosurus,Botany
1131164,xxDactylis,Botany
1131171,xxDigitaria cf. filiformis,Botany
1131172,xxDigitaria sanquinalis,Botany
1131193,xxHierochloe,Botany
1131197,xxHordeum,Botany
1131213,xxLolium,Botany
1131536,xxNolina,Botany
1114342,xxSisyrinchium farwellii,Botany
1130210,xxArisaema,Botany
1131099,xxScleria,Botany
1131116,xxAgropyron,Botany
1131122,xxAira,Botany
1130224,xxCalla,Botany
1130259,xxLysichiton camtschatense,Botany
1131289,xxTrisetum,Botany
1131312,xxEriocaulon,Botany
1131355,xxJuncus,Botany
1130298,xxSymplocarpus,Botany
1130056,xxSagittaria engelmanniana,Botany
1130057,xxSagittaria graminea,Botany
1130062,xxSagittaria longirostra,Botany
1131133,xxAnthoxanthum,Botany
1112945,xxSpartina cynosuroides,Botany
1130097,xxTriglochin maritima,Botany
1130100,xxPotamogeton,Botany
1131145,xxBromus,Botany
1131148,xxCalamagrostis,Botany
1131150,xxCenchrus,Botany
1131155,xxCoix lacniuna-jobi,Botany
1112997,xxSporobolus tharpii,Botany
1113008,xxStipa californica,Botany
1113075,xxTorreyochloa pauciflora var. microtheca,Botany
1113528,xxAllium sibiricum,Botany
1114906,xxPlatanthera albida var. straminea,Botany
1132935,xxCampanula americana,Botany
1133653,xxSwertia perennis,Botany
1132695,xxHelenium,Botany
1132698,xxHelianthella,Botany
1137486,xxSalix amygdaloides,Botany
1135314,xxPedicularis arctica,Botany
1132700,xxHemizonia,Botany
1133637,xxSabatia kennedyana,Botany
1136512,xxArctostaphylos alpina,Botany
1135249,xxCymbalaria,Botany
1135086,xxPinguicula lutea,Botany
1137924,xxCoccinia grandis,Botany
1134077,xxPhlox,Botany
1135098,xxUtricularia foliosa,Botany
1136042,xxEutrema,Botany
1132705,xxHymenoxys,Botany
1137023,xxMalvastrum,Botany
1137028,xxMalvaviscus arboreus var. mexicanus,Botany
1137515,xxSalix lasiandra,Botany
1132734,xxTetraneuris,Botany
1135444,xxAmaranthus viridis,Botany
1137874,xxCistus sp.,Botany
1137875,xxHelianthemum,Botany
1135169,xxMenodora,Botany
1136546,xxGaylussacia,Botany
1136550,xxKalmia latifolia,Botany
1135763,xxTalinum,Botany
1135127,xxProboscidea,Botany
1136098,xxRorippa hispida,Botany
1136112,xxSmelowskia calycina var. americana,Botany
1136875,xxHuaceae,Botany
1137889,xxHudsonia,Botany
1136579,xxPhyllodoce coerulea,Botany
1136580,xxPhyllodoce empetriformis,Botany
1136588,xxRhododendron arborescens,Botany
1136589,xxRhododendron canadense,Botany
1136591,xxRhododendron lapponicum,Botany
1133484,xxChelonanthus iridiflorus,Botany
1137846,xxAchariaceae,Botany
1137849,xxAncistrocladaceae,Botany
1137854,xxBegonia,Botany
1137865,xxCarica sp.,Botany
1137893,xxLechea intermedia,Botany
1137894,xxLechea maritima,Botany
1137898,xxLechea racemulosa,Botany
1137902,xxCochlospermum vitifolium,Botany
1137906,xxAnguria,Botany
1137908,xxApodanthera,Botany
1137916,xxCayaponia racemosa,Botany
1135540,xxCerastium vulgatum,Botany
1132538,xxGymnosperma,Botany
1133285,xxPlumeria,Botany
1133287,xxPrestonia,Botany
1132891,xxCichorium,Botany
1132893,xxHedypnois,Botany
1132864,xxTussilago,Botany
1132899,xxLactuca,Botany
1133806,xxCallitriche verna,Botany
1135527,xxArenaria obtusiloba,Botany
1133612,xxLomatogonium carinthiacum var. stelleriana,Botany
1132573,xxAmberboa,Botany
1132575,xxArctium,Botany
1132577,xxCarduus,Botany
1132580,xxCentaurea,Botany
1132591,xxBrickellia,Botany
1132304,xxCypripedium calceolus var. parviflorum,Botany
1135297,xxMimulus glutinosum,Botany
1135299,xxMimulus lewisii,Botany
1135562,xxLychnis alba,Botany
1135564,xxLychnis drummondii,Botany
1135567,xxMelandrium apetalum,Botany
1135569,xxMinuartia,Botany
1135577,xxSagina,Botany
1134047,xxMenyanthes,Botany
1132904,xxSonchus,Botany
1132918,xxArtemisia sp.,Botany
1132920,xxChrysothamnus sp.,Botany
1132923,xxFacelis,Botany
1133845,xxLamium,Botany
1132611,xxAgarista,Botany
1132613,xxAmblyolepis,Botany
1132632,xxBaileya,Botany
1132635,xxBidens,Botany
1132639,xxChrysactinia,Botany
1132644,xxClibadium,Botany
1132288,xxCalypso,Botany
1131567,xxBrodiaea douglasii,Botany
1132416,xxSpiranthes grayii,Botany
1132058,xxLloydia,Botany
1132062,xxMaianthemum,Botany
1132670,xxEchinacea,Botany
1132674,xxEncelia,Botany
1132683,xxFlaveria,Botany
1132691,xxGalinsoga,Botany
1132449,xxRudbeckia,Botany
1133137,xxAlyxia,Botany
1133140,xxAmsonia ilustris,Botany
1134383,xxGalium sp.,Botany
1132111,xxSmilacina racemosa,Botany
1132115,xxStreptopus,Botany
1133389,xxGonolobus,Botany
1133393,xxHoya,Botany
1132843,xxEmilia,Botany
1133771,xxLithospermum ruderale,Botany
1133899,xxPhryma,Botany
1133741,xxSpigelia,Botany
1133743,xxStrychnaceae,Botany
1130314,xxLemna,Botany
1130318,xxSpirodela,Botany
1132088,xxPolygonatum,Botany
1132102,xxSchoenocaulon,Botany
1132796,xxAntennaria,Botany
1133707,xxLabordia tinifolia var. tinifolia,Botany
1133455,xxBartonia,Botany
1133730,xxPotaliaceae,Botany
1133737,xxMitreola,Botany
1132523,xxErigeron filifolius,Botany
1132532,xxGrindelia,Botany
1132483,xxCotula,Botany
1132493,xxBerkheya,Botany
1134159,xxSolanum tuberosum,Botany
1134819,xxRuellia,Botany
1131921,xxAsparagus,Botany
1131084,xxRhynchospora,Botany
1133202,xxEchites,Botany
1132814,xxHelichrysum,Botany
1132829,xxArnica,Botany
1133335,xxThevetia merriifolia,Botany
1133339,xxTrachelospermum jasminoiodes,Botany
1133353,xxAsclepias curvassavica,Botany
1133362,xxCryptostegia,Botany
1133212,xxFuntumia,Botany
1132607,xxActinea,Botany
1133252,xxOchrosia,Botany
1131065,xxEriophorum spissum,Botany
1131066,xxFimbristylis,Botany
1133677,xxVoyria,Botany
1133688,xxGelsemium,Botany
1133547,xxGentiana amarella acuta,Botany
1133581,xxHalenia,Botany
1132357,xxGoodyera sp.,Botany
1133597,xxLeiphaimos parasitica,Botany
1133600,xxLisianthus,Botany
1133101,xxValeriana,Botany
1133106,xxValerianella,Botany
1133110,xxAntoniaceae,Botany
1143772,xxDesmodium canadense,Botany
1142192,xxElaeagnus,Botany
1142195,xxShepherdia,Botany
1137976,xxPsiguria,Botany
1139147,xxCinnamomum sp.,Botany
1143941,xxLathyrus maritimus,Botany
1143943,xxLathyrus nevadensis var. pilosellus,Botany
1143947,xxLathyrus venosus var. intonsus,Botany
1137984,xxSechium,Botany
1140351,xxArgythamnia,Botany
1138284,xxAlnus rugosa,Botany
1138289,xxBetula alleghaniensis,Botany
1138293,xxBetula lenta,Botany
1137987,xxSicana odorifera,Botany
1137989,xxSicyos angulatus,Botany
1137999,xxDatisca glomerata,Botany
1138007,xxBanara,Botany
1143990,xxHedysarum mackenzii,Botany
1138321,xxCorylus americana f. missouriensis,Botany
1138323,xxCorylus californica,Botany
1138328,xxCorylus rostrata,Botany
1138329,xxCorylus sp.,Botany
1138722,xxMyrica sp.,Botany
1138088,xxXylosma flexuosum,Botany
1138093,xxFouquieria,Botany
1138097,xxFrankenia,Botany
1138112,xxMentzelia,Botany
1138115,xxPetalonyx,Botany
1139743,xxAnemone narcissiflora interior,Botany
1139749,xxAquilegia,Botany
1139824,xxThalictrum polygamum,Botany
1141050,xxLantana,Botany
1140923,xxMyosotis alpestris asiaticae,Botany
1136417,xxEmpetrum rubrum,Botany
1135001,xxGomphostigma virgatum,Botany
1135780,xxArmeria maritima var. labradorica,Botany
1135834,xxOxyria digyma,Botany
1135841,xxRumex mexicanus,Botany
1135354,xxVeronica,Botany
1135372,xxAchatocarpaceae,Botany
1139721,xxAconitum delphinifolium delphinifolium,Botany
1139722,xxActaea,Botany
1136120,xxThlaspi,Botany
1138022,xxCasearia guianensis,Botany
1138025,xxCasearia sylvestris,Botany
1139906,xxPaxistima myrisiniter,Botany
1135805,xxPolygonum amphibium var. stipulaceum,Botany
1136612,xxMonotropa,Botany
1136618,xxPterospora,Botany
1137544,xxDrosera angelica,Botany
1139415,xxPapaver radicatum,Botany
1138186,xxGloeospermum sp.,Botany
1138187,xxHybanthus,Botany
1138209,xxViola epipsila repens,Botany
1139359,xxNymphaea,Botany
1138033,xxDovyalis,Botany
1138039,xxFlacourtia indica,Botany
1138044,xxHomalium,Botany
1138056,xxLaetia,Botany
1138059,xxLeatia procera,Botany
1138738,xxCannabis,Botany
1136623,xxChimaphila,Botany
1136626,xxMoneses,Botany
1136630,xxOrthilia secunda secunda,Botany
1136631,xxOrthilia secunda var. obtusata,Botany
1137933,xxCucumis dipsaceus,Botany
1137937,xxCucurbita foetidissima,Botany
1137938,xxCucurbita pepo,Botany
1137939,xxCucurbita sp.,Botany
1137950,xxElaterium,Botany
1137954,xxFrantzia,Botany
1135233,xxCalceolaria,Botany
1135974,xxBerteroa incana,Botany
1135985,xxBraya purpurascens,Botany
1137961,xxLagenaria siceraria,Botany
1135585,xxSilene acaulis var. subacaulescens,Botany
1135964,xxArabis glabra,Botany
1135968,xxArabis lyallii,Botany
1137690,xxTriadenum,Botany
1138215,xxViola pensylvanica,Botany
1138216,xxViola rugulosa,Botany
1138217,xxViola sp.,Botany
1135351,xxVerbascum,Botany
1135989,xxCapsella bursa,Botany
1136011,xxDentaria diphylla,Botany
1136012,xxDescurainia,Botany
1146714,xxTortula muralis,Botany
1146715,xxTortula sp.,Botany
1146730,xxRhytidium,Botany
1146476,xxDiscelium,Botany
1147131,xxPicea sonomensis,Botany
1147134,xxMetasequoia sp.,Botany
1147148,xxTaxus,Botany
1146751,xxSphagnum imbricatum,Botany
1147805,xxDicksonites sp.,Botany
1147809,xxTrichipteris corcovadensis,Botany
1147811,xxLophosoria,Botany
1144391,xxRubus acaulis,Botany
1144394,xxRubus chamaemoris,Botany
1144401,xxSanguisorba,Botany
1144411,xxSpiraea beauverdiana,Botany
1144413,xxSpiraea densiflora,Botany
1144417,xxSpiraea lucida,Botany
1144807,xxAcer negundo,Botany
1144808,xxAcer negundo var. negundo,Botany
1148641,xxPecopteris sp.,Botany
1146077,xxZizia,Botany
1146522,xxAnacamptodon,Botany
1146524,xxFabronia,Botany
1144439,xxMitella,Botany
1144155,xxRhynchosia tomentosa,Botany
1147245,xxGinkgo adiantoides,Botany
1147248,xxGinkgoites dissecta,Botany
1144763,xxGeocaulon,Botany
1144467,xxSaxifraga rivularis,Botany
1146503,xxBryobrittonia longipes,Botany
1144809,xxAcer nigrum,Botany
1147859,xxDennstaedtia punctilobula,Botany
1147861,xxDennstaedtia sp.,Botany
1147871,xxHypolepis repens,Botany
1147874,xxMicrolepia,Botany
1146520,xxEphemerum serratum,Botany
1146533,xxFontinalis,Botany
1147592,xxPolystichum mohrioides,Botany
1147602,xxTectaria,Botany
1147606,xxWoodsia,Botany
1146542,xxPhyscomitrella,Botany
1146549,xxGrimmia,Botany
1146560,xxHookeria,Botany
1146861,xxChamaecyparis,Botany
1146577,xxHypnum hamulosum,Botany
1147885,xxPteridium,Botany
1144269,xxAronia,Botany
1144271,xxAruncus,Botany
1146380,xxHomalothecium,Botany
1144282,xxCrataegus mollis,Botany
1148200,xxPolypodium phymatoides,Botany
1148203,xxPolypodium scolopendria,Botany
1148208,xxPolypodium spectrum,Botany
1146630,xxCinclidium latifolium,Botany
1146631,xxCinclidium sp.,Botany
1146643,xxNeckera,Botany
1148209,xxPolypodium tamariscinum,Botany
1148231,xxAdiantum capillusveneris,Botany
1148233,xxAdiantum jordani,Botany
1146653,xxPlagiothecium,Botany
1146342,xxArchidium,Botany
1146346,xxAulacomnium acuminatum,Botany
1146348,xxAulacomnium sp.,Botany
1146351,xxBartramia,Botany
1146367,xxBrachythecium,Botany
1146370,xxEurhynchium riparioides,Botany
1146372,xxEurhynchium sp.,Botany
1147583,xxPolybotrya,Botany
1147586,xxPolystichum,Botany
1146386,xxRhynchostegium,Botany
1144755,xxComandra livida,Botany
1144757,xxComandra richardsiana,Botany
1146675,xxPolytrichum sp.,Botany
1146677,xxPsilopilum,Botany
1146679,xxAcaulon,Botany
1146681,xxAloina,Botany
1146694,xxEucladium,Botany
1146415,xxPohlia,Botany
1146420,xxRhodobryum,Botany
1184393,xxCalamagrostis purpurascens subsp. arctica,Botany
1146268,xxDrepanocladus pseudostramineus,Botany
1146272,xxHygrohypnum sp.,Botany
1142530,xxCeanothus,Botany
1142537,xxColubrina,Botany
1146444,xxBrachydontium,Botany
1142700,xxCrassula aquatica,Botany
1146449,xxCynodontium polycarpum,Botany
1146462,xxDicranum leioneuron,Botany
1146465,xxOreas,Botany
1146469,xxTrematodon,Botany
1142754,xxSedum sp.,Botany
1142630,xxVitis acerfolia,Botany
1142632,xxVitis cinerea,Botany
1142634,xxVitis labrusca,Botany
1142637,xxVitis tiliifolia,Botany
1146777,xxMyurella tenerrima,Botany
1144332,xxPhotinia,Botany
1146791,xxTimmia,Botany
1146797,xxTimmia megapolitana var. bavarica,Botany
1142721,xxRhodiola,Botany
1142731,xxSedum annum,Botany
1144356,xxPotentilla pensylvanica var. strigosa,Botany
1144367,xxPrunus melanocarpa,Botany
1145984,xxCicuta,Botany
1146770,xxTetraplodon,Botany
1146286,xxCalliergon sp.,Botany
1146312,xxDrepanocladus crassicostatus,Botany
1146314,xxDrepanocladus lycopodioides,Botany
1146316,xxDrepanocladus revolvens,Botany
1146284,xxCalliergon richardsonii,Botany
1141726,xxEpilobium sp.,Botany
1143878,xxPsoralea,Botany
1141016,xxMentha piperita,Botany
1141022,xxMonarda fistulosa var. menthaefolia,Botany
1141702,xxCalylophus serrulatus,Botany
1146995,xxPinus flexilis,Botany
1146997,xxPinus monticala,Botany
1143849,xxOxytropis sericea var. spicata,Botany
1143850,xxOxytropis terrae-novae,Botany
1142857,xxRibes grossularia,Botany
1143914,xxVicia,Botany
1141541,xxMetrosideros,Botany
1146249,xxSphenophyllum sp.,Botany
1185543,xxElymus diversiglumis,Botany
1147496,xxPsilotum nudum,Botany
1147498,xxPsilotum triquetrum,Botany
1147449,xxIsoetes lithophila,Botany
1147472,xxSelaginella kraussiana,Botany
1147542,xxArachniodes,Botany
1147546,xxCyclopeltis,Botany
1147548,xxCyrtomium,Botany
1147550,xxDryopteris,Botany
1147559,xxDryopteris linnaeana,Botany
1147562,xxDryopteris spinulosa,Botany
1147567,xxLastreopsis,Botany
1147573,xxMatteuccia,Botany
1147576,xxOnoclea,Botany
1147318,xxFossombronia,Botany
1148376,xxAzolla,Botany
1147635,xxPhyllitis scolopendrium var. americanum,Botany
1147638,xxAthyrium alpestre,Botany
1147893,xxSaccoloma domingense,Botany
1147896,xxSaccoloma inaequale,Botany
1147899,xxCibotium,Botany
1147738,xxDoodia sp.,Botany
1147930,xxLindsaeaceae,Botany
1147336,xxTargionia,Botany
1148003,xxDicranopteris,Botany
1148013,xxGleichenia bifida,Botany
1148027,xxSticherus,Botany
1148035,xxCallistopteris baldwinii,Botany
1147303,xxBucegia,Botany
1147305,xxPreissia,Botany
1147308,xxRiccia,Botany
1147311,xxAneuraceae,Botany
1147315,xxPeltolepis,Botany
1147397,xxLepidodendron cf. latifolium,Botany
1147409,xxLepidolphloios sp.,Botany
1147421,xxSigillaria sp.,Botany
1147426,xxStigmaria sp.,Botany
1147428,xxSyringodendron sp.,Botany
1148196,xxPolypodium lineare,Botany
1147613,xxAsplenium,Botany
1147630,xxAsplenium viride,Botany
1147640,xxAthyrium angustum,Botany
1147641,xxAthyrium asplenoides,Botany
1147647,xxAthyrium filix-femina cyclosorum,Botany
1147649,xxAthyrium japonicum,Botany
1147652,xxAthyrium pycnocarpum,Botany
1147709,xxThelypteris,Botany
1147725,xxBlechnum occidentalis,Botany
1148064,xxMarsilea,Botany
1147666,xxDiplazium,Botany
1147740,xxLorinseria areolata,Botany
1147743,xxSadleria,Botany
1147747,xxStenochlaena,Botany
1148178,xxMicrogramma,Botany
1148180,xxMicrosorium,Botany
1148518,xxOsmunda sp.,Botany
1184545,xxAchnatherum richardsonii,Botany
1185700,xxMicranthes foliolosa,Botany
1185587,xxJuncus ensifolius var. ensifolius,Botany
1169911,xxFestuca rubra subsp. richardsonii,Botany
1166919,xxGoniophlebium triseriale,Botany
1167223,xxArnica frigida,Botany
1171064,xxAntennaria media subsp. compacta,Botany
1166932,xxTrimorpha acris var. kamtschatica,Botany
1166475,xxAntennaria compacta,Botany
1165891,xxArctophila tricopoda,Botany
1182116,xxCardamine pratensis subsp. polemonioides var. angustifolia,Botany
1174491,xxHieracium kalmii var. subintegrum,Botany
1175984,xxArnica lonchophylla subsp. lonchophylla,Botany
1172624,xxArabis boivinii,Botany
1171006,xxJuncus alpinoarticulatus subsp. nodulosus,Botany
1169806,xxAgropyron latiglume,Botany
1169028,xxNeobeckia aquatica,Botany
1170944,xxAndropogon capillipes,Botany
1179664,xxDraba incerta var. peasei,Botany
1010542,xxJungermannia exsertifolia var. pendletonii,Botany
1178928,xxPedicularis arctica,Botany
1009318,xxAnoectangium tenuinerve,Botany
1175687,xxJuncus pylaei,Botany
1010148,xxGrimmia pulvinata var. africana,Botany
1108487,xxVernonia fasciculata subsp. corymbosa,Botany
1107575,xxPrenanthes racemosa subsp. multiflora,Botany
1143490,xxGymnocladus dioica,Botany
1082414,xxMontia fontana subsp. variabilis,Botany
1096692,xxCatharanthus,Botany
1146505,xxEncalypta alpina,Botany
1135298,xxMimulus guttatus,Botany
1138020,xxCasearia arborea,Botany
1144756,xxComandra pallida,Botany
1108125,xxSolidago uliginosa var. terrae-novae,Botany
1131027,xxXyris indica,Botany
1133358,xxCalotropis,Botany
1137944,xxEchinocystis,Botany
1137953,xxFevillea cordifolia,Botany
1135970,xxBarbarea,Botany
1096595,xxLeiphaimos,Botany
1103888,xxAntennaria gaspensis,Botany
1086212,xxDraba glabella var. pycnosperma,Botany
1079809,xxCaltha leptosepala subsp. howellii,Botany
1087627,xxAndrosace chamaejasme subsp. chamaejasme var. arctica,Botany
1087634,xxAndrosace septentrionalis var. glandulosa,Botany
1087639,xxAndrosace septentrionalis var. subumbellata,Botany
1104104,xxArtemisia rupestris subsp. woodii,Botany
1085812,xxArabis lyrata var. glabra,Botany
1078190,xxAsplenium sintenisii,Botany
1089159,xxPotentilla concinna var. macounii,Botany
1085873,xxArabis sparsiflora var. subvillosa,Botany
1080599,xxCeltis occidentalis var. canina,Botany
1079726,xxAnemone multifida var. hudsoniana f. sanguinea,Botany
1009650,xxAnisothecium crispum,Botany
1193947,xxCephalozia extensa,Botany
1193977,xxCephalozia multiflora,Botany
1194060,xxSolenostoma gracillimum,Botany
1194086,xxChiloscyphus cuspidatus,Botany
1194360,xxSolenostoma rubrum,Botany
1187737,xxCalypogeia meylanii,Botany
1187541,xxCalamagrostis neglecta,Botany
1193994,xxCephaloziella starkei,Botany
1147579,xxPhanerophlebia,Botany
1192239,xxPohlia beringiense,Botany
1192243,xxCentaurium muehlenbergii,Botany
1193635,xxSolenostoma crenulatum,Botany
1133302,xxRhabdadenia,Botany
1187369,xxCarex ÌÑgardneri,Botany
1144312,xxLuetkea,Botany
1146720,xxCampylostelium,Botany
1146762,xxSphagnum sp.,Botany
1136025,xxDraba corrugata,Botany
1146616,xxMeesia longiseta,Botany
1147676,xxBolbitis,Botany