speckey,language,taxon_name,reference_number,scientific_name,male_single_parent,broader_key1,female_multi_parent,broader_key2,hierarchy_level,level_text,source,source_date,identification,description,habitat,range_distribution,endangered_status,status_note,remarks,note,info_history,modified,guide_term,publish,sort_number,option1,flag1,flag2,created_by,create_date,updated_by,update_date
1132464,eng,Botany,,xxAnthemus cotula,"Plantae; Anthophyta; Coniferophyta; Magnoliatae; xxAsteridae; xxAsterales; xxCompositae; Asteroideae, Anthemideae; xxAnthemus",1132463,,,29,species,,,,,,,,,,,,false,false,false,,,false,false,CONVERSION,1999-04-23 02:52:29 UTC,XGVIEWS,2016-10-27 13:48:04 UTC,1132464,1,XXANTHEMUS COTULA,,,,,,,,,,,,,,,,,,,,,
1132479,eng,Botany,,xxCentipeda orbicularis,"Plantae; Anthophyta; Coniferophyta; Magnoliatae; xxAsteridae; xxAsterales; xxCompositae; Asteroideae, Anthemideae; xxCentipeda",1132478,,,29,species,,,,,,,,,,,,false,false,false,,,false,false,CONVERSION,1999-04-23 02:52:31 UTC,XGVIEWS,2016-10-27 13:48:04 UTC,1132479,1,XXCENTIPEDA ORBICULARIS,,,,,,,,,,,,,,,,,,,,,
1132482,eng,Botany,,xxChrysanthemum leucanthemum,"Plantae; Anthophyta; Coniferophyta; Magnoliatae; xxAsteridae; xxAsterales; xxCompositae; Asteroideae, Anthemideae; xxChrysanthemum",1132480,,,29,species,L.,,,,,,,,L.,,,false,false,false,,,false,false,CONVERSION,1999-04-23 02:52:31 UTC,XGVIEWS,2016-10-27 13:48:04 UTC,1132482,1,XXCHRYSANTHEMUM LEUCANTHEMUM,,,,,,,,,,,,,,,,,,,,,
1132483,eng,Botany,,xxCotula,"Plantae; Anthophyta; Coniferophyta; Magnoliatae; xxAsteridae; xxAsterales; xxCompositae; Asteroideae, Anthemideae",1132458,,,23,genus,L.,,,,,,,,,,,false,false,false,,280 Asteraceae,false,false,CONVERSION,1999-04-23 02:52:31 UTC,XGVIEWS,2016-07-29 09:23:01 UTC,1132483,1,XXCOTULA,,,,,,,,,,,,,,,,,,,,,
1132493,eng,Botany,,xxBerkheya,"Plantae; Anthophyta; Coniferophyta; Magnoliatae; xxAsteridae; xxAsterales; xxCompositae; Asteroideae, Arctotideae",1132490,,,23,genus,Ehrhenberg,,,,,,,,Ehrhenberg,,,false,false,false,,280 Asteraceae,false,false,CONVERSION,1999-04-23 02:52:32 UTC,XGVIEWS,2016-07-29 09:23:01 UTC,1132493,1,XXBERKHEYA,,,,,,,,,,,,,,,,,,,,,
1132538,eng,Botany,,xxGymnosperma,"Plantae; Anthophyta; Coniferophyta; Magnoliatae; xxAsteridae; xxAsterales; xxCompositae; Asteroideae, Astereae",1132497,,,23,genus,Lessing,,,,,,,,,,,false,false,false,,280 Asteraceae,false,false,CONVERSION,1999-04-23 02:52:36 UTC,XGVIEWS,2016-07-29 09:23:01 UTC,1132538,1,XXGYMNOSPERMA,,,,,,,,,,,,,,,,,,,,,
1132543,eng,Botany,,xxHaplopappus arborescens,"Plantae; Anthophyta; Coniferophyta; Magnoliatae; xxAsteridae; xxAsterales; xxCompositae; Asteroideae, Astereae; xxHaplopappus",1132542,,,29,species,(Gray) Hall,,,,,,,,(Gray) Hall,,,false,false,false,,,false,false,CONVERSION,1999-04-23 02:52:36 UTC,XGVIEWS,2016-10-27 13:48:05 UTC,1132543,1,XXHAPLOPAPPUS ARBORESCENS,,,,,,,,,,,,,,,,,,,,,
1132544,eng,Botany,,xxHaplopappus fremontii,"Plantae; Anthophyta; Coniferophyta; Magnoliatae; xxAsteridae; xxAsterales; xxCompositae; Asteroideae, Astereae; xxHaplopappus",1132542,,,29,species,Gray,,,,,,,,,,,false,false,false,,280 Asteraceae,false,false,CONVERSION,1999-04-23 02:52:36 UTC,XGVIEWS,2016-10-27 13:48:05 UTC,1132544,1,XXHAPLOPAPPUS FREMONTII,,,,,,,,,,,,,,,,,,,,,
1132512,eng,Botany,,xxConyza apurensis,"Plantae; Anthophyta; Coniferophyta; Magnoliatae; xxAsteridae; xxAsterales; xxCompositae; Asteroideae, Astereae; xxConyza",1132511,,,29,species,,,,,,,,,,,,false,false,false,,,false,false,CONVERSION,1999-04-23 02:52:33 UTC,XGVIEWS,2016-10-27 13:48:05 UTC,1132512,1,XXCONYZA APURENSIS,,,,,,,,,,,,,,,,,,,,,
1132514,eng,Botany,,xxConyza lyrata,"Plantae; Anthophyta; Coniferophyta; Magnoliatae; xxAsteridae; xxAsterales; xxCompositae; Asteroideae, Astereae; xxConyza",1132511,,,29,species,HBK.,,,,,,,,HBK.,,,false,false,false,,,false,false,CONVERSION,1999-04-23 02:52:33 UTC,XGVIEWS,2016-10-27 13:48:05 UTC,1132514,1,XXCONYZA LYRATA,,,,,,,,,,,,,,,,,,,,,
1132532,eng,Botany,,xxGrindelia,"Plantae; Anthophyta; Coniferophyta; Magnoliatae; xxAsteridae; xxAsterales; xxCompositae; Asteroideae, Astereae",1132497,,,23,genus,Willdenow,,,,,,,,,,,false,false,false,,280 Asteraceae,false,false,CONVERSION,1999-04-23 02:52:35 UTC,XGVIEWS,2016-07-29 09:23:01 UTC,1132532,1,XXGRINDELIA,,,,,,,,,,,,,,,,,,,,,
1132536,eng,Botany,,xxGutierrezia sphaerocephala,"Plantae; Anthophyta; Coniferophyta; Magnoliatae; xxAsteridae; xxAsterales; xxCompositae; Asteroideae, Astereae; xxGutierrezia",1132534,,,29,species,A. Gray,,,,,,,,A. Gray,,,false,false,false,,,false,false,CONVERSION,1999-04-23 02:52:35 UTC,XGVIEWS,2016-10-27 13:48:05 UTC,1132536,1,XXGUTIERREZIA SPHAEROCEPHALA,,,,,,,,,,,,,,,,,,,,,
1132537,eng,Botany,,xxGutierrezia texana,"Plantae; Anthophyta; Coniferophyta; Magnoliatae; xxAsteridae; xxAsterales; xxCompositae; Asteroideae, Astereae; xxGutierrezia",1132534,,,29,species,T&G,,,,,,,,T&G,,,false,false,false,,,false,false,CONVERSION,1999-04-23 02:52:35 UTC,XGVIEWS,2016-10-27 13:48:05 UTC,1132537,1,XXGUTIERREZIA TEXANA,,,,,,,,,,,,,,,,,,,,,
1132503,eng,Botany,,xxBaccharis viminea,"Plantae; Anthophyta; Coniferophyta; Magnoliatae; xxAsteridae; xxAsterales; xxCompositae; Asteroideae, Astereae; xxBaccharis",1132500,,,29,species,,,,,,,,,,,,false,false,false,,,false,false,CONVERSION,1999-04-23 02:52:32 UTC,XGVIEWS,2016-10-27 13:48:05 UTC,1132503,1,XXBACCHARIS VIMINEA,,,,,,,,,,,,,,,,,,,,,
1132573,eng,Botany,,xxAmberboa,"Plantae; Anthophyta; Coniferophyta; Magnoliatae; xxAsteridae; xxAsterales; xxCompositae; Asteroideae, Cynareae",1132572,,,23,genus,(Persoon) Less,,,,,,,,(Persoon) Less,,,false,false,false,,280 Asteraceae,false,false,CONVERSION,1999-04-23 02:52:38 UTC,XGVIEWS,2016-07-29 09:23:01 UTC,1132573,1,XXAMBERBOA,,,,,,,,,,,,,,,,,,,,,
1132575,eng,Botany,,xxArctium,"Plantae; Anthophyta; Coniferophyta; Magnoliatae; xxAsteridae; xxAsterales; xxCompositae; Asteroideae, Cynareae",1132572,,,23,genus,L.,,,,,,,,L.,,,false,false,false,,,false,false,CONVERSION,1999-04-23 02:52:39 UTC,XGVIEWS,2016-07-29 09:23:01 UTC,1132575,1,XXARCTIUM,,,,,,,,,,,,,,,,,,,,,
1132577,eng,Botany,,xxCarduus,"Plantae; Anthophyta; Coniferophyta; Magnoliatae; xxAsteridae; xxAsterales; xxCompositae; Asteroideae, Cynareae",1132572,,,23,genus,L.,,,,,,,,L.,,,false,false,false,,,false,false,CONVERSION,1999-04-23 02:52:39 UTC,XGVIEWS,2016-07-29 09:23:01 UTC,1132577,1,XXCARDUUS,,,,,,,,,,,,,,,,,,,,,
1132580,eng,Botany,,xxCentaurea,"Plantae; Anthophyta; Coniferophyta; Magnoliatae; xxAsteridae; xxAsterales; xxCompositae; Asteroideae, Cynareae",1132572,,,23,genus,L.,,,,,,,,L.,,,false,false,false,,,false,false,CONVERSION,1999-04-23 02:52:39 UTC,XGVIEWS,2016-07-29 09:23:01 UTC,1132580,1,XXCENTAUREA,,,,,,,,,,,,,,,,,,,,,
1132591,eng,Botany,,xxBrickellia,"Plantae; Anthophyta; Coniferophyta; Magnoliatae; xxAsteridae; xxAsterales; xxCompositae; Asteroideae, Eupatorieae",1132586,,,23,genus,Ell.,,,,,,,,Ell.,,,false,false,false,,,false,false,CONVERSION,1999-04-23 02:52:40 UTC,XGVIEWS,2016-07-29 09:23:01 UTC,1132591,1,XXBRICKELLIA,,,,,,,,,,,,,,,,,,,,,
1132694,eng,Botany,,xxGymnolomia multiflora,"Plantae; Anthophyta; Coniferophyta; Magnoliatae; xxAsteridae; xxAsterales; xxCompositae; xxAsteroideae, Heliantheae; xxGymnolomia",1132693,,,29,species,,,,,,,,,,,,false,false,false,,,false,false,CONVERSION,1999-04-23 02:52:50 UTC,XGVIEWS,2016-10-27 13:48:05 UTC,1132694,1,XXGYMNOLOMIA MULTIFLORA,,,,,,,,,,,,,,,,,,,,,
1132695,eng,Botany,,xxHelenium,"Plantae; Anthophyta; Coniferophyta; Magnoliatae; xxAsteridae; xxAsterales; xxCompositae; xxAsteroideae, Heliantheae",1132606,,,23,genus,L.,,,,,,,,,,,false,false,false,,280 Asteraceae,false,false,CONVERSION,1999-04-23 02:52:50 UTC,XGVIEWS,2016-07-29 09:23:01 UTC,1132695,1,XXHELENIUM,,,,,,,,,,,,,,,,,,,,,
1132698,eng,Botany,,xxHelianthella,"Plantae; Anthophyta; Coniferophyta; Magnoliatae; xxAsteridae; xxAsterales; xxCompositae; xxAsteroideae, Heliantheae",1132606,,,23,genus,Torrey & Gray,,,,,,,,Torrey & Gray,,,false,false,false,,,false,false,CONVERSION,1999-04-23 02:52:50 UTC,XGVIEWS,2016-07-29 09:23:01 UTC,1132698,1,XXHELIANTHELLA,,,,,,,,,,,,,,,,,,,,,
1132700,eng,Botany,,xxHemizonia,"Plantae; Anthophyta; Coniferophyta; Magnoliatae; xxAsteridae; xxAsterales; xxCompositae; xxAsteroideae, Heliantheae",1132606,,,23,genus,DC.,,,,,,,,DC.,,,false,false,false,,,false,false,CONVERSION,1999-04-23 02:52:50 UTC,XGVIEWS,2016-07-29 09:23:01 UTC,1132700,1,XXHEMIZONIA,,,,,,,,,,,,,,,,,,,,,
1132705,eng,Botany,,xxHymenoxys,"Plantae; Anthophyta; Coniferophyta; Magnoliatae; xxAsteridae; xxAsterales; xxCompositae; xxAsteroideae, Heliantheae",1132606,,,23,genus,Cassini,,,,,,,,Cassini,,,false,false,false,,,false,false,CONVERSION,1999-04-23 02:52:51 UTC,XGVIEWS,2016-07-29 09:23:01 UTC,1132705,1,XXHYMENOXYS,,,,,,,,,,,,,,,,,,,,,
1132734,eng,Botany,,xxTetraneuris,"Plantae; Anthophyta; Coniferophyta; Magnoliatae; xxAsteridae; xxAsterales; xxCompositae; xxAsteroideae, Heliantheae",1132606,,,23,genus,E. Greene,,,,,,,,E. Greene,,,false,false,false,,,false,false,CONVERSION,1999-04-23 02:52:53 UTC,XGVIEWS,2016-07-29 09:23:01 UTC,1132734,1,XXTETRANEURIS,,,,,,,,,,,,,,,,,,,,,
1132739,eng,Botany,,xxThelesperma trifidum,"Plantae; Anthophyta; Coniferophyta; Magnoliatae; xxAsteridae; xxAsterales; xxCompositae; xxAsteroideae, Heliantheae; xxThelesperma",1132736,,,29,species,,,,,,,,,,,,false,false,false,,,false,false,CONVERSION,1999-04-23 02:52:53 UTC,XGVIEWS,2016-10-27 13:48:05 UTC,1132739,1,XXTHELESPERMA TRIFIDUM,,,,,,,,,,,,,,,,,,,,,
1132745,eng,Botany,,xxVerbesina helianthoides,"Plantae; Anthophyta; Coniferophyta; Magnoliatae; xxAsteridae; xxAsterales; xxCompositae; xxAsteroideae, Heliantheae; xxVerbesina",1132742,,,29,species,Michaux,,,,,,,,Michaux,,,false,false,false,,,false,false,CONVERSION,1999-04-23 02:52:54 UTC,XGVIEWS,2016-10-27 13:48:05 UTC,1132745,1,XXVERBESINA HELIANTHOIDES,,,,,,,,,,,,,,,,,,,,,
1132747,eng,Botany,,xxVerbesina longifolia,"Plantae; Anthophyta; Coniferophyta; Magnoliatae; xxAsteridae; xxAsterales; xxCompositae; xxAsteroideae, Heliantheae; xxVerbesina",1132742,,,29,species,Gray,,,,,,,,Gray,,,false,false,false,,,false,false,CONVERSION,1999-04-23 02:52:54 UTC,XGVIEWS,2016-10-27 13:48:05 UTC,1132747,1,XXVERBESINA LONGIFOLIA,,,,,,,,,,,,,,,,,,,,,
1132749,eng,Botany,,xxVerbesina nana,"Plantae; Anthophyta; Coniferophyta; Magnoliatae; xxAsteridae; xxAsterales; xxCompositae; xxAsteroideae, Heliantheae; xxVerbesina",1132742,,,29,species,(Gray) Rob. & Greenm.,,,,,,,,(Gray) Rob. & Greenm.,,,false,false,false,,,false,false,CONVERSION,1999-04-23 02:52:55 UTC,XGVIEWS,2016-10-27 13:48:05 UTC,1132749,1,XXVERBESINA NANA,,,,,,,,,,,,,,,,,,,,,
1132753,eng,Botany,,xxVerbesina virginica,"Plantae; Anthophyta; Coniferophyta; Magnoliatae; xxAsteridae; xxAsterales; xxCompositae; xxAsteroideae, Heliantheae; xxVerbesina",1132742,,,29,species,L.,,,,,,,,L.,,,false,false,false,,,false,false,CONVERSION,1999-04-23 02:52:55 UTC,XGVIEWS,2016-10-27 13:48:05 UTC,1132753,1,XXVERBESINA VIRGINICA,,,,,,,,,,,,,,,,,,,,,
1132750,eng,Botany,,xxVerbesina oreophila,"Plantae; Anthophyta; Coniferophyta; Magnoliatae; xxAsteridae; xxAsterales; xxCompositae; xxAsteroideae, Heliantheae; xxVerbesina",1132742,,,29,species,Woot. & Standl.,,,,,,,,Woot. & Standl.,,,false,false,false,,,false,false,CONVERSION,1999-04-23 02:52:55 UTC,XGVIEWS,2016-10-27 13:48:05 UTC,1132750,1,XXVERBESINA OREOPHILA,,,,,,,,,,,,,,,,,,,,,
1132611,eng,Botany,,xxAgarista,"Plantae; Anthophyta; Coniferophyta; Magnoliatae; xxAsteridae; xxAsterales; xxCompositae; xxAsteroideae, Heliantheae",1132606,,,23,genus,DC.,,,,,,,,,,,false,false,false,,,false,false,CONVERSION,1999-04-23 02:52:41 UTC,XGVIEWS,2016-07-29 09:23:01 UTC,1132611,1,XXAGARISTA,,,,,,,,,,,,,,,,,,,,,
1132613,eng,Botany,,xxAmblyolepis,"Plantae; Anthophyta; Coniferophyta; Magnoliatae; xxAsteridae; xxAsterales; xxCompositae; xxAsteroideae, Heliantheae",1132606,,,23,genus,DC.,,,,,,,,DC.,,,false,false,false,,,false,false,CONVERSION,1999-04-23 02:52:41 UTC,XGVIEWS,2016-07-29 09:23:01 UTC,1132613,1,XXAMBLYOLEPIS,,,,,,,,,,,,,,,,,,,,,
1132624,eng,Botany,,xxBaeria chrysostoma var. gracilis,"Plantae; Anthophyta; Coniferophyta; Magnoliatae; xxAsteridae; xxAsterales; xxCompositae; xxAsteroideae, Heliantheae; xxBaeria; xxBaeria chrysostoma",1132623,,,31,variety,Hall,,,,,,,,,,,false,false,false,,,false,false,CONVERSION,1999-04-23 02:52:42 UTC,XGVIEWS,2016-10-27 13:48:05 UTC,1132624,1,XXBAERIA CHRYSOSTOMA VAR. GRACILIS,,,,,,,,,,,,,,,,,,,,,
1132631,eng,Botany,,xxBahia nudicaulis,"Plantae; Anthophyta; Coniferophyta; Magnoliatae; xxAsteridae; xxAsterales; xxCompositae; xxAsteroideae, Heliantheae; xxBahia",1132626,,,29,species,Gray,,,,,,,,,,,false,false,false,,,false,false,CONVERSION,1999-04-23 02:52:43 UTC,XGVIEWS,2016-10-27 13:48:05 UTC,1132631,1,XXBAHIA NUDICAULIS,,,,,,,,,,,,,,,,,,,,,
1132632,eng,Botany,,xxBaileya,"Plantae; Anthophyta; Coniferophyta; Magnoliatae; xxAsteridae; xxAsterales; xxCompositae; xxAsteroideae, Heliantheae",1132606,,,23,genus,A. Gray,,,,,,,,A. Gray,,,false,false,false,,,false,false,CONVERSION,1999-04-23 02:52:43 UTC,XGVIEWS,2016-07-29 09:23:01 UTC,1132632,1,XXBAILEYA,,,,,,,,,,,,,,,,,,,,,
1132635,eng,Botany,,xxBidens,"Plantae; Anthophyta; Coniferophyta; Magnoliatae; xxAsteridae; xxAsterales; xxCompositae; xxAsteroideae, Heliantheae",1132606,,,23,genus,L.,,,,,,,,L.,,,false,false,false,,,false,false,CONVERSION,1999-04-23 02:52:44 UTC,XGVIEWS,2016-07-29 09:23:01 UTC,1132635,1,XXBIDENS,,,,,,,,,,,,,,,,,,,,,
1132639,eng,Botany,,xxChrysactinia,"Plantae; Anthophyta; Coniferophyta; Magnoliatae; xxAsteridae; xxAsterales; xxCompositae; xxAsteroideae, Heliantheae",1132606,,,23,genus,A. Gray,,,,,,,,,,,false,false,false,,,false,false,CONVERSION,1999-04-23 02:52:44 UTC,XGVIEWS,2016-07-29 09:23:01 UTC,1132639,1,XXCHRYSACTINIA,,,,,,,,,,,,,,,,,,,,,
1132643,eng,Botany,,xxClappia suaedaefolia,"Plantae; Anthophyta; Coniferophyta; Magnoliatae; xxAsteridae; xxAsterales; xxCompositae; xxAsteroideae, Heliantheae; xxClappia",1132642,,,29,species,Gray,,,,,,,,Gray,,,false,false,false,,,false,false,CONVERSION,1999-04-23 02:52:44 UTC,XGVIEWS,2016-10-27 13:48:05 UTC,1132643,1,XXCLAPPIA SUAEDAEFOLIA,,,,,,,,,,,,,,,,,,,,,
1132644,eng,Botany,,xxClibadium,"Plantae; Anthophyta; Coniferophyta; Magnoliatae; xxAsteridae; xxAsterales; xxCompositae; xxAsteroideae, Heliantheae",1132606,,,23,genus,Allem. ex L.,,,,,,,,Allem. ex L.,,,false,false,false,,,false,false,CONVERSION,1999-04-23 02:52:44 UTC,XGVIEWS,2016-07-29 09:23:01 UTC,1132644,1,XXCLIBADIUM,,,,,,,,,,,,,,,,,,,,,
1132669,eng,Botany,,xxEatonella congdoni,"Plantae; Anthophyta; Coniferophyta; Magnoliatae; xxAsteridae; xxAsterales; xxCompositae; xxAsteroideae, Heliantheae; xxEatonella",1132668,,,29,species,Gray,,,,,,,,Gray,,,false,false,false,,,false,false,CONVERSION,1999-04-23 02:52:47 UTC,XGVIEWS,2016-10-27 13:48:05 UTC,1132669,1,XXEATONELLA CONGDONI,,,,,,,,,,,,,,,,,,,,,
1132670,eng,Botany,,xxEchinacea,"Plantae; Anthophyta; Coniferophyta; Magnoliatae; xxAsteridae; xxAsterales; xxCompositae; xxAsteroideae, Heliantheae",1132606,,,23,genus,Moench,,,,,,,,Moench,,,false,false,false,,,false,false,CONVERSION,1999-04-23 02:52:47 UTC,XGVIEWS,2016-07-29 09:23:01 UTC,1132670,1,XXECHINACEA,,,,,,,,,,,,,,,,,,,,,
1132674,eng,Botany,,xxEncelia,"Plantae; Anthophyta; Coniferophyta; Magnoliatae; xxAsteridae; xxAsterales; xxCompositae; xxAsteroideae, Heliantheae",1132606,,,23,genus,Adanson,,,,,,,,Adanson,,,false,false,false,,,false,false,CONVERSION,1999-04-23 02:52:48 UTC,XGVIEWS,2016-07-29 09:23:01 UTC,1132674,1,XXENCELIA,,,,,,,,,,,,,,,,,,,,,
1132678,eng,Botany,,xxEngelmannia pinnatifida,"Plantae; Anthophyta; Coniferophyta; Magnoliatae; xxAsteridae; xxAsterales; xxCompositae; xxAsteroideae, Heliantheae; xxEngelmannia",1132677,,,29,species,,,,,,,,,,,,false,false,false,,,false,false,CONVERSION,1999-04-23 02:52:48 UTC,XGVIEWS,2016-10-27 13:48:05 UTC,1132678,1,XXENGELMANNIA PINNATIFIDA,,,,,,,,,,,,,,,,,,,,,
1132682,eng,Botany,,xxEriophyllum stachadifolium,"Plantae; Anthophyta; Coniferophyta; Magnoliatae; xxAsteridae; xxAsterales; xxCompositae; xxAsteroideae, Heliantheae; xxEriophyllum",1132679,,,29,species,Lag.,,,,,,,,,,,false,false,false,,280 Asteraceae,false,false,CONVERSION,1999-04-23 02:52:49 UTC,XGVIEWS,2016-10-27 13:48:05 UTC,1132682,1,XXERIOPHYLLUM STACHADIFOLIUM,,,,,,,,,,,,,,,,,,,,,
1132683,eng,Botany,,xxFlaveria,"Plantae; Anthophyta; Coniferophyta; Magnoliatae; xxAsteridae; xxAsterales; xxCompositae; xxAsteroideae, Heliantheae",1132606,,,23,genus,Jussieu,,,,,,,,,,,false,false,false,,280 Asteraceae,false,false,CONVERSION,1999-04-23 02:52:49 UTC,XGVIEWS,2016-07-29 09:23:01 UTC,1132683,1,XXFLAVERIA,,,,,,,,,,,,,,,,,,,,,
1132688,eng,Botany,,xxFranseria acanthi,"Plantae; Anthophyta; Coniferophyta; Magnoliatae; xxAsteridae; xxAsterales; xxCompositae; xxAsteroideae, Heliantheae; xxFranseria",1132687,,,29,species,,,,,,,,,,,,false,false,false,,,false,false,CONVERSION,1999-04-23 02:52:49 UTC,XGVIEWS,2016-07-29 09:23:11 UTC,1132688,1,XXFRANSERIA ACANTHI,,,,,,,,,,,,,,,,,,,,,
1132689,eng,Botany,,xxFranseria deltoidea,"Plantae; Anthophyta; Coniferophyta; Magnoliatae; xxAsteridae; xxAsterales; xxCompositae; xxAsteroideae, Heliantheae; xxFranseria",1132687,,,29,species,,,,,,,,,,,,false,false,false,,,false,false,CONVERSION,1999-04-23 02:52:49 UTC,XGVIEWS,2016-07-29 09:23:11 UTC,1132689,1,XXFRANSERIA DELTOIDEA,,,,,,,,,,,,,,,,,,,,,
1132690,eng,Botany,,xxFranseria dumosa,"Plantae; Anthophyta; Coniferophyta; Magnoliatae; xxAsteridae; xxAsterales; xxCompositae; xxAsteroideae, Heliantheae; xxFranseria",1132687,,,29,species,,,,,,,,,,,,false,false,false,,,false,false,CONVERSION,1999-04-23 02:52:50 UTC,XGVIEWS,2016-07-29 09:23:11 UTC,1132690,1,XXFRANSERIA DUMOSA,,,,,,,,,,,,,,,,,,,,,
1132691,eng,Botany,,xxGalinsoga,"Plantae; Anthophyta; Coniferophyta; Magnoliatae; xxAsteridae; xxAsterales; xxCompositae; xxAsteroideae, Heliantheae",1132606,,,23,genus,Ruiz & Pavon,,,,,,,,,,,false,false,false,,280 Asteraceae,false,false,CONVERSION,1999-04-23 02:52:50 UTC,XGVIEWS,2016-07-29 09:23:01 UTC,1132691,1,XXGALINSOGA,,,,,,,,,,,,,,,,,,,,,
1132770,eng,Botany,,xxWyethia helianthoides,"Plantae; Anthophyta; Coniferophyta; Magnoliatae; xxAsteridae; xxAsterales; xxCompositae; xxAsteroideae, Heliantheae; Wyethia",1132769,,,29,species,Nutt.,,,,,,,,Nutt.,,,false,false,false,,,false,false,CONVERSION,1999-04-23 02:52:56 UTC,XGVIEWS,2016-10-27 13:48:05 UTC,1132770,1,XXWYETHIA HELIANTHOIDES,,,,,,,,,,,,,,,,,,,,,
1132771,eng,Botany,,xxWyethia scabra,"Plantae; Anthophyta; Coniferophyta; Magnoliatae; xxAsteridae; xxAsterales; xxCompositae; xxAsteroideae, Heliantheae; Wyethia",1132769,,,29,species,Hooker,,,,,,,,Hooker,,,false,false,false,,,false,false,CONVERSION,1999-04-23 02:52:57 UTC,XGVIEWS,2016-10-27 13:48:05 UTC,1132771,1,XXWYETHIA SCABRA,,,,,,,,,,,,,,,,,,,,,
1132791,eng,Botany,,xxZinnia acerosa,"Plantae; Anthophyta; Coniferophyta; Magnoliatae; xxAsteridae; xxAsterales; xxCompositae; xxAsteroideae, Heliantheae; Zinnia",1132790,,,29,species,(DC.) Gray,,,,,,,,(DC.) Gray,,,false,false,false,,,false,false,CONVERSION,1999-04-23 02:52:58 UTC,XGVIEWS,2016-10-27 13:48:06 UTC,1132791,1,XXZINNIA ACEROSA,,,,,,,,,,,,,,,,,,,,,
1132792,eng,Botany,,xxZinnia grandiflora,"Plantae; Anthophyta; Coniferophyta; Magnoliatae; xxAsteridae; xxAsterales; xxCompositae; xxAsteroideae, Heliantheae; Zinnia",1132790,,,29,species,Nutt.,,,,,,,,Nutt.,,,false,false,false,,,false,false,CONVERSION,1999-04-23 02:52:59 UTC,XGVIEWS,2016-10-27 13:48:06 UTC,1132792,1,XXZINNIA GRANDIFLORA,,,,,,,,,,,,,,,,,,,,,
1132607,eng,Botany,,xxActinea,"Plantae; Anthophyta; Coniferophyta; Magnoliatae; xxAsteridae; xxAsterales; xxCompositae; xxAsteroideae, Heliantheae",1132606,,,23,genus,Jussieu,,,,,,,,,,,false,false,false,,,false,false,CONVERSION,1999-04-23 02:52:41 UTC,XGVIEWS,2016-07-29 09:23:01 UTC,1132607,1,XXACTINEA,,,,,,,,,,,,,,,,,,,,,
1132757,eng,Botany,,xxViguiera deltoidea,"Plantae; Anthophyta; Coniferophyta; Magnoliatae; xxAsteridae; xxAsterales; xxCompositae; xxAsteroideae, Heliantheae; Viguiera",1132755,,,29,species,Gray,,,,,,,,Gray,,,false,false,false,,,false,false,CONVERSION,1999-04-23 02:52:55 UTC,XGVIEWS,2016-10-27 13:48:05 UTC,1132757,1,XXVIGUIERA DELTOIDEA,,,,,,,,,,,,,,,,,,,,,
1132758,eng,Botany,,xxViguiera dentata,"Plantae; Anthophyta; Coniferophyta; Magnoliatae; xxAsteridae; xxAsterales; xxCompositae; xxAsteroideae, Heliantheae; Viguiera",1132755,,,29,species,(Car.) Sprengel,,,,,,,,(Car.) Sprengel,,,false,false,false,,,false,false,CONVERSION,1999-04-23 02:52:55 UTC,XGVIEWS,2016-10-27 13:48:05 UTC,1132758,1,XXVIGUIERA DENTATA,,,,,,,,,,,,,,,,,,,,,
1132762,eng,Botany,,xxViguiera stenoloba,"Plantae; Anthophyta; Coniferophyta; Magnoliatae; xxAsteridae; xxAsterales; xxCompositae; xxAsteroideae, Heliantheae; Viguiera",1132755,,,29,species,Blake,,,,,,,,Blake,,,false,false,false,,,false,false,CONVERSION,1999-04-23 02:52:56 UTC,XGVIEWS,2016-10-27 13:48:05 UTC,1132762,1,XXVIGUIERA STENOLOBA,,,,,,,,,,,,,,,,,,,,,
1132649,eng,Botany,,xxCoreopsis cardaminefolia,"Plantae; Anthophyta; Coniferophyta; Magnoliatae; xxAsteridae; xxAsterales; xxCompositae; xxAsteroideae, Heliantheae; xxCoreopsis",1132648,,,29,species,,,,,,,,,,,,false,false,false,,,false,false,CONVERSION,1999-04-23 02:52:45 UTC,XGVIEWS,2016-10-27 13:48:05 UTC,1132649,1,XXCOREOPSIS CARDAMINEFOLIA,,,,,,,,,,,,,,,,,,,,,
1132658,eng,Botany,,xxDyssodia micropoides,"Plantae; Anthophyta; Coniferophyta; Magnoliatae; xxAsteridae; xxAsterales; xxCompositae; xxAsteroideae, Heliantheae; xxDyssodia",1132653,,,29,species,(DC.) Loes.,,,,,,,,(DC.) Loes.,,,false,false,false,,,false,false,CONVERSION,1999-04-23 02:52:46 UTC,XGVIEWS,2016-10-27 13:48:05 UTC,1132658,1,XXDYSSODIA MICROPOIDES,,,,,,,,,,,,,,,,,,,,,
1132661,eng,Botany,,xxDyssodia pentachaeta,"Plantae; Anthophyta; Coniferophyta; Magnoliatae; xxAsteridae; xxAsterales; xxCompositae; xxAsteroideae, Heliantheae; xxDyssodia",1132653,,,29,species,Robin.,,,,,,,,,,,false,false,false,,,false,false,CONVERSION,1999-04-23 02:52:46 UTC,XGVIEWS,2016-10-27 13:48:05 UTC,1132661,1,XXDYSSODIA PENTACHAETA,,,,,,,,,,,,,,,,,,,,,
1132663,eng,Botany,,xxDyssodia polychaeta,"Plantae; Anthophyta; Coniferophyta; Magnoliatae; xxAsteridae; xxAsterales; xxCompositae; xxAsteroideae, Heliantheae; xxDyssodia",1132653,,,29,species,(Gray) Robin.,,,,,,,,(Gray) Robin.,,,false,false,false,,,false,false,CONVERSION,1999-04-23 02:52:47 UTC,XGVIEWS,2016-10-27 13:48:05 UTC,1132663,1,XXDYSSODIA POLYCHAETA,,,,,,,,,,,,,,,,,,,,,
1132664,eng,Botany,,xxDyssodia setifolia,"Plantae; Anthophyta; Coniferophyta; Magnoliatae; xxAsteridae; xxAsterales; xxCompositae; xxAsteroideae, Heliantheae; xxDyssodia",1132653,,,29,species,(Lag.) Robin.,,,,,,,,(Lag.) Robin.,,,false,false,false,,,false,false,CONVERSION,1999-04-23 02:52:47 UTC,XGVIEWS,2016-10-27 13:48:05 UTC,1132664,1,XXDYSSODIA SETIFOLIA,,,,,,,,,,,,,,,,,,,,,
1132665,eng,Botany,,xxDyssodia tenuilobo,"Plantae; Anthophyta; Coniferophyta; Magnoliatae; xxAsteridae; xxAsterales; xxCompositae; xxAsteroideae, Heliantheae; xxDyssodia",1132653,,,29,species,(DC.) Rob.,,,,,,,,,,,false,false,false,,,false,false,CONVERSION,1999-04-23 02:52:47 UTC,XGVIEWS,2016-10-27 13:48:05 UTC,1132665,1,XXDYSSODIA TENUILOBO,,,,,,,,,,,,,,,,,,,,,
1132667,eng,Botany,,xxDyssodia treculii,"Plantae; Anthophyta; Coniferophyta; Magnoliatae; xxAsteridae; xxAsterales; xxCompositae; xxAsteroideae, Heliantheae; xxDyssodia",1132653,,,29,species,,,,,,,,,,,,false,false,false,,,false,false,CONVERSION,1999-04-23 02:52:47 UTC,XGVIEWS,2016-10-27 13:48:05 UTC,1132667,1,XXDYSSODIA TRECULII,,,,,,,,,,,,,,,,,,,,,
1132654,eng,Botany,,xxDyssodia acerosa,"Plantae; Anthophyta; Coniferophyta; Magnoliatae; xxAsteridae; xxAsterales; xxCompositae; xxAsteroideae, Heliantheae; xxDyssodia",1132653,,,29,species,DC.,,,,,,,,DC.,,,false,false,false,,,false,false,CONVERSION,1999-04-23 02:52:45 UTC,XGVIEWS,2016-10-27 13:48:05 UTC,1132654,1,XXDYSSODIA ACEROSA,,,,,,,,,,,,,,,,,,,,,
1132655,eng,Botany,,xxDyssodia aurea,"Plantae; Anthophyta; Coniferophyta; Magnoliatae; xxAsteridae; xxAsterales; xxCompositae; xxAsteroideae, Heliantheae; xxDyssodia",1132653,,,29,species,(Gray) Nels.,,,,,,,,(Gray) Nels.,,,false,false,false,,,false,false,CONVERSION,1999-04-23 02:52:46 UTC,XGVIEWS,2016-10-27 13:48:05 UTC,1132655,1,XXDYSSODIA AUREA,,,,,,,,,,,,,,,,,,,,,
1132796,eng,Botany,,xxAntennaria,"Plantae; Anthophyta; Coniferophyta; Magnoliatae; xxAsteridae; xxAsterales; xxCompositae; Asteroideae, Inuleae",1132795,,,23,genus,Gaertner,,,,,,,,Gaertner,,,false,false,false,,,false,false,CONVERSION,1999-04-23 02:52:59 UTC,XGVIEWS,2016-07-29 09:23:01 UTC,1132796,1,XXANTENNARIA,,,,,,,,,,,,,,,,,,,,,
1132814,eng,Botany,,xxHelichrysum,"Plantae; Anthophyta; Coniferophyta; Magnoliatae; xxAsteridae; xxAsterales; xxCompositae; Asteroideae, Inuleae",1132795,,,23,genus,Miller corr. Persoon,,,,,,,,Miller corr. Persoon,,,false,false,false,,,false,false,CONVERSION,1999-04-23 02:53:00 UTC,XGVIEWS,2016-07-29 09:23:01 UTC,1132814,1,XXHELICHRYSUM,,,,,,,,,,,,,,,,,,,,,
1132853,eng,Botany,,xxPetasites sp.,"Plantae; Anthophyta; Coniferophyta; Magnoliatae; xxAsteridae; xxAsterales; xxCompositae; Asteroideae, Senecioneae; xxPetasites",1132852,,,29,species,,,,,,,,,,,,false,false,false,,,false,false,CONVERSION,1999-04-23 02:53:03 UTC,XGVIEWS,2016-10-27 13:48:06 UTC,1132853,1,XXPETASITES SP.,,,,,,,,,,,,,,,,,,,,,
1132864,eng,Botany,,xxTussilago,"Plantae; Anthophyta; Coniferophyta; Magnoliatae; xxAsteridae; xxAsterales; xxCompositae; Asteroideae, Senecioneae",1132826,,,23,genus,L.,,,,,,,,L.,,,false,false,false,,,false,false,CONVERSION,1999-04-23 02:53:04 UTC,XGVIEWS,2016-07-29 09:23:01 UTC,1132864,1,XXTUSSILAGO,,,,,,,,,,,,,,,,,,,,,
1132843,eng,Botany,,xxEmilia,"Plantae; Anthophyta; Coniferophyta; Magnoliatae; xxAsteridae; xxAsterales; xxCompositae; Asteroideae, Senecioneae",1132826,,,23,genus,Cassini,,,,,,,,,,,false,false,false,,,false,false,CONVERSION,1999-04-23 02:53:02 UTC,XGVIEWS,2016-07-29 09:23:01 UTC,1132843,1,XXEMILIA,,,,,,,,,,,,,,,,,,,,,
1132847,eng,Botany,,xxErichtites minima,"Plantae; Anthophyta; Coniferophyta; Magnoliatae; xxAsteridae; xxAsterales; xxCompositae; Asteroideae, Senecioneae; xxErichtites",1132846,,,29,species,,,,,,,,,,,,false,false,false,,,false,false,CONVERSION,1999-04-23 02:53:03 UTC,XGVIEWS,2016-10-27 13:48:06 UTC,1132847,1,XXERICHTITES MINIMA,,,,,,,,,,,,,,,,,,,,,
1132829,eng,Botany,,xxArnica,"Plantae; Anthophyta; Coniferophyta; Magnoliatae; xxAsteridae; xxAsterales; xxCompositae; Asteroideae, Senecioneae",1132826,,,23,genus,L.,,,,,,,,L.,,,false,false,false,,,false,false,CONVERSION,1999-04-23 02:53:01 UTC,XGVIEWS,2016-07-29 09:23:01 UTC,1132829,1,XXARNICA,,,,,,,,,,,,,,,,,,,,,
1132835,eng,Botany,,xxCacalia atriplicifolia,"Plantae; Anthophyta; Coniferophyta; Magnoliatae; xxAsteridae; xxAsterales; xxCompositae; Asteroideae, Senecioneae; xxCacalia",1132834,,,29,species,,,,,,,,,,,,false,false,false,,,false,false,CONVERSION,1999-04-23 02:53:01 UTC,XGVIEWS,2016-10-27 13:48:06 UTC,1132835,1,XXCACALIA ATRIPLICIFOLIA,,,,,,,,,,,,,,,,,,,,,
1132841,eng,Botany,,xxChaenactis glabriusculus,"Plantae; Anthophyta; Coniferophyta; Magnoliatae; xxAsteridae; xxAsterales; xxCompositae; Asteroideae, Senecioneae; xxChaenactis",1132836,,,29,species,DC.,,,,,,,,DC.,,,false,false,false,,,false,false,CONVERSION,1999-04-23 02:53:02 UTC,XGVIEWS,2016-10-27 13:48:06 UTC,1132841,1,XXCHAENACTIS GLABRIUSCULUS,,,,,,,,,,,,,,,,,,,,,
1132842,eng,Botany,,xxChaenactis sterroides,"Plantae; Anthophyta; Coniferophyta; Magnoliatae; xxAsteridae; xxAsterales; xxCompositae; Asteroideae, Senecioneae; xxChaenactis",1132836,,,29,species,Hooker & Arn.,,,,,,,,Hooker & Arn.,,,false,false,false,,,false,false,CONVERSION,1999-04-23 02:53:02 UTC,XGVIEWS,2016-10-27 13:48:06 UTC,1132842,1,XXCHAENACTIS STERROIDES,,,,,,,,,,,,,,,,,,,,,
1132837,eng,Botany,,xxChaenactis alpina,"Plantae; Anthophyta; Coniferophyta; Magnoliatae; xxAsteridae; xxAsterales; xxCompositae; Asteroideae, Senecioneae; xxChaenactis",1132836,,,29,species,(Grey) Jones,,,,,,,,(Grey) Jones,,,false,false,false,,,false,false,CONVERSION,1999-04-23 02:53:02 UTC,XGVIEWS,2016-10-27 13:48:06 UTC,1132837,1,XXCHAENACTIS ALPINA,,,,,,,,,,,,,,,,,,,,,
1132838,eng,Botany,,xxChaenactis angustifolia,"Plantae; Anthophyta; Coniferophyta; Magnoliatae; xxAsteridae; xxAsterales; xxCompositae; Asteroideae, Senecioneae; xxChaenactis",1132836,,,29,species,Greene,,,,,,,,,,,false,false,false,,,false,false,CONVERSION,1999-04-23 02:53:02 UTC,XGVIEWS,2016-10-27 13:48:06 UTC,1132838,1,XXCHAENACTIS ANGUSTIFOLIA,,,,,,,,,,,,,,,,,,,,,
1132839,eng,Botany,,xxChaenactis fremonti,"Plantae; Anthophyta; Coniferophyta; Magnoliatae; xxAsteridae; xxAsterales; xxCompositae; Asteroideae, Senecioneae; xxChaenactis",1132836,,,29,species,Gray,,,,,,,,,,,false,false,false,,280 Astreraceae,false,false,CONVERSION,1999-04-23 02:53:02 UTC,XGVIEWS,2016-07-29 09:23:11 UTC,1132839,1,XXCHAENACTIS FREMONTI,,,,,,,,,,,,,,,,,,,,,
1132873,eng,Botany,,xxElephantopus scaber,"Plantae; Anthophyta; Coniferophyta; Magnoliatae; xxAsteridae; xxAsterales; xxCompositae; Asteroideae, Vernonieae; xxElephantopus",1132871,,,29,species,L.,,,,,,,,L.,,,false,false,false,,,false,false,CONVERSION,1999-04-23 02:53:05 UTC,XGVIEWS,2016-10-27 13:48:06 UTC,1132873,1,XXELEPHANTOPUS SCABER,,,,,,,,,,,,,,,,,,,,,
1132891,eng,Botany,,xxCichorium,"Plantae; Anthophyta; Coniferophyta; Magnoliatae; xxAsteridae; xxAsterales; xxCompositae; Lactucoideae, Lactuceae",1132890,,,23,genus,L.,,,,,,,,L.,,,false,false,false,,,false,false,CONVERSION,1999-04-23 02:53:06 UTC,XGVIEWS,2016-07-29 09:23:01 UTC,1132891,1,XXCICHORIUM,,,,,,,,,,,,,,,,,,,,,
1132893,eng,Botany,,xxHedypnois,"Plantae; Anthophyta; Coniferophyta; Magnoliatae; xxAsteridae; xxAsterales; xxCompositae; Lactucoideae, Lactuceae",1132890,,,23,genus,Mill.,,,,,,,,Mill.,,,false,false,false,,,false,false,CONVERSION,1999-04-23 02:53:06 UTC,XGVIEWS,2016-07-29 09:23:01 UTC,1132893,1,XXHEDYPNOIS,,,,,,,,,,,,,,,,,,,,,
1132897,eng,Botany,,xxHieracium florentinum,"Plantae; Anthophyta; Coniferophyta; Magnoliatae; xxAsteridae; xxAsterales; xxCompositae; Lactucoideae, Lactuceae; xxHieracium",1132895,,,29,species,All.,,,,,,,,,,,false,false,false,,,false,false,CONVERSION,1999-04-23 02:53:07 UTC,XGVIEWS,2016-10-27 13:48:06 UTC,1132897,1,XXHIERACIUM FLORENTINUM,,,,,,,,,,,,,,,,,,,,,
1132899,eng,Botany,,xxLactuca,"Plantae; Anthophyta; Coniferophyta; Magnoliatae; xxAsteridae; xxAsterales; xxCompositae; Lactucoideae, Lactuceae",1132890,,,23,genus,L.,,,,,,,,L.,,,false,false,false,,,false,false,CONVERSION,1999-04-23 02:53:07 UTC,XGVIEWS,2016-07-29 09:23:01 UTC,1132899,1,XXLACTUCA,,,,,,,,,,,,,,,,,,,,,
1132903,eng,Botany,,xxPrenanthes sp.,"Plantae; Anthophyta; Coniferophyta; Magnoliatae; xxAsteridae; xxAsterales; xxCompositae; Lactucoideae, Lactuceae; xxPrenanthes",1132901,,,29,species,,,,,,,,,,,,false,false,false,,,false,false,CONVERSION,1999-04-23 02:53:07 UTC,XGVIEWS,2016-10-27 13:48:06 UTC,1132903,1,XXPRENANTHES SP.,,,,,,,,,,,,,,,,,,,,,
1132904,eng,Botany,,xxSonchus,"Plantae; Anthophyta; Coniferophyta; Magnoliatae; xxAsteridae; xxAsterales; xxCompositae; Lactucoideae, Lactuceae",1132890,,,23,genus,L.,,,,,,,,L.,,,false,false,false,,,false,false,CONVERSION,1999-04-23 02:53:07 UTC,XGVIEWS,2016-07-29 09:23:01 UTC,1132904,1,XXSONCHUS,,,,,,,,,,,,,,,,,,,,,
1141364,eng,Botany,,xxEugenia monticola,"Plantae; Magnoliophyta; Magnoliopsida; Rosidae; Myrtales; xxMyrtaceae; Myrtoideae, Myrteae; Eugenia",1141335,,,29,species,DC.,,,,,,,,DC.,,,false,false,false,,,false,false,CONVERSION,1999-04-23 03:07:55 UTC,XGVIEWS,2016-07-29 09:23:12 UTC,1141364,1,XXEUGENIA MONTICOLA,,,,,,,,,,,,,,,,,,,,,
1143439,eng,Botany,,xxStahlia monosperma,"Plantae; Magnoliophyta; Magnoliopsida; Rosidae; Rosales; xxLeguminosae; Caesalpinioideae, Detarieae; Stahlia",1143438,,,29,species,(Tul.) Urb.,,,,,,,,(Tul.) Urb.,,,false,false,false,,,false,false,CONVERSION,1999-04-23 03:12:20 UTC,XGVIEWS,2016-07-29 09:23:11 UTC,1143439,1,XXSTAHLIA MONOSPERMA,,,,,,,,,,,,,,,,,,,,,
1143490,eng,Botany,,xxGymnocladus dioica,"Plantae; Magnoliophyta; Magnoliopsida; Rosidae; Rosales; xxLeguminosae; Caesalpinioideae, Eucaesalpinieae; Gymnocladus",1143489,,,29,species,(L.) Koch.,,,,,,,,(L.) Koch.,,,false,false,false,,,false,false,CONVERSION,1999-04-23 03:12:26 UTC,XGVIEWS,2016-07-29 09:23:14 UTC,1143490,1,XXGYMNOCLADUS DIOICA,,,,,,,,,,,,,,,,,,,,,
1143941,eng,Botany,,xxLathyrus maritimus,"Plantae; Magnoliophyta; Magnoliopsida; Rosidae; Rosales; xxLeguminosae; Papilionoideae, Fabeae; xxLathyrus",1143939,,,29,species,Bigel.,,,,,,,,Bigel.,,,false,false,false,,,false,false,CONVERSION,1999-04-23 03:13:27 UTC,XGVIEWS,2016-07-29 09:23:11 UTC,1143941,1,XXLATHYRUS MARITIMUS,,,,,,,,,,,,,,,,,,,,,
1143943,eng,Botany,,xxLathyrus nevadensis var. pilosellus,"Plantae; Magnoliophyta; Magnoliopsida; Rosidae; Rosales; xxLeguminosae; Papilionoideae, Fabeae; xxLathyrus; xxLathyrus nevadensis",1143942,,,31,variety,(Peck) C.L. Hitchc.,,,,,,,,(Peck) C.L. Hitchc.,,,false,false,false,,,false,false,CONVERSION,1999-04-23 03:13:28 UTC,XGVIEWS,2016-07-29 09:23:17 UTC,1143943,1,XXLATHYRUS NEVADENSIS VAR. PILOSELLUS,,,,,,,,,,,,,,,,,,,,,
1143947,eng,Botany,,xxLathyrus venosus var. intonsus,"Plantae; Magnoliophyta; Magnoliopsida; Rosidae; Rosales; xxLeguminosae; Papilionoideae, Fabeae; xxLathyrus; xxLathyrus venosus",1143946,,,31,variety,Butters & St. John,,,,,,,,Butters & St. John,,,false,false,false,,,false,false,CONVERSION,1999-04-23 03:13:28 UTC,XGVIEWS,2016-07-29 09:23:17 UTC,1143947,1,XXLATHYRUS VENOSUS VAR. INTONSUS,,,,,,,,,,,,,,,,,,,,,
1143990,eng,Botany,,xxHedysarum mackenzii,"Plantae; Magnoliophyta; Magnoliopsida; Rosidae; Rosales; xxLeguminosae; Papilionoideae, Hedysareae; xxHedysarum",1143987,,,29,species,Richards,,,,,,,,Richards,,,false,false,false,,,false,false,CONVERSION,1999-04-23 03:13:33 UTC,XGVIEWS,2016-07-29 09:23:11 UTC,1143990,1,XXHEDYSARUM MACKENZII,,,,,,,,,,,,,,,,,,,,,
1143993,eng,Botany,,xxPictetia aculeata,"Plantae; Magnoliophyta; Magnoliopsida; Rosidae; Rosales; xxLeguminosae; Papilionoideae, Hedysareae; Pictetia",1143992,,,29,species,(Vahl) Urban,,,,,,,,(Vahl) Urban,,,false,false,false,,,false,false,CONVERSION,1999-04-23 03:13:34 UTC,XGVIEWS,2016-07-29 09:23:11 UTC,1143993,1,XXPICTETIA ACULEATA,,,,,,,,,,,,,,,,,,,,,
1144137,eng,Botany,,xxRhynchosia cystisoides,"Plantae; Magnoliophyta; Magnoliopsida; Rosidae; Rosales; xxLeguminosae; Papilionoideae, Phaseoleae; xxRhynchosia",1144131,,,29,species,(Bert.) Wilbur,,,,,,,,(Bert.) Wilbur,,,false,false,false,,,false,false,CONVERSION,1999-04-23 03:13:58 UTC,XGVIEWS,2016-07-29 09:23:12 UTC,1144137,1,XXRHYNCHOSIA CYSTISOIDES,,,,,,,,,,,,,,,,,,,,,
1144155,eng,Botany,,xxRhynchosia tomentosa,"Plantae; Magnoliophyta; Magnoliopsida; Rosidae; Rosales; xxLeguminosae; Papilionoideae, Phaseoleae; xxRhynchosia",1144131,,,29,species,H. & A.,,,,,,,,H. & A.,,,false,false,false,,,false,false,CONVERSION,1999-04-23 03:14:02 UTC,XGVIEWS,2016-07-29 09:23:12 UTC,1144155,1,XXRHYNCHOSIA TOMENTOSA,,,,,,,,,,,,,,,,,,,,,
1132463,eng,Botany,,xxAnthemus,"Plantae; Anthophyta; Coniferophyta; Magnoliatae; xxAsteridae; xxAsterales; xxCompositae; Asteroideae, Anthemideae",1132458,,,23,genus,L.,,,,,,,,L.,,,false,false,false,,,false,false,CONVERSION,1999-04-23 02:52:29 UTC,XGVIEWS,2016-07-29 09:23:01 UTC,1132463,1,XXANTHEMUS,,,,,,,,,,,,,,,,,,,,,
1132478,eng,Botany,,xxCentipeda,"Plantae; Anthophyta; Coniferophyta; Magnoliatae; xxAsteridae; xxAsterales; xxCompositae; Asteroideae, Anthemideae",1132458,,,23,genus,Loureiro,,,,,,,,Loureiro,,,false,false,false,,,false,false,CONVERSION,1999-04-23 02:52:31 UTC,XGVIEWS,2016-07-29 09:23:01 UTC,1132478,1,XXCENTIPEDA,,,,,,,,,,,,,,,,,,,,,
1132480,eng,Botany,,xxChrysanthemum,"Plantae; Anthophyta; Coniferophyta; Magnoliatae; xxAsteridae; xxAsterales; xxCompositae; Asteroideae, Anthemideae",1132458,,,23,genus,L.,,,,,,,,L.,,,false,false,false,,,false,false,CONVERSION,1999-04-23 02:52:31 UTC,XGVIEWS,2016-07-29 09:23:01 UTC,1132480,1,XXCHRYSANTHEMUM,,,,,,,,,,,,,,,,,,,,,
1132511,eng,Botany,,xxConyza,"Plantae; Anthophyta; Coniferophyta; Magnoliatae; xxAsteridae; xxAsterales; xxCompositae; Asteroideae, Astereae",1132497,,,23,genus,Less,,,,,,,,Less,,,false,false,false,,,false,false,CONVERSION,1999-04-23 02:52:33 UTC,XGVIEWS,2016-07-29 09:23:01 UTC,1132511,1,XXCONYZA,,,,,,,,,,,,,,,,,,,,,
1132534,eng,Botany,,xxGutierrezia,"Plantae; Anthophyta; Coniferophyta; Magnoliatae; xxAsteridae; xxAsterales; xxCompositae; Asteroideae, Astereae",1132497,,,23,genus,Lagasca,,,,,,,,Lagasca,,,false,false,false,,,false,false,CONVERSION,1999-04-23 02:52:35 UTC,XGVIEWS,2016-07-29 09:23:01 UTC,1132534,1,XXGUTIERREZIA,,,,,,,,,,,,,,,,,,,,,
1132500,eng,Botany,,xxBaccharis,"Plantae; Anthophyta; Coniferophyta; Magnoliatae; xxAsteridae; xxAsterales; xxCompositae; Asteroideae, Astereae",1132497,,,23,genus,L.,,,,,,,,L.,,,false,false,false,,,false,false,CONVERSION,1999-04-23 02:52:32 UTC,XGVIEWS,2016-07-29 09:23:01 UTC,1132500,1,XXBACCHARIS,,,,,,,,,,,,,,,,,,,,,
1132693,eng,Botany,,xxGymnolomia,"Plantae; Anthophyta; Coniferophyta; Magnoliatae; xxAsteridae; xxAsterales; xxCompositae; xxAsteroideae, Heliantheae",1132606,,,23,genus,Kunth,,,,,,,,Kunth,,,false,false,false,,,false,false,CONVERSION,1999-04-23 02:52:50 UTC,XGVIEWS,2016-07-29 09:23:01 UTC,1132693,1,XXGYMNOLOMIA,,,,,,,,,,,,,,,,,,,,,
1132736,eng,Botany,,xxThelesperma,"Plantae; Anthophyta; Coniferophyta; Magnoliatae; xxAsteridae; xxAsterales; xxCompositae; xxAsteroideae, Heliantheae",1132606,,,23,genus,Lessing,,,,,,,,Lessing,,,false,false,false,,,false,false,CONVERSION,1999-04-23 02:52:53 UTC,XGVIEWS,2016-07-29 09:23:01 UTC,1132736,1,XXTHELESPERMA,,,,,,,,,,,,,,,,,,,,,
1132623,eng,Botany,,xxBaeria chrysostoma,"Plantae; Anthophyta; Coniferophyta; Magnoliatae; xxAsteridae; xxAsterales; xxCompositae; xxAsteroideae, Heliantheae; xxBaeria",1132622,,,29,species,Fisch.,,,,,,,,,,,false,false,false,,,false,false,CONVERSION,1999-04-23 02:52:42 UTC,XGVIEWS,2016-07-29 09:23:11 UTC,1132623,1,XXBAERIA CHRYSOSTOMA,,,,,,,,,,,,,,,,,,,,,
1132626,eng,Botany,,xxBahia,"Plantae; Anthophyta; Coniferophyta; Magnoliatae; xxAsteridae; xxAsterales; xxCompositae; xxAsteroideae, Heliantheae",1132606,,,23,genus,Lagasca,,,,,,,,,,,false,false,false,,,false,false,CONVERSION,1999-04-23 02:52:43 UTC,XGVIEWS,2016-07-29 09:23:01 UTC,1132626,1,XXBAHIA,,,,,,,,,,,,,,,,,,,,,
1132642,eng,Botany,,xxClappia,"Plantae; Anthophyta; Coniferophyta; Magnoliatae; xxAsteridae; xxAsterales; xxCompositae; xxAsteroideae, Heliantheae",1132606,,,23,genus,A. Gray,,,,,,,,A. Gray,,,false,false,false,,,false,false,CONVERSION,1999-04-23 02:52:44 UTC,XGVIEWS,2016-07-29 09:23:01 UTC,1132642,1,XXCLAPPIA,,,,,,,,,,,,,,,,,,,,,
1132668,eng,Botany,,xxEatonella,"Plantae; Anthophyta; Coniferophyta; Magnoliatae; xxAsteridae; xxAsterales; xxCompositae; xxAsteroideae, Heliantheae",1132606,,,23,genus,A. Gray,,,,,,,,A. Gray,,,false,false,false,,,false,false,CONVERSION,1999-04-23 02:52:47 UTC,XGVIEWS,2016-07-29 09:23:01 UTC,1132668,1,XXEATONELLA,,,,,,,,,,,,,,,,,,,,,
1132677,eng,Botany,,xxEngelmannia,"Plantae; Anthophyta; Coniferophyta; Magnoliatae; xxAsteridae; xxAsterales; xxCompositae; xxAsteroideae, Heliantheae",1132606,,,23,genus,A. Gray ex Nuttall,,,,,,,,A. Gray ex Nuttall,,,false,false,false,,,false,false,CONVERSION,1999-04-23 02:52:48 UTC,XGVIEWS,2016-07-29 09:23:01 UTC,1132677,1,XXENGELMANNIA,,,,,,,,,,,,,,,,,,,,,
1132679,eng,Botany,,xxEriophyllum,"Plantae; Anthophyta; Coniferophyta; Magnoliatae; xxAsteridae; xxAsterales; xxCompositae; xxAsteroideae, Heliantheae",1132606,,,23,genus,Lagasca,,,,,,,,,,,false,false,false,,280 Asteraceae,false,false,CONVERSION,1999-04-23 02:52:49 UTC,XGVIEWS,2016-07-29 09:23:01 UTC,1132679,1,XXERIOPHYLLUM,,,,,,,,,,,,,,,,,,,,,
1132687,eng,Botany,,xxFranseria,"Plantae; Anthophyta; Coniferophyta; Magnoliatae; xxAsteridae; xxAsterales; xxCompositae; xxAsteroideae, Heliantheae",1132606,,,23,genus,Cavanilles,,,,,,,,Cavanilles,,,false,false,false,,,false,false,CONVERSION,1999-04-23 02:52:49 UTC,XGVIEWS,2016-07-29 09:23:01 UTC,1132687,1,XXFRANSERIA,,,,,,,,,,,,,,,,,,,,,
1132648,eng,Botany,,xxCoreopsis,"Plantae; Anthophyta; Coniferophyta; Magnoliatae; xxAsteridae; xxAsterales; xxCompositae; xxAsteroideae, Heliantheae",1132606,,,23,genus,L.,,,,,,,,,,,false,false,false,,280 Asteraceae,false,false,CONVERSION,1999-04-23 02:52:45 UTC,XGVIEWS,2016-07-29 09:23:01 UTC,1132648,1,XXCOREOPSIS,,,,,,,,,,,,,,,,,,,,,
1132653,eng,Botany,,xxDyssodia,"Plantae; Anthophyta; Coniferophyta; Magnoliatae; xxAsteridae; xxAsterales; xxCompositae; xxAsteroideae, Heliantheae",1132606,,,23,genus,Cavanilles,,,,,,,,Cavanilles,,,false,false,false,,,false,false,CONVERSION,1999-04-23 02:52:45 UTC,XGVIEWS,2016-07-29 09:23:01 UTC,1132653,1,XXDYSSODIA,,,,,,,,,,,,,,,,,,,,,
1132852,eng,Botany,,xxPetasites,"Plantae; Anthophyta; Coniferophyta; Magnoliatae; xxAsteridae; xxAsterales; xxCompositae; Asteroideae, Senecioneae",1132826,,,23,genus,Miller,,,,,,,,Miller,,,false,false,false,,,false,false,CONVERSION,1999-04-23 02:53:03 UTC,XGVIEWS,2016-07-29 09:23:01 UTC,1132852,1,XXPETASITES,,,,,,,,,,,,,,,,,,,,,
1132846,eng,Botany,,xxErichtites,"Plantae; Anthophyta; Coniferophyta; Magnoliatae; xxAsteridae; xxAsterales; xxCompositae; Asteroideae, Senecioneae",1132826,,,23,genus,,,,,,,,,,,,false,false,false,,,false,false,CONVERSION,1999-04-23 02:53:03 UTC,XGVIEWS,2016-07-29 09:23:01 UTC,1132846,1,XXERICHTITES,,,,,,,,,,,,,,,,,,,,,
1132834,eng,Botany,,xxCacalia,"Plantae; Anthophyta; Coniferophyta; Magnoliatae; xxAsteridae; xxAsterales; xxCompositae; Asteroideae, Senecioneae",1132826,,,23,genus,L.,,,,,,,,L.,,,false,false,false,,,false,false,CONVERSION,1999-04-23 02:53:01 UTC,XGVIEWS,2016-07-29 09:23:01 UTC,1132834,1,XXCACALIA,,,,,,,,,,,,,,,,,,,,,
1132836,eng,Botany,,xxChaenactis,"Plantae; Anthophyta; Coniferophyta; Magnoliatae; xxAsteridae; xxAsterales; xxCompositae; Asteroideae, Senecioneae",1132826,,,23,genus,DC.,,,,,,,,DC.,,,false,false,false,,280 Asteraceae,false,false,CONVERSION,1999-04-23 02:53:02 UTC,XGVIEWS,2016-07-29 09:23:01 UTC,1132836,1,XXCHAENACTIS,,,,,,,,,,,,,,,,,,,,,
1132871,eng,Botany,,xxElephantopus,"Plantae; Anthophyta; Coniferophyta; Magnoliatae; xxAsteridae; xxAsterales; xxCompositae; Asteroideae, Vernonieae",1132866,,,23,genus,L.,,,,,,,,L.,,,false,false,false,,,false,false,CONVERSION,1999-04-23 02:53:05 UTC,XGVIEWS,2016-07-29 09:23:01 UTC,1132871,1,XXELEPHANTOPUS,,,,,,,,,,,,,,,,,,,,,
1132895,eng,Botany,,xxHieracium,"Plantae; Anthophyta; Coniferophyta; Magnoliatae; xxAsteridae; xxAsterales; xxCompositae; Lactucoideae, Lactuceae",1132890,,,23,genus,L.,,,,,,,,L.,,,false,false,false,,,false,false,CONVERSION,1999-04-23 02:53:07 UTC,XGVIEWS,2016-07-29 09:23:01 UTC,1132895,1,XXHIERACIUM,,,,,,,,,,,,,,,,,,,,,
1143942,eng,Botany,,xxLathyrus nevadensis,"Plantae; Magnoliophyta; Magnoliopsida; Rosidae; Rosales; xxLeguminosae; Papilionoideae, Fabeae; xxLathyrus",1143939,,,29,species,,,,,,,,,,,,false,false,false,,,false,false,CONVERSION,1999-04-23 03:13:28 UTC,XGVIEWS,2016-07-29 09:23:11 UTC,1143942,1,XXLATHYRUS NEVADENSIS,,,,,,,,,,,,,,,,,,,,,
1143946,eng,Botany,,xxLathyrus venosus,"Plantae; Magnoliophyta; Magnoliopsida; Rosidae; Rosales; xxLeguminosae; Papilionoideae, Fabeae; xxLathyrus",1143939,,,29,species,Muhl.,,,,,,,,Muhl.,,,false,false,false,,,false,false,CONVERSION,1999-04-23 03:13:28 UTC,XGVIEWS,2016-07-29 09:23:11 UTC,1143946,1,XXLATHYRUS VENOSUS,,,,,,,,,,,,,,,,,,,,,
1143987,eng,Botany,,xxHedysarum,"Plantae; Magnoliophyta; Magnoliopsida; Rosidae; Rosales; xxLeguminosae; Papilionoideae, Hedysareae",1143986,,,23,genus,L.,,,,,,,,L.,,,false,false,false,,,false,false,CONVERSION,1999-04-23 03:13:33 UTC,XGVIEWS,2016-07-29 09:23:01 UTC,1143987,1,XXHEDYSARUM,,,,,,,,,,,,,,,,,,,,,
1132622,eng,Botany,,xxBaeria,"Plantae; Anthophyta; Coniferophyta; Magnoliatae; xxAsteridae; xxAsterales; xxCompositae; xxAsteroideae, Heliantheae",1132606,,,23,genus,Fischer & C. Meyer,,,,,,,,,,,false,false,false,,,false,false,CONVERSION,1999-04-23 02:52:42 UTC,XGVIEWS,2016-07-29 09:23:01 UTC,1132622,1,XXBAERIA,,,,,,,,,,,,,,,,,,,,,
1143939,eng,Botany,,xxLathyrus,"Plantae; Magnoliophyta; Magnoliopsida; Rosidae; Rosales; xxLeguminosae; Papilionoideae, Fabeae",1143938,,,23,genus,L.,,,,,,,,L.,,,false,false,false,,,false,false,CONVERSION,1999-04-23 03:13:27 UTC,XGVIEWS,2016-07-29 09:23:01 UTC,1143939,1,XXLATHYRUS,,,,,,,,,,,,,,,,,,,,,
