Alligator mississippiensis,1077894,1077893,Amphibian and Reptile
Alligator sinensis,1077895,1077893,""
Caiman crocodilus,1077897,1077896,Amphibian and Reptile
Caiman sclerops,1077898,1077896,Amphibian and Reptile
Crocodylus acutus,1077900,1077899,Amphibian and Reptile
Crocodylus cataphractus,1077901,1077899,Amphibian and Reptile
Crocodylus niloticus,1077902,1077899,Amphibian and Reptile
Crocodylus palustris,1077903,1077899,Amphibian and Reptile
Crocodylus porosus,1077904,1077899,Amphibian and Reptile
Crocodylus rhombifer,1170869,1077899,Amphibian and Reptile
Crocodylus prenasalis,1169314,1077899,Fossil Vertebrate
Crocodylus johnstoni,1193899,1077899,Amphibian and Reptile
Paleosuchus palpebrosus,1077906,1077905,Amphibian and Reptile
Osteolaemus tetraspis,1077908,1077907,Amphibian and Reptile
Leidyosuchus canadensis,1163477,1163476,Fossil Vertebrate
Leidyosuchus acutidentatus,1169169,1163476,Fossil Vertebrate
Tomistoma schlegelii,1164993,1164992,Amphibian and Reptile
Ceratosuchus burdoshi,1164034,1164033,Fossil Vertebrate
Phyllodontosuchus lufengensis,1174461,1174460,Fossil Vertebrate
Platyrhynchosuchus huilensis,1172635,1172634,Fossil Vertebrate
Araripesuchus rattoides,1183640,1170074,Fossil Vertebrate
Steneosaurus bollensis,1164911,1164910,Fossil Vertebrate
Teleosaurus cadomensis,1171154,1171153,Fossil Vertebrate
Pterodactylus antiquus,1164821,1164820,Fossil Vertebrate
Ctenochasma elegans,1175001,1186186,Fossil Vertebrate
Nyctodactylus gracilis,1164605,1164604,Fossil Vertebrate
Rhamphorhynchus phyllurus,1164839,1164838,Fossil Vertebrate
Qianosuchus mixtus,1182226,1182224,Fossil Vertebrate
Amargasaurus casaui,1174300,1174299,Fossil Vertebrate
Rebbachisaurus garasbae,1183080,1170071,Fossil Vertebrate
Camarasaurus grandis,1163537,1163536,Fossil Vertebrate
Saltasaurus loricatus,1163562,1163561,Fossil Vertebrate
Hypselosaurus priscus,1169213,1169212,Fossil Vertebrate
Shunosaurus lii,1173985,1173984,Fossil Vertebrate
Irenesauripus acutus,1164405,1164404,Fossil Vertebrate
Irenesauripus mclearni,1164406,1164404,Fossil Vertebrate
Irenesauripus occidentalis,1170802,1164404,Fossil Vertebrate
Chirostenotes pergracilis,1164064,1166080,Fossil Vertebrate
Troodon formosus,1165008,1163639,Fossil Vertebrate
Ornithomimipus gracilis,1164409,1164628,Fossil Vertebrate
Ornithomimipus angustus,1164629,1164628,Fossil Vertebrate
Spinosaurus maroccanus,1183074,1167491,Fossil Vertebrate
Ceratosaurus nasicornis,1163540,1163539,Fossil Vertebrate
Deinonychus antirrhopus,1163546,1163545,Fossil Vertebrate
Dromaeosaurus albertensis,1163548,1163547,Fossil Vertebrate
Sinornithosaurus millenii,1174483,1174482,Fossil Vertebrate
Saurornitholestes langstoni,1183512,1175002,Fossil Vertebrate
Poekilopleuron bucklandii,1163551,1163550,Fossil Vertebrate
Columbosauripus ungulatus,1164116,1164115,Fossil Vertebrate
Richardoestesia gilmorei,1183510,1183508,Fossil Vertebrate
Sinosauropteryx prima,1174487,1174486,""
Carnotaurus sastrei,1174456,1174455,Fossil Vertebrate
Dryptosaurus aquilunguis,1174290,1167150,Fossil Vertebrate
Allosaurus fragilis,1163534,1163533,Fossil Vertebrate
Gorgosaurus explanatus,1166143,1166142,Fossil Vertebrate
Gorgosaurus libratus,1166754,1166142,Fossil Vertebrate
Daspletosaurus torosus,1165746,1165745,Fossil Vertebrate
Albertosaurus sarcophagus,1165898,1165897,Fossil Vertebrate
Tarbosaurus bataar,1172754,1172753,Fossil Vertebrate
Tyrannosaurus rex,1177970,1169250,Fossil Vertebrate
Torvosaurus tanneri,1174536,1174535,Fossil Vertebrate
Carcharodontosaurus saharicus,1183076,1167422,Fossil Vertebrate
Sigilmassasaurus brevicollis,1174034,1174033,Fossil Vertebrate
Caenagnathus collinsi,1163994,1169128,Fossil Vertebrate
Caenagnathus sternbergi,1169129,1169128,Fossil Vertebrate
Ornithoidipus pergracilis,1171223,1171222,Fossil Vertebrate
Struthiomimus altus,1167160,1164934,Fossil Vertebrate
Ornithomimus edmontonicus,1165936,1163555,Fossil Vertebrate
Chirostenotes elegans,1164632,1163555,Fossil Vertebrate
Ornithomimus velox,1163556,1163555,Fossil Vertebrate
Eubrontes sillimani,1163867,1163866,Fossil Vertebrate
Leptoceratops gracilis,1165930,1165929,Fossil Vertebrate
Protoceratops andrewsi,1164795,1164794,Fossil Vertebrate
Eotriceratops xerinsularis,1182232,1182230,Fossil Vertebrate
Centrosaurus apertus,1164026,1163498,Fossil Vertebrate
Monoclonius crassus,1178001,1164559,Fossil Vertebrate
Pachyrhinosaurus canadensis,1164661,1164660,Fossil Vertebrate
Styracosaurus albertensis,1163632,1163631,Fossil Vertebrate
Xenoceratops foremostensis,1195029,1195027,Fossil Vertebrate
Spiclypeus shipporum,1196825,1196823,Fossil Vertebrate
Chasmosaurus belli,1165664,1163500,Fossil Vertebrate
Chasmosaurus russelli,1164059,1163500,Fossil Vertebrate
Triceratops horridus,1176628,1163503,Fossil Vertebrate
Triceratops prorsus,1195822,1163503,Fossil Vertebrate
Anchiceratops ornatus,1169092,1163861,Fossil Vertebrate
Arrhinoceratops brachyops,1195396,1174244,Fossil Vertebrate
Vagaceratops irvinensis,1174245,1176626,Fossil Vertebrate
Pentaceratops aquilonius,1195639,1195637,Fossil Vertebrate
Cionodon stenopsis,1169787,1169786,Fossil Vertebrate
Hadrosaurus foulkii,1174202,1163511,Fossil Vertebrate
Kritosaurus selwyni,1167226,1163513,Fossil Vertebrate
Prosaurolophus maximus,1168742,1163517,Fossil Vertebrate
Brachylophosaurus canadensis,1163973,1163972,Fossil Vertebrate
Saurolophus osborni,1164853,1164852,Fossil Vertebrate
Gryposaurus notabilis,1165801,1165800,Fossil Vertebrate
Edmontosaurus regalis,1165806,1165802,Fossil Vertebrate
Edmontosaurus saskatchewanensis,1165813,1165802,Fossil Vertebrate
Edmontosaurus annectens,1171150,1165802,Fossil Vertebrate
Corythosaurus casuarius,1163510,1163509,Fossil Vertebrate
Lambeosaurus magnicristatus,1164421,1163515,Fossil Vertebrate
Lambeosaurus lambei,1165900,1163515,Fossil Vertebrate
Hypacrosaurus altispinus,1165810,1165807,Fossil Vertebrate
Parasaurolophus walkeri,1169211,1169210,Fossil Vertebrate
Bactrosaurus johnsoni,1170912,1170911,Fossil Vertebrate
Gypsichnites pacensis,1164319,1164318,Fossil Vertebrate
Iguanodon atherfieldensis,1164402,1164401,Fossil Vertebrate
Amblydactylus gethingi,1163846,1163845,Fossil Vertebrate
Tetrapodosaurus borealis,1164974,1164973,Fossil Vertebrate
Thescelosaurus neglectus,1164977,1164975,Fossil Vertebrate
Parksosaurus warreni,1164698,1164697,Fossil Vertebrate
Laosaurus minimus,1169209,1169208,Fossil Vertebrate
Stegoceras validum,1163525,1163526,Fossil Vertebrate
Hanssuesia sternbergi,1183458,1183456,Fossil Vertebrate
Colepiocephale lambei,1183462,1183460,Fossil Vertebrate
Prenocephale brevis,1183466,1183464,Fossil Vertebrate
Prenocephale edmontonensis,1183468,1183464,Fossil Vertebrate
Pachycephalosaurus wyomingensis,1174224,1174223,Fossil Vertebrate
Sphaerotholus buchholtzae,1195695,1195693,Fossil Vertebrate
Ankylosaurus magniventris,1195621,1169185,Fossil Vertebrate
Euoplocephalus tutus,1166922,1166921,Fossil Vertebrate
Edmontonia longiceps,1164221,1164220,Fossil Vertebrate
Palaeoscincus costatus,1171128,1169173,""
Panoplosaurus mirus,1167231,1167230,Fossil Vertebrate
Sphenodon punctatus,1076811,1076810,Amphibian and Reptile
Rhineura floridana,1077331,1077330,Amphibian and Reptile
Amphisbaena alba,1168876,1077328,Amphibian and Reptile
Charina bottae,1077390,1077389,Amphibian and Reptile
Eryx colubrinus,1077392,1077391,Amphibian and Reptile
Eryx colubrinus colubrinus,1077393,1077392,Amphibian and Reptile
Eryx colubrinus loveridgei,1077394,1077392,Amphibian and Reptile
Eryx jaculus,1077395,1077391,Amphibian and Reptile
Eryx miliaris,1077396,1077391,Amphibian and Reptile
Eryx johni,1077397,1077391,Amphibian and Reptile
Eryx conicus,1077398,1077391,Amphibian and Reptile
Lichanura trivirgata,1077400,1077399,""
Lichanura trivirgata roseofusca,1077401,1077400,Amphibian and Reptile
Lichanura trivirgata trivirgata,1077402,1077400,Amphibian and Reptile
Liasis amethystinus,1077337,1077336,Amphibian and Reptile
Liasis childreni,1077338,1077336,Amphibian and Reptile
Morelia spilota,1077340,1077339,Amphibian and Reptile
Morelia spilota variegata,1077341,1077340,Amphibian and Reptile
Python curtus,1077343,1077342,Amphibian and Reptile
Python regius,1077344,1077342,Amphibian and Reptile
Python reticulatus,1077345,1077342,"Amphibian and Reptile,Parasite"
Python sebae,1077346,1077342,Amphibian and Reptile
Python molurus,1077347,1077342,""
Python molurus bivittatus,1077348,1077347,Amphibian and Reptile
Eunectes murinus,1077387,1077386,Amphibian and Reptile
Acrantophis dumerili,1077356,1077355,Amphibian and Reptile
Acrantophis madagascariensis,1077357,1077355,Amphibian and Reptile
Boa constrictor,1077359,1077358,Amphibian and Reptile
Boa constrictor imperator,1077360,1077359,Amphibian and Reptile
Boa constrictor nebulosa,1077361,1077359,Amphibian and Reptile
Boa sabogae,1077362,1077358,Amphibian and Reptile
Candoia aspera,1077366,1077365,Amphibian and Reptile
Candoia bibroni,1077367,1077365,Amphibian and Reptile
Candoia carinata,1077368,1077365,""
Candoia carinata paulsoni,1077369,1077368,Amphibian and Reptile
Corallus caninus,1077371,1077370,Amphibian and Reptile
Corallus hortulanus,1077372,1077370,Amphibian and Reptile
Epicrates subflavus,1077385,1077374,Amphibian and Reptile
Epicrates angulifer,1077375,1077374,Amphibian and Reptile
Epicrates cenchria,1077376,1077374,Amphibian and Reptile
Epicrates cenchria barbouri,1077377,1077376,Amphibian and Reptile
Epicrates cenchria cenchria,1077378,1077376,Amphibian and Reptile
Epicrates cenchria maurus,1077379,1077376,Amphibian and Reptile
Epicrates fordi,1077380,1077374,Amphibian and Reptile
Epicrates inornatus,1077381,1077374,Amphibian and Reptile
Epicrates striatus,1077382,1077374,Amphibian and Reptile
Epicrates striatus striatus,1077383,1077382,Amphibian and Reptile
Epicrates striatus strigulatus,1077384,1077382,Amphibian and Reptile
Loxocemus bicolor,1077351,1077350,Amphibian and Reptile
Xenopeltis unicolor,1077353,1077352,Amphibian and Reptile
Ogmophis compactus,1169312,1169311,Fossil Vertebrate
Cylindrophis ruffus,1168922,1077404,Amphibian and Reptile
Anilius scytale,1166027,1166026,Amphibian and Reptile
Tropidophis canus,1077407,1077406,""
Tropidophis canus barbouri,1077408,1077407,Amphibian and Reptile
Tropidophis canus androsi,1168865,1077407,Amphibian and Reptile
Ungaliophis continentalis,1077410,1077409,Amphibian and Reptile
Ungaliophis panamensis,1077411,1077409,Amphibian and Reptile
Casarea dussumieri,1077414,1077413,Amphibian and Reptile
Leptotyphlops conjunctus,1077418,1077417,""
Leptotyphlops conjunctus latirostris,1077419,1077418,Amphibian and Reptile
Leptotyphlops humilis,1077420,1077417,""
Leptotyphlops humilis cahuilae,1077421,1077420,Amphibian and Reptile
Leptotyphlops humilis segregus,1077422,1077420,Amphibian and Reptile
Leptotyphlops phenops,1077423,1077417,Amphibian and Reptile
Typhlops boulengeri,1077426,1077425,Amphibian and Reptile
Typhlops lumbricalis,1077427,1077425,Amphibian and Reptile
Acrochordus javanicus,1077764,1077763,Amphibian and Reptile
Aspidelaps lubricus,1077771,1077770,Amphibian and Reptile
Dendroaspis angusticeps,1077774,1077773,Amphibian and Reptile
Dendroaspis jamesoni,1077775,1077773,""
Dendroaspis jamesoni kaimosae,1077776,1077775,Amphibian and Reptile
Dendroaspis polylepis,1077777,1077773,""
Dendroaspis polylepis antinorii,1077778,1077777,Amphibian and Reptile
Naja bungarus,1077780,1077779,Amphibian and Reptile
Naja melanoleuca,1077781,1077779,Amphibian and Reptile
Naja naja,1077782,1077779,Amphibian and Reptile
Naja naja naja,1077783,1077782,Amphibian and Reptile
Ophiophagus hannah,1077785,1077784,Amphibian and Reptile
Bungarus fasciatus,1168915,1168914,Amphibian and Reptile
Acanthophis antarcticus,1077788,1077787,Amphibian and Reptile
Micrurus fulvius,1077791,1077790,Amphibian and Reptile
Micrurus fulvius fulvius,1077792,1077791,Amphibian and Reptile
Micrurus tener,1077793,1077790,Amphibian and Reptile
Laticauda laticauda,1077796,1077795,Amphibian and Reptile
Bitis arietans,1077812,1077811,Amphibian and Reptile
Bitis arietans arietans,1077813,1077812,Amphibian and Reptile
Bitis gabonica,1077814,1077811,Amphibian and Reptile
Bitis nasicornis,1077815,1077811,Amphibian and Reptile
Echis carinatus,1077817,1077816,Amphibian and Reptile
Vipera berus,1077819,1077818,Amphibian and Reptile
Vipera berus berus,1077820,1077819,""
Atheris squamiger,1077822,1077821,Amphibian and Reptile
Cerastes cerastes,1077824,1077823,Amphibian and Reptile
Cerastes vipera,1077825,1077823,Amphibian and Reptile
Daboia russelli,1077827,1077826,Amphibian and Reptile
Trimeresurus albolabris,1077885,1077884,Amphibian and Reptile
Trimeresurus gramineus,1077886,1077884,Amphibian and Reptile
Trimeresurus popeorum,1077887,1077884,Amphibian and Reptile
Agkistrodon acutus,1077830,1077829,Amphibian and Reptile
Agkistrodon bilineatus,1077831,1077829,Amphibian and Reptile
Agkistrodon contortrix,1077832,1077829,Amphibian and Reptile
Agkistrodon contortrix contortrix,1077833,1077832,Amphibian and Reptile
Agkistrodon contortrix laticinctus,1077834,1077832,Amphibian and Reptile
Agkistrodon contortrix mokasen,1077835,1077832,Amphibian and Reptile
Agkistrodon halys,1077836,1077829,Amphibian and Reptile
Agkistrodon piscivorus,1077837,1077829,Amphibian and Reptile
Agkistrodon piscivorus conanti,1077838,1077837,Amphibian and Reptile
Agkistrodon piscivorus leucostoma,1077839,1077837,Amphibian and Reptile
Agkistrodon piscivorus piscivorus,1077840,1077837,Amphibian and Reptile
Agkistrodon rhodostoma,1077841,1077829,Amphibian and Reptile
Bothrops godmani,1077843,1077842,Amphibian and Reptile
Bothrops jararaca,1077844,1077842,Amphibian and Reptile
Bothrops lateralis,1077845,1077842,Amphibian and Reptile
Bothrops nasutus,1077846,1077842,""
Bothrops schlegeli,1077847,1077842,Amphibian and Reptile
Bothrops nummifer,1077848,1077842,Amphibian and Reptile
Crotalus adamanteus,1077850,1077849,Amphibian and Reptile
Crotalus atrox,1077851,1077849,Amphibian and Reptile
Crotalus cerastes,1077852,1077849,Amphibian and Reptile
Crotalus durissus,1077853,1077849,Amphibian and Reptile
Crotalus durissus durissus,1077854,1077853,Amphibian and Reptile
Crotalus horridus,1077855,1077849,Amphibian and Reptile
Crotalus horridus horridus,1077856,1077855,Amphibian and Reptile
Crotalus lepidus,1077857,1077849,""
Crotalus lepidus klauberi,1077858,1077857,Amphibian and Reptile
Crotalus mitchelli,1077859,1077849,Amphibian and Reptile
Crotalus mitchelli stephensi,1077860,1077859,Amphibian and Reptile
Crotalus pricei,1077861,1077849,""
Crotalus pricei pricei,1077862,1077861,Amphibian and Reptile
Crotalus ruber,1077863,1077849,""
Crotalus ruber ruber,1077864,1077863,Amphibian and Reptile
Crotalus scutulatus,1077865,1077849,Amphibian and Reptile
Crotalus scutulatus scutulatus,1077866,1077865,Amphibian and Reptile
Crotalus vegrandis,1077867,1077849,Amphibian and Reptile
Crotalus viridis,1077868,1077849,Amphibian and Reptile
Crotalus viridis helleri,1077869,1077868,Amphibian and Reptile
Crotalus viridis viridis,1077871,1077868,Amphibian and Reptile
Crotalus viridis concolor,1077872,1077868,Amphibian and Reptile
Crotalus viridis nuntius,1077873,1077868,Amphibian and Reptile
Crotalus oreganus,1077870,1077849,Amphibian and Reptile
Crotalus molossus,1077874,1077849,Amphibian and Reptile
Crotalus tigris,1077875,1077849,Amphibian and Reptile
Lachesis muta,1077877,1077876,Amphibian and Reptile
Sistrurus catenatus,1077879,1077878,Amphibian and Reptile
Sistrurus catenatus catenatus,1077880,1077879,Amphibian and Reptile
Sistrurus catenatus tergeminus,1077881,1077879,Amphibian and Reptile
Sistrurus miliarius,1077882,1077878,Amphibian and Reptile
Sistrurus miliarius barbouri,1077883,1077882,Amphibian and Reptile
Regina grahami,1077711,1077710,Amphibian and Reptile
Regina septemvittata,1077712,1077710,Amphibian and Reptile
Regina rigida,1077713,1077710,""
Amphiesma stolata,1077686,1077685,Amphibian and Reptile
Tropidonophis mairii,1166025,1077685,Amphibian and Reptile
Natrix tessellata,1077688,1077687,Amphibian and Reptile
Natrix natrix,1077689,1077687,Amphibian and Reptile
Natrix natrix natrix,1077690,1077689,Amphibian and Reptile
Nerodia harteri,1077702,1077691,Amphibian and Reptile
Nerodia rhombifer,1077703,1077691,Amphibian and Reptile
Nerodia sipedon,1077704,1077691,"Amphibian and Reptile,Parasite"
Nerodia sipedon confluens,1077705,1077704,Amphibian and Reptile
Nerodia sipedon insularum,1077706,1077704,Amphibian and Reptile
Nerodia sipedon sipedon,1077707,1077704,"Amphibian and Reptile,Parasite"
Nerodia taxispilota,1077708,1077691,Amphibian and Reptile
Nerodia clarki,1077692,1077691,""
Nerodia clarki compressicauda,1077693,1077692,Amphibian and Reptile
Nerodia cyclopion,1077694,1077691,Amphibian and Reptile
Nerodia floridana,1077695,1077691,Amphibian and Reptile
Nerodia erythrogaster,1077696,1077691,Amphibian and Reptile
Nerodia erythrogaster flavigaster,1077697,1077696,Amphibian and Reptile
Nerodia erythrogaster transversa,1077698,1077696,Amphibian and Reptile
Nerodia fasciata,1077699,1077691,Amphibian and Reptile
Nerodia fasciata fasciata,1077700,1077699,Amphibian and Reptile
Nerodia fasciata pictiventris,1077701,1077699,Amphibian and Reptile
Seminatrix pygaea,1077715,1077714,Amphibian and Reptile
Storeria dekayi,1077718,1077717,Amphibian and Reptile
Storeria dekayi dekayi,1077719,1077718,Amphibian and Reptile
Storeria dekayi texana,1077720,1077718,Amphibian and Reptile
Storeria dekayi wrightorum,1077721,1077718,Amphibian and Reptile
Storeria dekayi victa,1077722,1077718,Amphibian and Reptile
Storeria occipitomaculata,1077723,1077717,Amphibian and Reptile
Storeria occipitomaculata occipitomaculata,1077724,1077723,Amphibian and Reptile
Thamnophis brachystoma,1077726,1077725,Amphibian and Reptile
Thamnophis butleri,1077727,1077725,Amphibian and Reptile
Thamnophis couchi,1077728,1077725,""
Thamnophis couchi hammondi,1077729,1077728,Amphibian and Reptile
Thamnophis cyrtopsis,1077730,1077725,Amphibian and Reptile
Thamnophis elegans,1077731,1077725,Amphibian and Reptile
Thamnophis elegans nigrescens,1077732,1077731,Amphibian and Reptile
Thamnophis elegans vagrans,1077733,1077731,Amphibian and Reptile
Thamnophis elegans biscutatus,1077734,1077731,Amphibian and Reptile
Thamnophis eques,1077735,1077725,Amphibian and Reptile
Thamnophis marcianus,1077736,1077725,Amphibian and Reptile
Thamnophis marcianus marcianus,1077737,1077736,Amphibian and Reptile
Thamnophis marcianus nigrolateris,1077738,1077736,Amphibian and Reptile
Thamnophis ordinoides,1077739,1077725,Amphibian and Reptile
Thamnophis ordinoides ordinoides,1077740,1077739,Amphibian and Reptile
Thamnophis proximus,1077741,1077725,Amphibian and Reptile
Thamnophis radix,1077742,1077725,Amphibian and Reptile
Thamnophis radix haydeni,1077743,1077742,Amphibian and Reptile
Thamnophis sauritus,1077744,1077725,Amphibian and Reptile
Thamnophis sauritus septentrionalis,1077745,1077744,Amphibian and Reptile
Thamnophis sauritus sackeni,1077746,1077744,Amphibian and Reptile
Thamnophis sauritus sauritus,1077747,1077744,Amphibian and Reptile
Thamnophis sirtalis,1077748,1077725,"Parasite,Amphibian and Reptile"
Thamnophis sirtalis annectens,1077749,1077748,Amphibian and Reptile
Thamnophis sirtalis fitchi,1077750,1077748,Amphibian and Reptile
Thamnophis sirtalis pallidulus,1077751,1077748,Amphibian and Reptile
Thamnophis sirtalis parietalis,1077752,1077748,Amphibian and Reptile
Thamnophis sirtalis pickeringi,1077753,1077748,Amphibian and Reptile
Thamnophis sirtalis sirtalis,1077754,1077748,"Amphibian and Reptile,Parasite"
Virginia striatula,1077758,1077757,Amphibian and Reptile
Virginia valeriae,1077759,1077757,Amphibian and Reptile
Virginia pulchra,1077760,1077759,Amphibian and Reptile
Virginia valeriae valeriae,1077761,1077759,Amphibian and Reptile
Tropidoclonion lineatum,1077756,1077755,Amphibian and Reptile
Erpeton tentaculatum,1077767,1077766,Amphibian and Reptile
Enhydris bocourti,1169679,1169678,Amphibian and Reptile
Carphophis amoenus,1077458,1077457,Amphibian and Reptile
Carphophis amoenus amoenus,1077459,1077458,Amphibian and Reptile
Coniophanes imperialis,1077461,1077460,Amphibian and Reptile
Diadophis punctatus,1077463,1077462,Amphibian and Reptile
Diadophis punctatus arnyi,1077464,1077463,Amphibian and Reptile
Diadophis punctatus edwardsi,1077465,1077463,Amphibian and Reptile
Diadophis punctatus punctatus,1077466,1077463,Amphibian and Reptile
Hypsiglena torquata,1077468,1077467,Amphibian and Reptile
Hypsiglena torquata slevini,1077469,1077468,Amphibian and Reptile
Hypsiglena torquata ochrorhyncha,1077470,1077468,Amphibian and Reptile
Imantodes gracillimus,1077472,1077471,Amphibian and Reptile
Leptodeira annulata,1077474,1077473,Amphibian and Reptile
Oxybelis aeneus,1077476,1077475,Amphibian and Reptile
Oxybelis fulgidus,1077477,1077475,""
Oxybelis fulgidus fulgidus,1077478,1077477,Amphibian and Reptile
Tantilla coronata,1077480,1077479,""
Tantilla coronata wagneri,1077481,1077480,Amphibian and Reptile
Tantilla gracilis,1077482,1077479,Amphibian and Reptile
Tantilla gracilis gracilis,1077483,1077482,Amphibian and Reptile
Trimorphodon biscutatus,1077485,1077484,""
Trimorphodon biscutatus vandenburghi,1077486,1077485,Amphibian and Reptile
Hypsirhynchus ferox,1077451,1077450,Amphibian and Reptile
Arrhyton exiguum,1077453,1077452,""
Arrhyton exiguum stabli,1168854,1077453,Amphibian and Reptile
Arrhyton funereum,1178776,1077452,Amphibian and Reptile
Clelia clelia,1077455,1077454,Amphibian and Reptile
Alsophis cantherigerus,1077433,1077432,Amphibian and Reptile
Alsophis portoricensis,1077434,1077432,""
Alsophis portoricensis prymnus,1077435,1077434,Amphibian and Reptile
Alsophis portoricensis portoricensis,1168775,1077434,Amphibian and Reptile
Atractus major,1077437,1077436,Amphibian and Reptile
Farancia abacura,1077439,1077438,Amphibian and Reptile
Farancia abacura abacura,1077440,1077439,Amphibian and Reptile
Farancia abacura reinwardti,1077441,1077439,Amphibian and Reptile
Heterodon platyrhinos,1077447,1077442,Amphibian and Reptile
Heterodon platyrhinos platyrhinos,1077448,1077447,Amphibian and Reptile
Heterodon simus,1077449,1077442,Amphibian and Reptile
Heterodon nasicus,1077443,1077442,Amphibian and Reptile
Heterodon nasicus kennerlyi,1077446,1077443,Amphibian and Reptile
Heterodon nasicus nasicus,1077444,1077443,Amphibian and Reptile
Heterodon nasicus gloydi,1077445,1077443,Amphibian and Reptile
Erythrolamprus bizonus,1077496,1077495,Amphibian and Reptile
Erythrolamprus mimus,1077497,1077495,Amphibian and Reptile
Liophis miliaris,1077499,1077498,""
Liophis cobella,1174745,1077498,Amphibian and Reptile
Pseudoeryx plicatilis,1077492,1077491,""
Pseudoeryx plicatilis plicatilis,1077493,1077492,Amphibian and Reptile
Helicops angulatus,1077490,1077489,Amphibian and Reptile
Helicops leopardinus,1168871,1077489,Amphibian and Reptile
Sibynomorphus vagus,1168873,1168872,Amphibian and Reptile
Lamprophis fuliginosus,1077503,1077506,Amphibian and Reptile
Lamprophis fuliginosus fuliginosus,1077504,1077503,Amphibian and Reptile
Lamprophis lineatus,1077505,1077506,Amphibian and Reptile
Lamprophis aurora,1077507,1077506,Amphibian and Reptile
Lycodonomorphus rufulus,1077509,1077508,Amphibian and Reptile
Natriciteres fuliginoides,1077512,1077511,Amphibian and Reptile
Natriciteres variegata,1077513,1077511,Amphibian and Reptile
Homorelaps lacteus,1077517,1077516,Amphibian and Reptile
Duberria lutrix,1077520,1077519,Amphibian and Reptile
Lioheterodon madagascariensis,1077523,1077522,Amphibian and Reptile
Phyllorhynchus decurtatus,1077529,1077528,""
Phyllorhynchus decurtatus perkinsi,1077530,1077529,Amphibian and Reptile
Phyllorhynchus browni,1077531,1077528,""
Phyllorhynchus browni browni,1077532,1077531,Amphibian and Reptile
Psammophis crucifer,1077538,1077537,Amphibian and Reptile
Psammophis leithi,1077539,1077537,Amphibian and Reptile
Psammophis punctulatus,1077540,1077537,Amphibian and Reptile
Rhamphiophis oxyrhynchus,1077542,1077541,Amphibian and Reptile
Psammophylax rhombeatus,1077544,1077543,""
Malpolon monspessulanus,1077535,1077534,""
Malpolon monspessulanus insignatus,1077536,1077535,""
Boiga dendrophila,1077672,1077671,Amphibian and Reptile
Boiga gokool,1077673,1077671,Amphibian and Reptile
Crotaphopeltis hotamboeia,1077675,1077674,Amphibian and Reptile
Crotaphopeltis hotamboeia hotamboeia,1077676,1077675,Amphibian and Reptile
Dipsadoboa elongata,1077678,1077677,""
Dipsadoboa elongata gracilis,1077679,1077678,Amphibian and Reptile
Dispholidus typus,1077681,1077680,Amphibian and Reptile
Dendrelaphis punctulatus,1077665,1077664,Amphibian and Reptile
Gastropyxis smaragdina,1077667,1077666,Amphibian and Reptile
Philothamnus hoplogaster,1077669,1077668,Amphibian and Reptile
Salvadora hexalepis,1077617,1077616,Amphibian and Reptile
Salvadora hexalepis hexalepis,1077618,1077617,Amphibian and Reptile
Salvadora hexalepis mojavensis,1077619,1077617,Amphibian and Reptile
Salvadora deserticola,1077620,1077616,Amphibian and Reptile
Salvadora grahamiae,1077621,1077616,""
Salvadora grahamiae lineata,1077622,1077621,Amphibian and Reptile
Arizona elegans,1077548,1077547,Amphibian and Reptile
Coluber constrictor,1077550,1077549,Amphibian and Reptile
Coluber constrictor constrictor,1077551,1077550,Amphibian and Reptile
Coluber constrictor flaviventris,1077552,1077550,Amphibian and Reptile
Coluber constrictor foxi,1077553,1077550,Amphibian and Reptile
Coluber constrictor mormon,1077554,1077550,Amphibian and Reptile
Coluber constrictor paludicola,1077555,1077550,""
Coluber constrictor priapus,1077556,1077550,Amphibian and Reptile
Coluber constrictor anthicus,1077557,1077550,Amphibian and Reptile
Coluber hippocrepis,1077558,1077549,Amphibian and Reptile
Coluber karelini,1077559,1077549,Amphibian and Reptile
Coluber najadum,1077560,1077549,Amphibian and Reptile
Coronella austriaca,1077562,1077561,Amphibian and Reptile
Dasypeltis scabra,1077564,1077563,Amphibian and Reptile
Drymarchon corais,1077566,1077565,""
Drymarchon corais couperi,1077567,1077566,Amphibian and Reptile
Drymarchon corais erebennus,1077568,1077566,Amphibian and Reptile
Leptophis ahetulla,1077590,1077589,""
Leptophis ahetulla occidentalis,1077591,1077590,Amphibian and Reptile
Liopeltis baliodirus,1077593,1077592,""
Masticophis bilineatus,1077595,1077594,Amphibian and Reptile
Masticophis bilineatus bilineatus,1077596,1077595,""
Masticophis flagellum,1077597,1077594,Amphibian and Reptile
Masticophis flagellum flagellum,1077598,1077597,Amphibian and Reptile
Masticophis flagellum testaceus,1077599,1077597,Amphibian and Reptile
Masticophis flagellum piceus,1077600,1077597,""
Masticophis lateralis,1077601,1077594,Amphibian and Reptile
Masticophis taeniatus,1077602,1077594,Amphibian and Reptile
Mastigodryas melanolomus,1077604,1077603,""
Mastigodryas melanolomus tehuanae,1077605,1077604,Amphibian and Reptile
Opheodrys aestivus,1077607,1077606,Amphibian and Reptile
Pituophis melanoleucus,1077611,1077610,Amphibian and Reptile
Pituophis melanoleucus melanoleucus,1077614,1077611,Amphibian and Reptile
Pituophis catenifer,1169270,1077610,""
Pituophis catenifer affinis,1077612,1169270,Amphibian and Reptile
Pituophis catenifer annectens,1077613,1169270,Amphibian and Reptile
Pituophis catenifer deserticola,1125625,1169270,Amphibian and Reptile
Pituophis catenifer catenifer,1125624,1169270,""
Pituophis catenifer sayi,1077615,1169270,Amphibian and Reptile
Ptyas mucosus,1077624,1077623,Amphibian and Reptile
Spilotes pullatus,1077626,1077625,Amphibian and Reptile
Ahaetulla nasuta,1077570,1077569,Amphibian and Reptile
Elaphe schrencki,1077584,1077571,Amphibian and Reptile
Elaphe subocularis,1077585,1077571,Amphibian and Reptile
Elaphe vulpina,1077586,1077571,Amphibian and Reptile
Elaphe vulpina vulpina,1077588,1077586,Amphibian and Reptile
Elaphe dione,1077572,1077571,Amphibian and Reptile
Elaphe guttata,1077573,1077571,Amphibian and Reptile
Elaphe guttata emoryi,1077574,1077573,Amphibian and Reptile
Elaphe guttata guttata,1077575,1077573,Amphibian and Reptile
Elaphe guttata rosacea,1077576,1077573,Amphibian and Reptile
Elaphe moellendorffi,1077577,1077571,Amphibian and Reptile
Elaphe obsoleta,1077578,1077571,Amphibian and Reptile
Elaphe obsoleta obsoleta,1077580,1077578,Amphibian and Reptile
Elaphe obsoleta quadrivittata,1077581,1077578,Amphibian and Reptile
Elaphe obsoleta rossalleni,1077582,1077578,Amphibian and Reptile
Elaphe obsoleta spiloides,1077583,1077578,Amphibian and Reptile
Elaphe obsoleta lindheimeri,1077579,1077578,Amphibian and Reptile
Liochlorophis vernalis,1077608,1183444,Amphibian and Reptile
Liochlorophis vernalis vernalis,500343,1077608,Amphibian and Reptile
Liochlorophis vernalis blanchardi,1077609,1077608,Amphibian and Reptile
Liochlorophis vernalis borealis,1165311,1077608,Amphibian and Reptile
Entechinus major,1169677,1169676,Amphibian and Reptile
Pantherophis vulpinus,1077587,1194955,"Amphibian and Reptile,Parasite"
Cemophora coccinea,1077629,1077628,Amphibian and Reptile
Cemophora coccinea copei,1077630,1077629,Amphibian and Reptile
Lampropeltis calligaster,1077632,1077631,Amphibian and Reptile
Lampropeltis calligaster calligaster,1077633,1077632,Amphibian and Reptile
Lampropeltis getulus,1077634,1077631,"Amphibian and Reptile,Parasite"
Lampropeltis getulus brooksi,1077635,1077634,Amphibian and Reptile
Lampropeltis getulus californiae,1077636,1077634,Amphibian and Reptile
Lampropeltis getulus getulus,1077637,1077634,Amphibian and Reptile
Lampropeltis getulus holbrooki,1077638,1077634,"Amphibian and Reptile,Parasite"
Lampropeltis getulus splendida,1077639,1077634,Amphibian and Reptile
Lampropeltis getulus yumensis,1169022,1077634,Amphibian and Reptile
Lampropeltis mexicana,1077640,1077631,""
Lampropeltis alterna,1077641,1077631,Amphibian and Reptile
Lampropeltis triangulum,1077642,1077631,Amphibian and Reptile
Lampropeltis triangulum amaura,1077643,1077642,Amphibian and Reptile
Lampropeltis triangulum gentilis,1077644,1077642,""
Lampropeltis triangulum hondurensis,1077645,1077642,Amphibian and Reptile
Lampropeltis triangulum micropholis,1077646,1077642,Amphibian and Reptile
Lampropeltis triangulum syspila,1077647,1077642,Amphibian and Reptile
Lampropeltis triangulum triangulum,1077648,1077642,Amphibian and Reptile
Lampropeltis zonata,1077649,1077631,""
Lampropeltis pyromelana,1077650,1077631,Amphibian and Reptile
Rhinocheilus lecontei,1077652,1077651,Amphibian and Reptile
Rhinocheilus lecontei tessellatus,1169025,1077652,Amphibian and Reptile
Conopsis nasus,1077658,1077657,Amphibian and Reptile
Sonora episcopa,1077660,1077659,Amphibian and Reptile
Sonora episcopa episcopa,1077661,1077660,Amphibian and Reptile
Sonora semianulata,1077662,1077659,Amphibian and Reptile
Chionactis occipitalis,1077655,1077654,""
Chionactis occipitalis occipitalis,1077656,1077655,Amphibian and Reptile
Chironius carinatus,1168870,1168869,Amphibian and Reptile
Contia tenuis,1125615,1125614,""
Kolpophis annandalei,1077805,1077804,Amphibian and Reptile
Pelamis platura,1077807,1077806,Amphibian and Reptile
Hydrophis klossi,1077803,1077799,Amphibian and Reptile
Hydrophis caerulescens,1077800,1077799,Amphibian and Reptile
Hydrophis cyanocinctus,1077801,1077799,Amphibian and Reptile
Hydrophis fasciatus,1077802,1077799,Amphibian and Reptile
Hydrophis ornatus,1177517,1077799,Parasite
Simoliophis cibycus,1174502,1174501,Fossil Vertebrate
Shinisaurus crocodilurus,1077284,1077283,Amphibian and Reptile
Celestus warreni,1077292,1077289,Amphibian and Reptile
Celestus crusculus,1077293,1077289,""
Celestus crusculus crusculus,1077294,1077293,Amphibian and Reptile
Celestus barbouri,1077295,1077289,Amphibian and Reptile
Diploglossus atitlanensis,1077290,1077291,""
Mesaspis moreleti,1077297,1077296,Amphibian and Reptile
Barisia imbricata,1077300,1077299,Amphibian and Reptile
Barisia imbricata ciliaris,1077301,1077300,""
Elgaria coerulea,1077303,1077302,Amphibian and Reptile
Elgaria coerulea principis,1077304,1077303,Amphibian and Reptile
Elgaria kingi,1077305,1077302,Amphibian and Reptile
Elgaria multicarinata,1077306,1077302,Amphibian and Reptile
Elgaria multicarinata multicarinata,1077307,1077306,Amphibian and Reptile
Elgaria multicarinata webbi,1077308,1077306,Amphibian and Reptile
Gerrhonotus liocephlalus,1077310,1077309,""
Gerrhonotus liocephlalus infernalis,1077311,1077310,Amphibian and Reptile
Ophisaurus apodus,1077313,1077312,Amphibian and Reptile
Ophisaurus attenuatus,1077314,1077312,Amphibian and Reptile
Ophisaurus attenuatus attenuatus,1077315,1077314,Amphibian and Reptile
Ophisaurus ventralis,1077316,1077312,Amphibian and Reptile
Anguis fragilis,1077319,1077318,Amphibian and Reptile
Anguis anguis,1166028,1077318,Amphibian and Reptile
Peltosaurus granulosus,1169310,1169309,Fossil Vertebrate
Melanosaurus maximus,1172607,1172606,Fossil Vertebrate
Anniella pulchra,1166031,1166030,Amphibian and Reptile
Heloderma horridum,1077280,1077279,Amphibian and Reptile
Heloderma suspectum,1164336,1077279,Amphibian and Reptile
Varanus niloticus,1077322,1077321,Amphibian and Reptile
Varanus niloticus niloticus,1077323,1077322,Amphibian and Reptile
Varanus indicus,1077324,1077321,Amphibian and Reptile
Varanus rudicollis,1077325,1077321,Amphibian and Reptile
Varanus salvator,1077326,1077321,Amphibian and Reptile
Varanus varius,1077327,1077321,"Amphibian and Reptile,Parasite"
Varanus tristis,1177514,1077321,""
Varanus tristis orientalis,1177515,1177514,Parasite
Palaeosaniwa canadensis,1164671,1164670,Fossil Vertebrate
Xantusia vigilis,1077100,1077099,Amphibian and Reptile
Acanthosaura armata,1076958,1076957,Amphibian and Reptile
Agama agama,1076960,1076959,Amphibian and Reptile
Agama agilis,1076961,1076959,Amphibian and Reptile
Agama anchietae,1076962,1076959,""
Agama anchietae knobeli,1076963,1076962,Amphibian and Reptile
Agama cyanogaster,1076964,1076959,Amphibian and Reptile
Agama hispida,1076965,1076959,""
Agama hispida armata,1076966,1076965,Amphibian and Reptile
Agama hispida distanti,1076967,1076965,Amphibian and Reptile
Agama hispida brachyura,1076968,1076965,Amphibian and Reptile
Agama lehmanni,1076969,1076959,Amphibian and Reptile
Agama ruderata,1076970,1076959,Amphibian and Reptile
Amphibolurus barbatus,1076972,1076971,"Parasite,Amphibian and Reptile"
Calotes versicolor,1076974,1076973,"Parasite,Amphibian and Reptile"
Draco volans,1076976,1076975,Amphibian and Reptile
Phrynocephalus maculatus,1076978,1076977,Amphibian and Reptile
Phrynocephalus scutellatus,1076979,1076977,Amphibian and Reptile
Uromastyx hardwicki,1076981,1076980,Amphibian and Reptile
Physignathus lesueurii,1177525,1177524,Parasite
Gonatodes albogularis,1077085,1077084,Amphibian and Reptile
Gonatodes albogularis fuscus,1077086,1077085,Amphibian and Reptile
Sphaerodactylus goniorhynchus,1077088,1077087,Amphibian and Reptile
Sphaerodactylus argus,1077089,1077087,""
Sphaerodactylus argus argus,1077090,1077089,Amphibian and Reptile
Sphaerodactylus notatus,1077091,1077087,Amphibian and Reptile
Sphaerodactylus armasi,1077092,1077087,Amphibian and Reptile
Sphaerodactylus cinereus,1077093,1077087,Amphibian and Reptile
Sphaerodactylus gaigeae,1077094,1077087,Amphibian and Reptile
Sphaerodactylus macrolepis,1168777,1077087,""
Sphaerodactylus macrolepis guarionex,1168778,1168777,Amphibian and Reptile
Rhacodactylus auriculatus,1077001,1077000,Amphibian and Reptile
Coleonyx elegans,1077004,1077003,Amphibian and Reptile
Coleonyx variegatus,1077005,1077003,Amphibian and Reptile
Coleonyx variegatus utahensis,1077006,1077005,Amphibian and Reptile
Coleonyx variegatus bogerti,1077007,1077005,Amphibian and Reptile
Coleonyx mitratus,1077008,1077003,Amphibian and Reptile
Eublepharis macularius,1077010,1077009,Amphibian and Reptile
Hemitheconyx caudocinctus,1077012,1077011,Amphibian and Reptile
Teratoscincus przewalski,1077077,1077076,Amphibian and Reptile
Teratoscincus scincus,1077078,1077076,Amphibian and Reptile
Thecadactylus rapicauda,1077080,1077079,Amphibian and Reptile
Uroplatus fimbriatus,1077082,1077081,Amphibian and Reptile
Agamura persica,1077015,1077014,Amphibian and Reptile
Aristelliger praesignis,1077017,1077016,Amphibian and Reptile
Chondrodactylus angulifer,1077019,1077018,Amphibian and Reptile
Crossobamon eversmanni,1077021,1077020,Amphibian and Reptile
Hemidactylus turcicus,1077035,1077034,Amphibian and Reptile
Hemidactylus turcicus turcicus,1077036,1077035,Amphibian and Reptile
Hemidactylus longicephalus,1077037,1077034,Amphibian and Reptile
Hemidactylus muriceus,1077038,1077034,Amphibian and Reptile
Hemidactylus mabouia,1077039,1077034,Amphibian and Reptile
Hemidactylus brookii,1077040,1077034,Amphibian and Reptile
Hemidactylus brookii haitianus,1077041,1077040,Amphibian and Reptile
Hemidactylus triedrus,1077042,1077034,""
Hemidactylus triedrus lankae,1077043,1077042,Amphibian and Reptile
Hemidactylus bowringii,1077044,1077034,""
Hemidactylus frenatus,1166500,1077034,Parasite
Hemidactylus garnoti,1166502,1077034,""
Heteronotia binoei,1077046,1077045,Amphibian and Reptile
Lepidodactylus lugubris,1077048,1077047,Amphibian and Reptile
Lygodactylus depressus,1077050,1077049,Amphibian and Reptile
Lygodactylus methueni,1077052,1077049,Amphibian and Reptile
Lygodactylus conraui,1077053,1077049,Amphibian and Reptile
Lygodactylus picturatus,1077054,1077049,""
Lygodactylus picturatus gutturalis,1077051,1077054,Amphibian and Reptile
Lygodactylus picturatus picturatus,1077055,1077054,Amphibian and Reptile
Pachydactylus bibronii,1077057,1077056,Amphibian and Reptile
Pachydactylus lineatus,1077058,1077056,""
Pachydactylus lineatus essexi,1077059,1077058,Amphibian and Reptile
Phelsuma cepediana,1077061,1077060,Amphibian and Reptile
Phelsuma comorensis,1077062,1077060,Amphibian and Reptile
Phelsuma guentheri,1077063,1077060,Amphibian and Reptile
Phelsuma laticauda,1077064,1077060,Amphibian and Reptile
Phelsuma madagascariensis,1077065,1077060,Amphibian and Reptile
Phelsuma sundbergi,1077066,1077060,""
Phelsuma sundbergi ladiguensis,1077067,1077066,Amphibian and Reptile
Cyrtodactylus caspius,1077023,1077022,Amphibian and Reptile
Cyrtodactylus fedtschenkoi,1077024,1077022,Amphibian and Reptile
Cyrtodactylus peguensis,1077025,1077022,Amphibian and Reptile
Cyrtodactylus pulchellus,1077026,1077022,Amphibian and Reptile
Ebenavia boettgeri,1077028,1077027,Amphibian and Reptile
Gehyra oceanica,1077030,1077029,Amphibian and Reptile
Gehyra mutilata,1166501,1077029,Parasite
Gekko gecko,1077032,1077031,"Amphibian and Reptile,Parasite"
Gekko monarchus,1077033,1077031,Amphibian and Reptile
Phyllodactylus lineatus,1077069,1077068,Amphibian and Reptile
Ptychozoon lionotum,1077071,1077070,Amphibian and Reptile
Tarentola americana,1077073,1077072,""
Tarentola americana warreni,1077074,1077073,Amphibian and Reptile
Tarentola mauritanica,1077075,1077072,Amphibian and Reptile
Cosymbotus platyurus,1166516,1166515,Parasite
Chamaeleo cephalolepis,1076985,1076983,Amphibian and Reptile
Chamaeleo chameleon,1076986,1076983,Amphibian and Reptile
Chamaeleo dilepis,1076987,1076983,Amphibian and Reptile
Chamaeleo dilepis dilepis,1076988,1076987,Amphibian and Reptile
Chamaeleo ellioti,1076989,1076983,Amphibian and Reptile
Chamaeleo jacksonii,1076990,1076983,Amphibian and Reptile
Chamaeleo johnstoni,1076991,1076983,Amphibian and Reptile
Chamaeleo pumilus,1076992,1076983,""
Chamaeleo pumilus pumilus,1076993,1076992,Amphibian and Reptile
Chamaeleo rudis,1076994,1076983,""
Chamaeleo rudis rudis,1076995,1076994,Amphibian and Reptile
Chamaeleo taeniabronchus,1076996,1076983,""
Chamaeleo bitaeniatus,1076997,1076983,Amphibian and Reptile
Chamaeleo adolfifriderici,1076984,1076983,Amphibian and Reptile
Furcifer pardalis,1194953,1194952,Amphibian and Reptile
Uma notata,1076947,1076946,Amphibian and Reptile
Urosaurus nigricaudus,1076949,1076948,Amphibian and Reptile
Urosaurus ornatus,1076950,1076948,Amphibian and Reptile
Uta stansburiana,1076952,1076951,Amphibian and Reptile
Uta stansburiana hesperis,1076953,1076952,Amphibian and Reptile
Cyclura cornuta,1076955,1076954,Amphibian and Reptile
Anolis cristatellus,1076816,1076815,Amphibian and Reptile
Anolis cristatellus cristatellus,1168776,1076816,Amphibian and Reptile
Anolis purpurescens,1076817,1076815,Amphibian and Reptile
Anolis auratus,1076818,1076815,Amphibian and Reptile
Anolis baracoae,1076819,1076815,Amphibian and Reptile
Anolis bimaculatus,1076820,1076815,Amphibian and Reptile
Anolis brunneus,1076821,1076815,Amphibian and Reptile
Anolis carolinensis,1076822,1076815,"Amphibian and Reptile,Parasite"
Anolis carolinensis carolinensis,1076823,1076822,Amphibian and Reptile
Anolis wattsi,1076852,1076815,Amphibian and Reptile
Anolis cuvieri,1076853,1076815,Amphibian and Reptile
Anolis evermanni,1076854,1076815,Amphibian and Reptile
Anolis gundlachi,1076855,1076815,Amphibian and Reptile
Anolis krugi,1076856,1076815,Amphibian and Reptile
Anolis pulchellus,1076857,1076815,Amphibian and Reptile
Anolis stratulus,1076858,1076815,Amphibian and Reptile
Anolis distichus,1076824,1076815,Amphibian and Reptile
Anolis equestris,1076825,1076815,""
Anolis equestris juraguensis,1076826,1076825,Amphibian and Reptile
Anolis garmani,1076827,1076815,Amphibian and Reptile
Anolis grahami,1076828,1076815,Amphibian and Reptile
Anolis grahami grahami,1076829,1076828,Amphibian and Reptile
Anolis humilis,1076830,1076815,Amphibian and Reptile
Anolis iodorus,1076831,1076815,Amphibian and Reptile
Anolis leachii,1076832,1076815,Amphibian and Reptile
Anolis limifrons,1076833,1076815,Amphibian and Reptile
Anolis lineatopus,1076834,1076815,Amphibian and Reptile
Anolis lineatopus ahenobarbus,1076835,1076834,Amphibian and Reptile
Anolis lineatopus lineatopus,1076836,1076834,Amphibian and Reptile
Anolis luteogularis,1076837,1076815,""
Anolis luteogularis nivevultus,1076838,1076837,Amphibian and Reptile
Anolis luteogularis delacruzi,1076839,1076837,Amphibian and Reptile
Anolis luteogularis sectilis,1076840,1076837,Amphibian and Reptile
Anolis luteogularis coctilis,1076841,1076837,Amphibian and Reptile
Anolis nitens,1076842,1076815,""
Anolis nitens nitens,1076843,1076842,Amphibian and Reptile
Anolis opalinus,1076844,1076815,Amphibian and Reptile
Anolis petersi,1076845,1076815,Amphibian and Reptile
Anolis reconditus,1076846,1076815,Amphibian and Reptile
Anolis roquet,1076847,1076815,""
Anolis roquet extremus,1076848,1076847,Amphibian and Reptile
Anolis sagrei,1076849,1076815,Amphibian and Reptile
Anolis sagrei ordinatus,1076850,1076849,Amphibian and Reptile
Anolis sagrei sagrei,1076851,1076849,Amphibian and Reptile
Basiliscus basiliscus,1076860,1076859,Amphibian and Reptile
Basiliscus brailuscus,1076861,1076859,Amphibian and Reptile
Basiliscus vittatus,1076862,1076859,Amphibian and Reptile
Callisaurus draconoides,1076864,1076863,Amphibian and Reptile
Corytophanes cristatus,1076866,1076865,Amphibian and Reptile
Corytophanes hernandezi,1168874,1076865,Amphibian and Reptile
Crotaphytus collaris,1076868,1076867,Amphibian and Reptile
Crotaphytus collaris collaris,1076869,1076868,Amphibian and Reptile
Ctenosaura similis,1076872,1076871,Parasite
Ctenosaura similis similis,1076873,1076872,Amphibian and Reptile
Ctenosaura acanthura,1076874,1076871,Amphibian and Reptile
Ctenosaura hemilopha,1076875,1076871,Amphibian and Reptile
Dipsosaurus dorsalis,1076877,1076876,Amphibian and Reptile
Dipsosaurus dorsalis dorsalis,1076878,1076877,Amphibian and Reptile
Enyalius iheringii,1076880,1076879,Amphibian and Reptile
Holbrookia maculata,1076882,1076881,Amphibian and Reptile
Holbrookia maculata approximans,1076883,1076882,Amphibian and Reptile
Holbrookia texana,1076884,1076881,Amphibian and Reptile
Holbrookia texana scitula,1076885,1076884,""
Holbrookia propinqua,1168864,1076881,Amphibian and Reptile
Oplurus cuvieri,1076903,1076902,Amphibian and Reptile
Petrosaurus thalassinus,1076905,1076904,Amphibian and Reptile
Phrynosoma cornutum,1076907,1076906,"Amphibian and Reptile,Parasite"
Phrynosoma douglasii,1076909,1076906,Amphibian and Reptile
Phrynosoma douglassi brevirostre,1076910,1076909,""
Phrynosoma douglassi ornatissimum,1076912,1076909,""
Phrynosoma douglassi douglassi,1125578,1076909,""
Phrynosoma hernandesi,1076911,1076906,Amphibian and Reptile
Phrynosoma orbiculare,1076913,1076906,""
Phrynosoma orbiculare orbiculare,1076914,1076913,Amphibian and Reptile
Phrynosoma solare,1076915,1076906,Amphibian and Reptile
Phrynosoma coronatum,1169467,1076906,Amphibian and Reptile
Phrynosoma coronatum frontale,1169468,1169467,""
Plica umbra,1076917,1076916,""
Plica umbra umbra,1076918,1076917,Amphibian and Reptile
Plica plica,1195689,1076917,Parasite
Polychrus gutturosus,1076920,1076919,""
Polychrus gutturosus spurrellii,1076921,1076920,Amphibian and Reptile
Polychrus marmoratus,1076922,1076919,Amphibian and Reptile
Sauromalus obesus,1076924,1076923,Amphibian and Reptile
Sceloporus graciosus,1076928,1076925,""
Sceloporus jarrovi,1076929,1076925,Amphibian and Reptile
Sceloporus magister,1076930,1076925,Amphibian and Reptile
Sceloporus merriami,1076931,1076925,Amphibian and Reptile
Sceloporus merriami annulatus,1076932,1076931,Amphibian and Reptile
Sceloporus merriami longipunctatus,1076933,1076931,""
Sceloporus mucronatus,1076934,1076925,""
Sceloporus occidentalis,1076935,1076925,Amphibian and Reptile
Sceloporus occidentalis biseriatus,1169269,1076935,Amphibian and Reptile
Sceloporus olivaceus,1076936,1076925,Amphibian and Reptile
Sceloporus orcutti,1076937,1076925,Amphibian and Reptile
Sceloporus poinsetti,1076938,1076925,Amphibian and Reptile
Sceloporus scalaris,1076939,1076925,Amphibian and Reptile
Sceloporus undulatus,1076940,1076925,Amphibian and Reptile
Sceloporus undulatus consobrinus,1076941,1076940,""
Sceloporus undulatus hyacinthinus,1076942,1076940,Amphibian and Reptile
Sceloporus undulatus undulatus,1076943,1076940,Amphibian and Reptile
Sceloporus undulatus garmani,1076944,1076940,""
Sceloporus virgatus,1076945,1076925,Amphibian and Reptile
Sceloporus clarki,1076926,1076925,Amphibian and Reptile
Sceloporus serrifer,1169802,1076925,""
Sceloporus serrifer cyanogenys,1076927,1169802,Amphibian and Reptile
Iguana iguana,1076887,1076886,"Amphibian and Reptile,Parasite"
Iguana iguana iguana,1076888,1076887,""
Iguana iguana rhinolopha,1076889,1076887,""
Laemanctus serratus,1076891,1076890,Amphibian and Reptile
Leiocephalus stictigaster,1076898,1076892,""
Leiocephalus stictigaster celeustes,1076899,1076898,Amphibian and Reptile
Leiocephalus stictigaster gibarensis,1076900,1076898,Amphibian and Reptile
Leiocephalus stictigaster naranjoi,1076901,1076898,Amphibian and Reptile
Leiocephalus carinatus,1076893,1076892,Amphibian and Reptile
Leiocephalus carinatus hodsdoni,1076894,1076893,Amphibian and Reptile
Leiocephalus macropus,1076895,1076892,""
Leiocephalus macropus asbolomus,1076896,1076895,Amphibian and Reptile
Leiocephalus macropus phylax,1076897,1076895,Amphibian and Reptile
Parasauromalus olseni,1170859,1170858,Fossil Vertebrate
Gambelia wislizeni,1076870,1169313,Amphibian and Reptile
Ameiva ameiva,1077103,1077102,Amphibian and Reptile
Ameiva ameiva melanocephala,1077104,1077103,Amphibian and Reptile
Ameiva ameiva tobagana,1077105,1077103,Amphibian and Reptile
Ameiva auberi,1077106,1077102,""
Ameiva auberi atrothorax,1077107,1077106,Amphibian and Reptile
Ameiva auberi garridoi,1077108,1077106,Amphibian and Reptile
Ameiva auberi marcida,1077109,1077106,Amphibian and Reptile
Ameiva dorsalis,1077110,1077102,Amphibian and Reptile
Ameiva edracantha,1077111,1077102,Amphibian and Reptile
Ameiva erythrocephala,1077112,1077102,Amphibian and Reptile
Ameiva festiva,1077113,1077102,Amphibian and Reptile
Ameiva exsul,1077114,1077102,Amphibian and Reptile
Ameiva undulata,1166024,1077102,Amphibian and Reptile
Gymnophthalmus multiscutatus,1077137,1077136,Amphibian and Reptile
Tupinambis teguixin,1077139,1077138,Amphibian and Reptile
Tupinambis teguixin nigropunctatus,1077140,1077139,Amphibian and Reptile
Dracaena guianensis,1077142,1077141,Amphibian and Reptile
Anadia ocellata,1077116,1077115,Amphibian and Reptile
Cnemidophorus lemniscatus,1077124,1077117,Amphibian and Reptile
Cnemidophorus angusticeps,1077125,1077117,""
Cnemidophorus angusticeps petenensis,1077126,1077125,Amphibian and Reptile
Cnemidophorus exsanguis,1077127,1077117,Amphibian and Reptile
Cnemidophorus sacki,1077128,1077117,Amphibian and Reptile
Cnemidophorus sacki gularis,1077129,1077128,Amphibian and Reptile
Cnemidophorus sexlineatus,1077130,1077117,Amphibian and Reptile
Cnemidophorus tigris,1077131,1077117,Amphibian and Reptile
Cnemidophorus tigris septentrionalis,1077132,1077131,Amphibian and Reptile
Cnemidophorus tigris maximus,1171003,1077131,Amphibian and Reptile
Cnemidophorus uniparens,1077133,1077117,Amphibian and Reptile
Cnemidophorus guttatus,1077134,1077117,""
Cnemidophorus guttatus immutabilis,1077135,1077134,""
Cnemidophorus lacertoides,1077118,1077117,Amphibian and Reptile
Cnemidophorus tesselatus,1077119,1077117,Amphibian and Reptile
Cnemidophorus hyperythrus,1077120,1077117,Amphibian and Reptile
Cnemidophorus hyperythrus beldingi,1169268,1077120,Amphibian and Reptile
Cnemidophorus burti,1077121,1077117,""
Cnemidophorus burti stictogrammus,1077122,1077121,""
Cnemidophorus burti immutabilis,1077123,1077121,Amphibian and Reptile
Chamops segnis,1164053,1164052,Fossil Vertebrate
Callopistes maculatus,1168867,1168866,Amphibian and Reptile
Tretioscincus bifasciatus,1168878,1168877,""
Tretioscincus bifasciatus kugleri,1168879,1168878,Amphibian and Reptile
Eremias guttulata,1077145,1077144,Amphibian and Reptile
Eremias velox,1077146,1077144,Amphibian and Reptile
Lacerta agilis,1077148,1077147,Amphibian and Reptile
Lacerta agilis brevicaudatus,1077149,1077148,Amphibian and Reptile
Lacerta viridis,1077151,1077147,Amphibian and Reptile
Lacerta viridis viridis,1077152,1077151,Amphibian and Reptile
Lacerta vivipara,1077153,1077147,Amphibian and Reptile
Lacerta lepida,1077154,1077147,Amphibian and Reptile
Ophisops elegans,1077156,1077155,Amphibian and Reptile
Poromera fordi,1077158,1077157,Amphibian and Reptile
Podarcis hispanica,1077150,1169442,Amphibian and Reptile
Takydromus sexlineatus,1166518,1166517,Parasite
Cordylosaurus subtessellatus,1077178,1077177,Amphibian and Reptile
Gerrhosaurus flavigularis,1077180,1077179,Amphibian and Reptile
Gerrhosaurus major,1077181,1077179,Amphibian and Reptile
Tetradactylus seps,1077183,1077182,""
Tetradactylus seps seps,1077184,1077183,Amphibian and Reptile
Platysaurus intermedius,1077172,1077171,Amphibian and Reptile
Pseudocordylus microlepidotus,1077174,1077173,Amphibian and Reptile
Pseudocordylus microlepidotus namaquensis,1077175,1077174,Amphibian and Reptile
Chamaesaura anguina,1077162,1077161,Amphibian and Reptile
Chamaesaura anguina tenuior,1077163,1077162,Amphibian and Reptile
Cordylus warreni,1077169,1077164,Amphibian and Reptile
Cordylus warreni depressus,1077170,1077169,Amphibian and Reptile
Cordylus cataphractus,1077165,1077164,Amphibian and Reptile
Cordylus cordylus,1077166,1077164,""
Cordylus cordylus cordylus,1077167,1077166,Amphibian and Reptile
Cordylus jordani,1077168,1077164,Amphibian and Reptile
Acontias meleagris,1077269,1077268,Amphibian and Reptile
Feylinia elegans,1077272,1077271,""
Feylinia elegans grandisquamus,1077273,1077272,Amphibian and Reptile
Feylinia elegans elegans,1077274,1077272,Amphibian and Reptile
Feylinia currori,1077275,1077271,Amphibian and Reptile
Eumeces egregius,1077188,1077187,Amphibian and Reptile
Eumeces egregius similis,1077189,1077188,Amphibian and Reptile
Eumeces tetragrammus,1077190,1077187,Amphibian and Reptile
Eumeces tetragrammus brevilineatus,1169339,1077190,""
Eumeces fasciatus,1077191,1077187,Amphibian and Reptile
Eumeces inexpectatus,1077192,1077187,Amphibian and Reptile
Eumeces laticeps,1077193,1077187,Amphibian and Reptile
Eumeces longirostris,1077194,1077187,Amphibian and Reptile
Eumeces obsoletus,1077195,1077187,Amphibian and Reptile
Eumeces septentrionalis,1077196,1077187,Amphibian and Reptile
Eumeces septentrionalis septentrionalis,1077197,1077196,""
Eumeces skiltonianus,1077198,1077187,Amphibian and Reptile
Eumeces skiltonianus skiltonianus,1077199,1077198,""
Eumeces gilberti,1168863,1077187,Amphibian and Reptile
Scelotes mira,1077201,1077200,Amphibian and Reptile
Scincus scincus,1077203,1077202,Amphibian and Reptile
Chalcides chalcides,1077205,1077204,""
Chalcides chalcides chalcides,1077206,1077205,""
Chalcides chalcides tridactylus,1171243,1077205,Amphibian and Reptile
Tiliqua scincoides,1077265,1077264,Amphibian and Reptile
Tiliqua rugosa,1077213,1077264,Amphibian and Reptile
Riopa afer,1077253,1077252,Amphibian and Reptile
Riopa fernandi,1077254,1077252,Amphibian and Reptile
Riopa sundevalli,1077255,1077252,Amphibian and Reptile
Sphenomorphus assatus,1077257,1077256,""
Sphenomorphus assatus taylori,1077258,1077257,Amphibian and Reptile
Scincella lateralis,1168862,1077256,Amphibian and Reptile
Sphenomorphus essingtoni,1077260,1077259,Amphibian and Reptile
Sphenomorphus labillardieri,1077261,1077259,Amphibian and Reptile
Sphenomorphus nigricaudis,1077262,1077259,Amphibian and Reptile
Egernia depressa,1077215,1077214,Amphibian and Reptile
Egernia napoleonis,1077216,1077214,Amphibian and Reptile
Egernia major,1077217,1077214,Amphibian and Reptile
Egernia bungana,1077218,1077214,Amphibian and Reptile
Egernia frerei,1077219,1077214,Amphibian and Reptile
Egernia pulchra,1077220,1077214,""
Egernia pulchra longicauda,1077221,1077220,Amphibian and Reptile
Emoia cyanura,1077223,1077222,Amphibian and Reptile
Emoia nigra,1077224,1077222,Amphibian and Reptile
Leiolopisma bicarinatum,1077226,1077225,Amphibian and Reptile
Leiolopisma reichenovei,1077228,1077225,Amphibian and Reptile
Leptosiaphos luberoensis,1077230,1077229,Amphibian and Reptile
Lygosoma novaeguineae,1077232,1077231,Amphibian and Reptile
Mabuya binotata,1077234,1077233,Amphibian and Reptile
Mabuya stangeri,1077235,1077233,Amphibian and Reptile
Mabuya comorensis,1077236,1077233,Amphibian and Reptile
Mabuya blandingi,1077237,1077233,Amphibian and Reptile
Mabuya capensis,1077238,1077233,Amphibian and Reptile
Mabuya homalocephala,1077239,1077233,Amphibian and Reptile
Mabuya homalocephala smithii,1077240,1077239,Amphibian and Reptile
Mabuya homalocephala homalocephala,1077241,1077239,Amphibian and Reptile
Mabuya homalocephala depressa,1077242,1077239,Amphibian and Reptile
Mabuya mabouya,1077243,1077233,Amphibian and Reptile
Mabuya mabouya pergravis,1077244,1077243,Amphibian and Reptile
Mabuya maculilabris,1077245,1077233,Amphibian and Reptile
Mabuya perroteti,1077246,1077233,Amphibian and Reptile
Mabuya polytropis,1077247,1077233,Amphibian and Reptile
Mabuya striata,1077248,1077233,Amphibian and Reptile
Mabuya striata striata,1077249,1077248,Amphibian and Reptile
Panaspis breviceps,1077251,1077250,Amphibian and Reptile
Ablepharus wahlbergi,1077209,1077208,Amphibian and Reptile
Ablepharus boutoni,1077210,1077208,Amphibian and Reptile
Ablepharus boutoni cognatus,1077211,1077210,Amphibian and Reptile
Platecarpus ictericus,1173334,1164740,Fossil Vertebrate
Tylosaurus proriger,1165017,1165016,Fossil Vertebrate
Tylosaurus kansasensis,1190876,1165016,Fossil Vertebrate
Mosasaurus princeps,1164568,1163574,Fossil Vertebrate
Mosasaurus conodon,1173217,1163574,Fossil Vertebrate
Plioplatecarpus nichollsae,1183120,1163781,Fossil Vertebrate
Plioplatecarpus primaevus,1173216,1163781,Fossil Vertebrate
Kourisodon puntledgensis,1175878,1175877,Fossil Vertebrate
Iguanavus teres,1171193,1171192,Fossil Vertebrate
Tianyusaurus zhengi,1195595,1195593,Fossil Vertebrate
Asperipes longidigitatus,1171220,1163917,Fossil Vertebrate
Arthropterygius chrisorum,1184437,1170036,Fossil Vertebrate
Ichthyosaurus communis,1172694,1169824,Fossil Vertebrate
Shastasaurus altispinus,1163493,1163492,Fossil Vertebrate
Shastasaurus osmonti,1170900,1163492,Fossil Vertebrate
Platypterygius americanus,1164743,1164742,Fossil Vertebrate
Stenopterygius cuneiceps,1169827,1169826,Fossil Vertebrate
Caretta caretta,1076765,1076764,Amphibian and Reptile
Caretta caretta caretta,1076766,1076765,Amphibian and Reptile
Chelonia mydas,1076768,1076767,Amphibian and Reptile
Chelonia mydas mydas,1076769,1076768,Amphibian and Reptile
Eretmochelys imbricata,1076771,1076770,Amphibian and Reptile
Eretmochelys imbricata imbricata,1076772,1076771,""
Lepidochelys olivacea,1076774,1076773,""
Lepidochelys kempi,1076775,1076773,Amphibian and Reptile
Dermochelys coriacea,1076778,1076777,Amphibian and Reptile
Dermochelys coriacea coriacea,1076779,1076778,Amphibian and Reptile
Dermochelys coriacea schlegelii,1076780,1076778,""
Archelon ischyros,1177796,1174999,Fossil Vertebrate
Kimurachelys slobodae,1196505,1196503,Fossil Vertebrate
Lissemys punctata,1076784,1076783,Amphibian and Reptile
Pelochelys bibroni,1076786,1076785,Amphibian and Reptile
Trionyx vagans,1167156,1076787,Fossil Vertebrate
Trionyx leucopotamicus,1169305,1076787,Fossil Vertebrate
Aspideretes superstes,1163466,1163465,Fossil Vertebrate
Aspideretoides splendidus,1163920,1182234,Fossil Vertebrate
Aspideretoides foveatus,1182236,1182234,Fossil Vertebrate
Palea steindachneri,1076792,1175275,Amphibian and Reptile
Apalone ferox,1076788,1175000,Amphibian and Reptile
Apalone mutica,1076789,1175000,Amphibian and Reptile
Apalone spinifera,1076790,1175000,Amphibian and Reptile
Apalone spinifera spinifera,1076791,1076790,Amphibian and Reptile
Apalone spinifera emoryi,1163850,1076790,Amphibian and Reptile
Pelodiscus sinensis,1178778,1178777,""
Pelodiscus sinensis tuberculatus,1178779,1178778,Amphibian and Reptile
Plastomenus coalescens,1168783,1186330,Fossil Vertebrate
Plastomenus costatus,1169316,1186330,Fossil Vertebrate
Anosteira ornata,1169302,1169301,Fossil Vertebrate
Chrysemys picta,1076685,1076684,"Amphibian and Reptile,Parasite"
Chrysemys picta picta,1076686,1076685,Amphibian and Reptile
Chrysemys picta marginata,1076687,1076685,"Amphibian and Reptile,Parasite"
Chrysemys picta belli,1076688,1076685,"Amphibian and Reptile,Parasite"
Chrysemys picta dorsalis,1170658,1076685,Amphibian and Reptile
Clemmys guttata,1076692,1076689,"Amphibian and Reptile,Parasite"
Clemmys marmorata,1076694,1076689,""
Clemmys backmani,1164092,1076689,Fossil Vertebrate
Deirochelys reticularia,1076697,1076696,Amphibian and Reptile
Deirochelys reticularia reticularia,1076698,1076697,Amphibian and Reptile
Emydoidea blandingii,1076700,1076699,"Amphibian and Reptile,Parasite"
Pseudemys nelsoni,1076716,1076715,Amphibian and Reptile
Pseudemys concinna,1076717,1076715,""
Pseudemys concinna mobilensis,1076718,1076717,Amphibian and Reptile
Pseudemys concinna concinna,1178780,1076717,Amphibian and Reptile
Pseudemys concinna suwanniensis,1177090,1076717,Amphibian and Reptile
Pseudemys floridana,1076724,1076715,""
Pseudemys floridana peninsularis,1076725,1076724,Amphibian and Reptile
Terrapene carolina,1076727,1076726,Amphibian and Reptile
Terrapene carolina carolina,1076728,1076727,Amphibian and Reptile
Terrapene carolina triunguis,1076729,1076727,Amphibian and Reptile
Terrapene carolina major,1076730,1076727,Amphibian and Reptile
Terrapene carolina bauri,1076731,1076727,Amphibian and Reptile
Terrapene ornata,1076732,1076726,Amphibian and Reptile
Emys orbicularis,1076702,1076701,Amphibian and Reptile
Graptemys pseudogeographica,1076704,1076703,Amphibian and Reptile
Graptemys pseudogeographica pseudogeographica,1076705,1076704,""
Graptemys pseudogeographica kohni,1076706,1076704,Amphibian and Reptile
Graptemys geographica,1076707,1076703,"Amphibian and Reptile,Parasite"
Graptemys barbouri,1164310,1076703,Amphibian and Reptile
Malaclemys terrapin,1076709,1076708,Amphibian and Reptile
Malaclemys terrapin centrata,1076710,1076709,Amphibian and Reptile
Malaclemys terrapin pileata,1076711,1076709,Amphibian and Reptile
Malaclemys terrapin pileatacentrata,1076712,1076709,""
Malaclemys terrapin terrapin,1076713,1076709,Amphibian and Reptile
Trachemys callirostris,1076720,1178781,Amphibian and Reptile
Trachemys scripta,1076721,1178781,Amphibian and Reptile
Trachemys scripta ornata,1076719,1076721,""
Trachemys scripta elegans,1076722,1076721,Amphibian and Reptile
Trachemys scripta scripta,1076723,1076721,Amphibian and Reptile
Trachemys dorbigni,1178782,1178781,Amphibian and Reptile
Glyptemys insculpta,1076693,1174970,Amphibian and Reptile
Glyptemys muhlenbergi,1076695,1174970,Amphibian and Reptile
Platysternon megacephalum,1076735,1076734,Amphibian and Reptile
Pyxis arachnoides,1076755,1076754,Amphibian and Reptile
Testudo graeca,1076758,1076756,"Amphibian and Reptile,Parasite"
Testudo graeca graeca,1076759,1076758,Amphibian and Reptile
Testudo horsfieldii,1076760,1076756,Amphibian and Reptile
Testudo marginata,1076761,1076756,Amphibian and Reptile
Testudo praeextans,1169168,1076756,Fossil Vertebrate
Testudo exornata,1169290,1076756,Fossil Vertebrate
Chersina angulata,1076738,1076737,Amphibian and Reptile
Geochelone pardalis,1076740,1076739,Amphibian and Reptile
Geochelone carbonaria,1076741,1076739,Amphibian and Reptile
Geochelone chilensis,1076742,1076739,Amphibian and Reptile
Geochelone denticulata,1076743,1076739,Amphibian and Reptile
Geochelone elegans,1076744,1076739,Amphibian and Reptile
Gopherus agassizii,1076746,1076745,Amphibian and Reptile
Gopherus berlandieri,1076747,1076745,Amphibian and Reptile
Gopherus polyphemus,1076748,1076745,Amphibian and Reptile
Kinixys belliana,1076750,1076749,Amphibian and Reptile
Kinixys homeana,1076751,1076749,Amphibian and Reptile
Malacochersus tornieri,1076753,1076752,Amphibian and Reptile
Stylemys nebrascensis,1169304,1169303,Fossil Vertebrate
Geoemyda spengleri,1076669,1076668,Amphibian and Reptile
Hardella thurji,1076671,1076670,Amphibian and Reptile
Heosemys spinosa,1076673,1076672,Amphibian and Reptile
Heosemys grandis,1076674,1076672,Amphibian and Reptile
Kachuga smithi,1076676,1076675,Amphibian and Reptile
Mauremys reevesii,1076667,1076677,Amphibian and Reptile
Mauremys leprosa,1076678,1076677,Amphibian and Reptile
Mauremys caspica,1168921,1076677,Amphibian and Reptile
Mauremys caspica caspica,1178783,1168921,Amphibian and Reptile
Notochelys platynota,1076680,1076679,Amphibian and Reptile
Siebenrockiella crassicollis,1076682,1076681,Amphibian and Reptile
Cuora flavomarginata,1076664,1076663,Amphibian and Reptile
Cuora amboinensis,1076665,1076663,"Parasite,Amphibian and Reptile"
Malayemys subtrijuga,1076714,1166926,Amphibian and Reptile
Hieremys annandalii,1178785,1178784,Amphibian and Reptile
Echmatemys testudinea,1194194,1194192,Fossil Vertebrate
Chelydra serpentina,1076657,1076656,"Amphibian and Reptile,Parasite"
Chelydra serpentina serpentina,1076658,1076657,"Amphibian and Reptile,Parasite"
Macroclemys temmincki,1076660,1076659,Amphibian and Reptile
Protochelydra zangerli,1196671,1195318,Fossil Vertebrate
Kinosternon baurii,1076644,1076643,Amphibian and Reptile
Kinosternon baurii baurii,1168774,1076644,Amphibian and Reptile
Kinosternon flavescens,1076645,1076643,Amphibian and Reptile
Kinosternon leucostomum,1076646,1076643,Amphibian and Reptile
Kinosternon sonoriense,1076647,1076643,Amphibian and Reptile
Kinosternon subrubrum,1076648,1076643,Amphibian and Reptile
Kinosternon subrubrum steindachneri,1076649,1076648,Amphibian and Reptile
Kinosternon subrubrum subrubrum,1076650,1076648,Amphibian and Reptile
Kinosternon subrubrum hippocrepis,1076651,1076648,Amphibian and Reptile
Sternotherus minor,1076653,1076652,Amphibian and Reptile
Sternotherus odoratus,1076654,1076652,"Amphibian and Reptile,Parasite"
Adocus variolosus,1171034,1167319,Fossil Vertebrate
Adocus lineolatus,1167320,1167319,Fossil Vertebrate
Arctosaurus osborni,1174506,1174505,Fossil Vertebrate
Boremys pulchra,1163959,1163958,Fossil Vertebrate
Baena hatcheri,1163604,1163602,Fossil Vertebrate
Thescelus insiliens,1163605,1169344,Fossil Vertebrate
Plesiobaena antiqua,1163603,1177072,Fossil Vertebrate
Neurankylus eximius,1167412,1167411,Fossil Vertebrate
Compsemys ogmius,1164118,1164117,Fossil Vertebrate
Chelus fimbriatus,1076802,1076801,Amphibian and Reptile
Phrynops gibba,1076804,1076803,Amphibian and Reptile
Platemys platycephala,1076806,1076805,Amphibian and Reptile
Pelomedusa subrufa,1076796,1076795,Amphibian and Reptile
Podocnemis unifilis,1076798,1076797,Amphibian and Reptile
Podocnemis expansa,1076799,1076797,Amphibian and Reptile
Basilemys variolosa,1167095,1167094,Fossil Vertebrate
Judithemys sukhanovi,1196763,1196761,Fossil Vertebrate
Aurorachelys gaffneyi,1193370,1193368,NU Fossil Vertebrate
Hylonomus lyelli,1169775,1169618,Fossil Vertebrate
Labidosaurus hamatus,1164416,1164415,Fossil Vertebrate
Captorhinus aguti,1169621,1169620,Fossil Vertebrate
Miodentosaurus brevis,1182216,1182214,Fossil Vertebrate
Champsosaurus annectens,1167109,1163472,Fossil Vertebrate
Champsosaurus laramiensis,1164055,1163472,Fossil Vertebrate
Champsosaurus natator,1164056,1163472,Fossil Vertebrate
Champsosaurus lindoei,1196487,1163472,Fossil Vertebrate
Dromopus woodworthi,1174543,1174542,Fossil Vertebrate
Borealonectes russelli,1183152,1183150,Fossil Vertebrate
Cimoliasaurus magnus,1174710,1168888,Fossil Vertebrate
Dolichorhynchops osborni,1173332,1170804,Fossil Vertebrate
Yunguisaurus liae,1182222,1182220,Fossil Vertebrate
Trichasaurus texensis,1169894,1169893,Fossil Vertebrate
Casea broilii,1169908,1169906,Fossil Vertebrate
Bathygnathus borealis,1163945,1163944,Fossil Vertebrate
Dimetrodon limbatus,1169605,1169584,Fossil Vertebrate
Cyonosaurus longiceps,1164155,1164154,Fossil Vertebrate
Thrinaxodon liorhinus,1164982,1164981,Fossil Vertebrate
Laoporus canadensis,1171226,1171225,Fossil Vertebrate
Phytosaurus cylindricodon,1164736,1164735,Fossil Vertebrate
