id,mkey,prior_name,tna_type,item_name,attrib_type,attributor,attrib_date,attrib_source,certainty,attrib_comment,note
853757,715133,false,item name; associated species,Aneura pinguis,,unknown attributor,,,,,,
853773,715146,true,item name; associated species,Myurella julacea,,"Williams, H.",,,,,,
853774,715146,true,item name; associated species,Campylium,,"Williams, H.",,,,,,
853811,715175,true,item name; associated species,Plagiochila asplenioides,,R.F.C.,,,,,,
853812,715175,true,item name; associated species,Amphidium lapponicum,,R.F.C.,,,,,,
853834,715191,true,item name; associated species,Plagiochila asplenioides,,"Williams, H.",,,,,,
853835,715191,true,item name; associated species,Tritomaria quinquedentata,,"Williams, H.",,,,,,
853837,715191,false,item name; associated species,Chiloscyphus minor,,,,,,,,
853842,715195,false,item name; associated species,Myurella sibirica,,,,,,,,
853848,715198,true,item name; associated species,Tritomaria quinquedentata,,"Ley, Linda M.",1987,,,,,
853858,715202,false,item name; associated species,Blepharostoma trichophyllum,,"Ley, Linda M.",1983,,,Revision,,
838140,28339,false,item name; associated species,Tortella fragilis,,"Eckel, Patricia M.",1995 - 1996,,,,,
854613,715738,false,item name; associated species,Calypogeia sphagnicola,,"Ley, Linda M.",1982,,,,,
854621,715745,false,item name; associated species,Lophozia ventricosa,,unknown attributor,,,,,,
854622,715745,false,item name; associated species,Blepharostoma trichophyllum,,unknown attributor,,,,,,
854624,715746,false,item name; associated species,Cephalozia lunulifolia,,unknown attributor,,,,,,
854627,715748,false,item name; associated species,Cephalozia lunulifolia,,unknown attributor,,,,,,
854628,715748,false,item name; associated species,Blepharostoma trichophyllum,,unknown attributor,,,,,,
854631,715750,false,item name; associated species,Lophozia ventricosa,,unknown attributor,,,,,,
854632,715750,false,item name; associated species,Barbilophozia hatcheri,,unknown attributor,,,,,,
854635,715752,false,item name; associated species,Lophozia incisa,,unknown attributor,,,,,,
854636,715752,false,item name; associated species,Blepharostoma trichophyllum,,unknown attributor,,,,,,
854638,715753,false,item name; associated species,Lophozia ventricosa,,unknown attributor,,,,,,
854647,715757,false,item name; associated species,Cephalozia pleniceps,,"Conklin, Geo. H.",,,,,,
854648,715757,false,item name; associated species,Leiocolea gillmanii,,,,,,,,
854653,715759,true,item name; associated species,Jamesoniella autumnalis,revision,"Brinkman, Alfred H.",1928-02,,,,,
854658,715761,false,item name; associated species,Lophozia guttulata,,,,,,,,
854661,715762,false,item name; associated species,Lophozia guttulata,,,,,,,,
856246,716759,false,item name; associated species,Chiloscyphus profundus,,,,,,,,
856248,716759,false,item name; associated species,Ptilidium pulcherrimum,,unknown attributor,,,,,,
856259,716767,false,item name; associated species,Tritomaria exsectiformis,,"Ley, Linda M.",1983,,,Revision by Linda M. Ley 1983,,
856266,716772,false,item name; associated species,Lepidozia reptans,,"Ley, Linda M.",1983,,,,,
856267,716772,false,item name; associated species,Blepharostoma trichophyllum,,"Ley, Linda M.",1983,,,,,
856271,716776,false,item name; associated species,Tritomaria quinquedentata,,"Crowe, J.",,,,,,
856273,716777,false,item name; associated species,Blepharostoma trichophyllum,,"Crowe, J.",,,,,,
856274,716777,false,item name; associated species,Cephalozia lunulifolia,,,,,,,,
856277,716778,false,item name; associated species,Tritomaria exsectiformis,,"Crowe, J.",,,,,,
856645,716960,false,item name; associated species,Ptilidium pulcherrimum,,"Williams, H.",1967-03-29,,,c.fr.,,
843776,707785,true,item name; associated species,Rhabdoweisia crispata,,unknown attributor,,,,,,
853378,714876,true,item name; associated species,Nardia,,unknown attributor,,,,,,
853382,714879,true,item name; associated species,Nardia,,"Conklin, Geo. H.",,,,,,
854956,715925,false,item name; associated species,Nowellia curvifolia,,unknown attributor,,,,,,
854957,715925,false,item name; associated species,Jamesoniella autumnalis,,unknown attributor,,,,,,
854958,715925,false,item name; associated species,Riccardia latifrons,,unknown attributor,,,,,,
854961,715926,false,item name; associated species,Nowellia curvifolia,,"Schuster, Rudolph M.",,,,,,
854962,715926,false,item name; associated species,Blepharostoma trichophyllum,,"Schuster, Rudolph M.",,,,,,
854963,715926,false,item name; associated species,Ptilidium pulcherrimum,,"Schuster, Rudolph M.",,,,,,
854979,715934,false,item name; associated species,Barbilophozia kunzeana,,,,,,,,
854989,715941,false,item name; associated species,Marchantia polymorpha,,"Hong, W.S.",1968,,,,,
854991,715942,false,item name; associated species,Tritomaria quinquedentata,,unknown attributor,,,,,,
854996,715943,false,item name; associated species,Dicranum fuscescens,,,1952-01-17,,,"JK, M'Cl, & Ret. [? hard to read] 17/ I /52.",,
857569,718071,false,item name; associated species,Cephalozia connivens,,"Ley, Linda M.",1979,,,,,
857572,718073,false,item name; associated species,Ptilidium ciliare,,"Williams, H.",1978,,,,,
857574,718074,false,item name; associated species,Barbilophozia attenuata,,,,,,,,
855006,715951,false,item name; associated species,Blepharostoma trichophyllum,,unknown attributor,,,,,,
855007,715951,false,item name; associated species,Cephalozia lunulifolia,,,,,,,,
855016,715955,false,item name; associated species,Cephalozia lunulifolia,,,,,,,,
855019,715955,false,item name; associated species,Anastrophyllum michauxii,,unknown attributor,,,,,,
855020,715955,false,item name; associated species,Nowellia curvifolia,,unknown attributor,,,,,,
855022,715955,false,item name; associated species,Anastrophyllum hellerianum,,,,,,,,
855026,715955,false,item name; associated species,Lophozia incisa,,unknown attributor,,,,,,
855047,715974,false,item name; associated species,Blepharostoma trichophyllum,,J.M.,1952-01-16,,,,,
855048,715974,false,item name; associated species,Hypnum fertile,,J.M.,1952-01-16,,,,,
843271,707322,true,item name; associated species,Leiocolea heterocolpos,,unknown attributor,,,,,,
855051,715979,false,item name; associated species,Barbilophozia hatcheri,,unknown attributor,,,,,,
855054,715981,false,item name; associated species,Barbilophozia kunzeana,,unknown attributor,,,,,,
855055,715981,false,item name; associated species,Lophozia ventricosa,,unknown attributor,,,,,,
855057,715983,false,item name; associated species,Lophozia opacifolia,,unknown attributor,,,,,,
855058,715983,false,item name; associated species,Blepharostoma trichophyllum,,unknown attributor,,,,,,
855059,715983,false,item name; associated species,Cephalozia pleniceps,,unknown attributor,,,,,,
855060,715983,false,item name; associated species,Cephalozia lunulifolia,,unknown attributor,,,,,,
855062,715984,false,item name; associated species,Barbilophozia hatcheri,,unknown attributor,,,,,,
855066,715986,false,item name; associated species,Cephalozia bicuspidata subsp. ambigua,,,,,,,,
855071,715989,false,item name; associated species,Barbilophozia floerkei,,unknown attributor,,,,,,
855096,715999,false,item name; associated species,Diplophyllum taxifolium,,"Godfrey, J.D.",1976,,,,,
855097,715999,false,item name; associated species,Gymnomitrion obtusum,,"Godfrey, J.D.",1976,,,,,
855098,715997,false,item name; associated species,Gymnomitrion obtusum,,"Godfrey, J.D.",1976,,,,,
855126,716014,false,item name; associated species,Tritomaria polita,,unknown attributor,,,,,,
855127,716014,false,item name; associated species,Blepharostoma trichophyllum,,unknown attributor,,,,,,
843340,707386,true,item name; associated species,Isopterygiopsis pulchella,,,,,,,,
843342,707386,true,item name; associated species,Sanionia uncinata,,,,,,,,
855136,716021,false,item name; associated species,Scapania calcicola,,unknown attributor,,,,,,
855139,716022,false,item name; associated species,Tritomaria quinquedentata,,unknown attributor,,,,,,
839636,703811,false,item name; associated species,Lophozia guttulata,,,,,,,,
855247,716078,true,item name; associated species,Tomenthypnum nitens,,"Holmen, Kjeld",,,,Dupl. det. Kjeld Holmen,,
855249,716078,true,item name; associated species,Oncophorus wahlenbergii,,"Holmen, Kjeld",,,,Dupl. det. Kjeld Holmen,,
855548,716270,false,item name; associated species,Jamesoniella autumnalis,,"Williams, Harry",1974,,,,,
854168,715436,false,item name; associated species,Scapania ligulifolia,,unknown attributor,,,,,,
855555,716275,false,item name; associated species,Bazzania trilobata,,"Ireland, Robert R.",1970,,,,,
855557,716276,false,item name; associated species,Geocalyx graveolens,,"Ireland, Robert R.",1970,,,,,
855559,716277,false,item name; associated species,Cephalozia bicuspidata,,"Ley, Linda M.",1979,,,,,
855565,716283,false,item name; associated species,Blepharostoma trichophyllum,,"Ley, Linda M.",1970,,,,,
855567,716284,false,item name; associated species,Calypogeia azurea,,,,,,,,
855574,716287,false,item name; associated species,Cephalozia lunulifolia,,,,,,,,
855579,716290,false,item name; associated species,Cephalozia bicuspidata,,"Ley, Linda M.",1979,,,,,
840168,705067,false,item name; associated species,Scapania subalpina,,"Ley, Linda M.",1984,,,"a = Scapania u., b = Scapania s",,
844083,708015,true,item name; associated species,Brachythecium plumosum,,unknown attributor,,,,,,
854176,715441,false,item name; associated species,Tritomaria quinquedentata,,unknown attributor,,,,,,
854177,715441,false,item name; associated species,Barbilophozia quadriloba,,,,,,,,
854198,715458,false,item name; associated species,Odontoschisma macounii,,unknown attributor,,,,,,
855591,716299,false,item name; associated species,Geocalyx graveolens,,"Ley, Linda M.",1979,,,,,
855592,716299,false,item name; associated species,Nowellia curvifolia,,"Ley, Linda M.",1979,,,,,
855599,716307,false,item name; associated species,Blepharostoma trichophyllum,,unknown attributor,,,,,,
855610,716317,false,item name; associated species,Calypogeia muelleriana,,R.J.B.,,,,,,
855619,716323,false,item name; associated species,Anastrophyllum minutum,,,,,,,,
855622,716323,false,item name; associated species,Cephalozia affinis,,"Ley, Linda M.",1970,,,,,
854340,715566,false,item name; associated species,Lophozia ventricosa,,unknown attributor,,,,,,
854341,715566,false,item name; associated species,Cephalozia lunulifolia,,unknown attributor,,,,,,
854342,715566,false,item name; associated species,Calypogeia integristipula,,unknown attributor,,,,,,
854344,715567,false,item name; associated species,Lepidozia reptans,,,,,,,,
855912,716579,false,item name; associated species,Tritomaria quinquedentata,,unknown attributor,,,,,,
855913,716579,false,item name; associated species,Anastrophyllum minutum,,,,,,,,
854415,715606,false,item name; associated species,Lophozia guttulata,,"Crowe, J.",1975-03,,,,,
855925,716584,false,item name; associated species,Anthelia juratzkana,,unknown attributor,,,,,,
855931,716587,false,item name; associated species,Scapania nemorea,,,,,,,,
855935,716588,true,item name; associated species,Andreaea rupestris,,"Boudier, Pierre",,,,,,
855940,716590,false,item name; associated species,Andreaea rupestris,,"Boudier, Pierre",,,,,,
855961,716600,false,item name; associated species,Cephalozia bicuspidata,,"Duda, J.",1968,,,,,
855965,716602,false,item name; associated species,Barbilophozia hatcheri,,unknown attributor,,,,,,
855968,716604,false,item name; associated species,Cephalozia lunulifolia,,unknown attributor,,,,,,
854481,715651,false,item name; associated species,Tritomaria exsecta,,,,,,,,
854486,715654,false,item name; associated species,Blepharostoma trichophyllum,,unknown attributor,,,,,,
854487,715654,false,item name; associated species,Cephalozia connivens,,unknown attributor,,,,,,
854488,715654,false,item name; associated species,Lophozia ventricosa,,unknown attributor,,,,,,
854513,715673,false,item name; associated species,Barbilophozia hatcheri,,,,,,,,
854520,715679,false,item name; associated species,Lophozia ventricosa,,unknown attributor,,,,,,
854521,715679,false,item name; associated species,Lophozia incisa,,unknown attributor,,,,,,
854522,715679,false,item name; associated species,Blepharostoma trichophyllum,,unknown attributor,,,,,,
855974,716609,false,item name; associated species,Barbilophozia hatcheri,,"Ley, Linda M.",1981,,,,,
856095,716682,false,item name; associated species,Barbilophozia attenuata,revision,"Ley, Linda M.",1992,,,Revision by Linda M. Ley  1992,,
856105,716687,true,item name; associated species,Lophozia longidens,,unknown attributor,,,,,,
853452,714927,true,item name; associated species,Leiocolea heterocolpos,,"Holmen, Kjeld",,,,Dupl. Det. Kjeld Holmen,,
853453,714927,true,item name; associated species,Arnellia fennica,,"Holmen, Kjeld",,,,Dupl. Det. Kjeld Holmen,,
853454,714927,true,item name; associated species,Odontoschisma macounii,,"Holmen, Kjeld",,,,Dupl. Det. Kjeld Holmen,,
853460,714930,true,item name; associated species,Tritomaria quinquedentata,,"Ley, Linda M.",1982,,,,,
853463,714931,true,item name; associated species,Blepharostoma trichophyllum,,unknown attributor,,,,,,
853466,714932,true,item name; associated species,Blepharostoma trichophyllum,,unknown attributor,,,,,,
853469,714933,true,item name; associated species,Lophozia guttulata,,unknown attributor,,,,,,
853470,714933,true,item name; associated species,Cephalozia pleniceps,,unknown attributor,,,,,,
853471,714933,true,item name; associated species,Barbilophozia hatcheri,,unknown attributor,,,,,,
853472,714933,true,item name; associated species,Blepharostoma trichophyllum,,unknown attributor,,,,,,
853513,714951,true,item name; associated species,Blepharostoma trichophyllum,,"Hong, W.S.",1968,,,,,
853518,714953,false,item name; associated species,Blepharostoma trichophyllum,,"Ley, Linda M.",1981,,,,,
853523,714955,false,item name; associated species,Blepharostoma trichophyllum,,unknown attributor,,,,,,
853524,714955,false,item name; associated species,Anastrophyllum minutum,,unknown attributor,,,,,,
853529,714958,false,item name; associated species,Tritomaria scitula,,unknown attributor,,,,,,
854528,715685,false,item name; associated species,Ptilidium pulcherrimum,,"Ley, Linda M.",1981,,,,,
854538,715694,false,item name; associated species,Lophozia debiliformis,,,,,,,,
856115,716698,false,item name; associated species,Dicranum scoparium,,"Belland, René J.",,,,,,
856124,716703,false,item name; associated species,Barbilophozia lycopodioides,,"Ley, Linda M.",1981,,,,,
856126,716704,false,item name; associated species,Isopterygiopsis pulchella,,,,,,,,
856130,716707,false,item name; associated species,Tritomaria quinquedentata,,"Ley, Linda M.",1982,,,,,
856135,716711,false,item name; associated species,Barbilophozia hatcheri,,"Ley, Linda M.",1981,,,,,
856141,716715,false,item name; associated species,Cephalozia pleniceps,,"Ley, Linda M.",1982,,,,,
853556,714972,true,item name; associated species,Blepharostoma trichophyllum,,"Ley, Linda M.",1985,,,,,
853557,714972,true,item name; associated species,Chiloscyphus pallescens,,"Ley, Linda M.",1985,,,,,
853558,714972,true,item name; associated species,Jungermannia leiantha,,"Ley, Linda M.",1985,,,,,
853559,714972,true,item name; associated species,Bryum sp.,,"Ley, Linda M.",1985,,,,,
853567,714976,false,item name; associated species,Scapania curta,,"Fulford, M.F.",,,,,,
853571,714978,false,item name; associated species,Aulacomnium palustre,,"Ley, Linda M.",1981,,,,,
854577,715712,false,item name; associated species,Lophozia ventricosa,,"Ley, Linda M.",1985,,,,,
854602,715731,false,item name; associated species,Ptilidium pulcherrimum,,"Ley, Linda M.",1984,,,,,
854611,715736,false,item name; associated species,Lophozia wenzelii,,"Ley, Linda M.",1982,,,,,
856232,716749,false,item name; associated species,Lophozia longidens,,unknown attributor,,,,,,
856234,716750,false,item name; associated species,Barbilophozia attenuata,,,,,,,,
843682,707691,true,item name; associated species,Scapania nemorea,,,,,,,,
859039,719484,false,item name; associated species,Tritomaria sp.,,"Williams, H.",1967-03?,,,Revision by H. Williams  +Tritomaria sp. trace.,,
859511,719916,false,item name; associated species,Leptobryum pyriforme,,"Steere, William C.",,,,,,
859751,720137,false,item name; associated species,Bryum pseudotriquetrum,,unknown attributor,,,,,,
859758,720143,false,item name; associated species,Harpanthus flotovianus,,"Steere, William C.",,,,,,
854889,715899,false,item name; associated species,Lophozia ventricosa,,unknown attributor,,,,,,
854890,715899,false,item name; associated species,Cephalozia pleniceps,,unknown attributor,,,,,,
854891,715899,false,item name; associated species,Cephalozia lunulifolia,,unknown attributor,,,,,,
854892,715899,false,item name; associated species,Barbilophozia hatcheri,,unknown attributor,,,,,,
854905,715900,false,item name; associated species,Barbilophozia kunzeana,,unknown attributor,,,,,,
854906,715900,false,item name; associated species,Cephalozia lunulifolia,,unknown attributor,,,,,,
854907,715900,false,item name; associated species,Cephalozia pleniceps,,unknown attributor,,,,,,
854910,715901,false,item name; associated species,Lophozia ventricosa,,unknown attributor,,,,,,
854912,715901,false,item name; associated species,Cephalozia lunulifolia,,unknown attributor,,,,,,
854914,715902,false,item name; associated species,Lophozia guttulata,,unknown attributor,,,,,,
854915,715902,false,item name; associated species,Lophozia ventricosa,,unknown attributor,,,,,,
854917,715902,false,item name; associated species,Cephalozia pleniceps,,unknown attributor,,,,,,
854919,715903,false,item name; associated species,Cephalozia pleniceps,,unknown attributor,,,,,,
854920,715903,false,item name; associated species,Lophozia ventricosa,,unknown attributor,,,,,,
854923,715904,false,item name; associated species,Lophozia guttulata,,unknown attributor,,,,,,
854924,715904,false,item name; associated species,Barbilophozia kunzeana,,unknown attributor,,,,,,
854926,715905,false,item name; associated species,Blepharostoma trichophyllum,,unknown attributor,,,,,,
854929,715906,false,item name; associated species,Cephalozia bicuspidata,,unknown attributor,,,,,,
854930,715906,false,item name; associated species,Lophozia wenzelii,,unknown attributor,,,,,,
854935,715910,false,item name; associated species,Leiocolea heterocolpos,,,,,,,,
854941,715915,false,item name; associated species,Tayloria lingulata,,"Ley, Linda M.",1982,,,,,
854942,715915,false,item name; associated species,Tritomaria scitula,,"Ley, Linda M.",1982,,,,,
854945,715917,false,item name; associated species,Lophozia ventricosa,,"Holmen, Kjeld",,,,Dupl. Det. Kjeld Holmen,,
854292,715536,false,item name; associated species,Tritomaria quinquedentata,,unknown attributor,,,,,,
854293,715536,false,item name; associated species,Geocalyx graveolens,,,,,,,,
854300,715541,false,item name; associated species,Lepidozia reptans,,unknown attributor,,,,,,
854301,715541,false,item name; associated species,Lophozia guttulata,,,,,,,,
854305,715543,false,item name; associated species,Lophozia ventricosa,,unknown attributor,,,,,,
854306,715543,false,item name; associated species,Cephalozia lunulifolia,,unknown attributor,,,,,,
854315,715549,false,item name; associated species,Tritomaria exsectiformis,,"Ley, Linda M.",1982,,,,,
854316,715549,false,item name; associated species,Lophozia sp.,,"Ley, Linda M.",1982,,,,,
854330,715560,false,item name; associated species,Lophozia guttulata,,"Ley, Linda M.",1981,,,,,
854333,715561,false,item name; associated species,Lophozia ventricosa,,unknown attributor,,,,,,
854334,715561,false,item name; associated species,Cephalozia lunulifolia,,unknown attributor,,,,,,
859046,719488,false,item name; associated species,Tritomaria quinquedentata,,unknown attributor,,,,,,
859055,719495,false,item name; associated species,Barbilophozia barbata,,"Ireland, Robert R.",1984,,,,,
859060,719498,false,item name; associated species,Gymnocolea inflata,revision,"Ley, Linda M.",1978,,,Revison by L. Ley  1978,,
859063,719500,false,item name; associated species,Barbilophozia kunzeana,,"Ley, Linda M.",1984,,,,,
859064,719500,false,item name; associated species,Anastrophyllum minutum,,"Ley, Linda M.",1984,,,,,
859069,719504,false,item name; associated species,Blepharostoma trichophyllum,,,,,,,,
859071,719504,false,item name; associated species,Scapania sp.,,"Ley, Linda M.",1982,,,,,
859562,719966,false,item name; associated species,Pellia endiviifolia,,"Crowe, J.",1975-05,,,,,
859785,720169,false,item name; associated species,Bryum stenotrichum,,,,,,,,
859787,720169,false,item name; associated species,Timmia norvegica,,"Steere, William C.",1951,,,,,
853929,715268,true,item name; associated species,Plagiochila asplenioides,,unknown attributor,,,,,,
853937,714961,false,original identification; associated species,Gymnocolea inflata,,"Ley, Linda M.",2011-10-24,,,,,
854352,715571,false,item name; associated species,Tritomaria quinquedentata,,"Ley, Linda M.",1982,,,,,
854359,715575,false,item name; associated species,Blepharostoma trichophyllum,,"Hong, W.S.",1968,,,,,
854366,715579,false,item name; associated species,Lophozia guttulata,,"Ley, Linda M.",1981,,,,,
854367,715579,false,item name; associated species,Cephalozia lunulifolia,,"Ley, Linda M.",1981,,,,,
854368,715579,false,item name; associated species,Riccardia latifrons,,"Ley, Linda M.",1981,,,,,
854372,715580,false,item name; associated species,Lophozia guttulata,,"Ley, Linda M.",1982,,,,,
854376,715583,false,item name; associated species,Lophozia ventricosa,,unknown attributor,,,,,,
854377,715583,false,item name; associated species,Cephalozia lunulifolia,,unknown attributor,,,,,,
854384,715586,false,item name; associated species,Cephalozia pleniceps,,"Ley, Linda M.",1982,,,,,
859079,719511,false,item name; associated species,Distichium capillaceum,,"Ley, Linda M.",1982,,,,,
859101,719527,false,item name; associated species,Pohlia nutans,,unknown attributor,,,,,,
859102,719527,false,item name; associated species,Polytrichum juniperinum,,unknown attributor,,,,,,
853955,715282,false,item name; associated species,Cephaloziella divaricata,,,,,,,,
853959,715284,false,item name; associated species,Anastrophyllum minutum,,,,,,,,
853973,715295,false,item name; associated species,Barbilophozia hatcheri,,"Ley, Linda M.",1978,,,,,
853978,715299,false,item name; associated species,Tritomaria quinquedentata,,"Ley, Linda M.",1988,,,,,
853979,715299,false,item name; associated species,Hedwigia ciliata,,"Ley, Linda M.",1988,,,,,
854401,715598,false,item name; associated species,Barbilophozia kunzeana,,"Ley, Linda M.",1983,,,,,
854402,715598,false,item name; associated species,Cephalozia lunulifolia,,"Ley, Linda M.",1983,,,,,
854405,715600,false,item name; associated species,Cephalozia sp.,,H.W.,,,,,,
854406,715600,false,item name; associated species,Tritomaria,,H.W.,,,,,,
854407,715600,false,item name; associated species,Barbilophozia attenuata,,H.W.,,,,,,
854419,715609,false,item name; associated species,Tritomaria exsectiformis,,"Williams, H.",1958-03,,,Revision,,
854420,715609,false,item name; associated species,Blepharostoma,,"Williams, H.",1958-03,,,Revision,,
854421,715609,false,item name; associated species,Anastrophyllum minutum,,"Williams, H.",1958-03,,,Revision,,
854427,715613,false,item name; associated species,Callicladium haldanianum,,"Crowe, J.; Shea, Garry A.",,,,,,
854003,715313,false,item name; associated species,Pohlia nutans,,"Ley, Linda M.",1982,,,,,
854155,715428,false,item name; associated species,Blepharostoma trichophyllum,,"Ley, Linda M.",1982,,,,,
854444,715624,false,item name; associated species,Blepharostoma trichophyllum,,"Ley, Linda M.",1983,,,Revision,,
860069,720210,false,item name; associated species,Leptobryum pyriforme,,"Steere, William C.",1958,,,,,
860070,720210,false,item name; associated species,Ceratodon purpureus,,"Steere, William C.",1958,,,,,
854684,715774,false,item name; associated species,Lophozia ventricosa,,unknown attributor,,,,,,
854691,715778,false,item name; associated species,Blepharostoma trichophyllum,,"Ley, Linda M.",1982,,,,,
854692,715778,false,item name; associated species,Lepidozia reptans,,"Ley, Linda M.",1982,,,,,
860071,720210,false,item name; associated species,Aulacomnium turgidum,,"Steere, William C.",1958,,,,,
854710,715786,false,item name; associated species,Lophozia guttulata,,,,,,,,
854712,715786,true,item name; associated species,Scapania curta,,unknown attributor,,,,,,
854718,715788,false,item name; associated species,Ptilidium ciliare,,,,,,,,
854716,715788,false,item name; associated species,Lophozia guttulata,,,,,,,,
854722,715790,false,item name; associated species,Anastrophyllum hellerianum,,unknown attributor,,,,,,
854726,715791,false,item name; associated species,Anastrophyllum hellerianum,,,,,,,,
854730,715792,true,item name; associated species,Cephalozia catenulata,,unknown attributor,,,,,,
854731,715792,true,item name; associated species,Blepharostoma trichophyllum,,unknown attributor,,,,,,
854735,715793,false,item name; associated species,Lophozia guttulata,,,,,,,,
854739,715794,false,item name; associated species,Lophozia guttulata,,,,,,,,
854741,715794,false,item name; associated species,Tritomaria exsecta,,,,,,,,
854743,715794,true,item name; associated species,Cephalozia catenulata,,unknown attributor,,,,,,
854744,715794,false,item name; associated species,Ptilidium ciliare,,,,,,,,
854748,715795,false,item name; associated species,Lophozia guttulata,,,,,,,,
854768,715810,false,item name; associated species,Blepharostoma trichophyllum,,"Crowe, J.",1975,,,,,
854771,715812,false,item name; associated species,Radula complanata,,"Crowe, J.",,,,,,
854773,715813,false,item name; associated species,Blepharostoma trichophyllum,,"Crowe, J.",,,,,,
854774,715813,false,item name; associated species,Jamesoniella autumnalis,,"Crowe, J.",,,,,,
854776,715814,false,item name; associated species,Geocalyx graveolens,,"Ley, Linda M.",1983,,,Revision,,
860199,720278,false,item name; associated species,Cephalozia bicuspidata subsp. ambigua,,,,,,,,
860712,720606,false,item name; associated species,Bryum miniatum,,"Hong, W.S.",1980-04,,,Examined by: Wong Shic Hong  April 1980.,,
858871,719370,false,item name; associated species,Lophozia excisa,,R.J.B.,,,,+ Lophozia excisa (Dicks.) Dum.,,
858925,719421,false,item name; associated species,Blepharostoma trichophyllum,,unknown attributor,,,,,,
858932,719427,false,item name; associated species,Anastrophyllum minutum,,,,,,,,
858935,719428,false,item name; associated species,Barbilophozia hatcheri,,"Holmen, Kjeld",,,,Dupl. det. Kjeld Holmen,,
855417,716188,false,item name; associated species,Gymnocolea inflata,,H.W.,,,,,,
855418,716188,false,item name; associated species,Scapania nemorea,,,,,,,,
855435,716195,false,item name; associated species,Tritomaria quinquedentata,revision,"Ley, Linda M.",1983,,,,,
839935,704856,true,item name; associated species,Scapania nemorea,,,,,,,,
860750,720629,false,item name; associated species,Marsupella sphacelata,,"Hong, W.S.",1980-04,,,,,
858936,719428,false,item name; associated species,Dicranum spadiceum,,"Holmen, Kjeld",,,,Dupl. det. Kjeld Holmen,,
858938,719429,false,item name; associated species,Anastrophyllum minutum,,,,,,,,
858940,719429,false,item name; associated species,Blepharostoma trichophyllum,,"Holmen, Kjeld",,,,Dupl. det. Kjeld Holmen,,
858942,719430,false,item name; associated species,Anastrophyllum minutum,,,,,,,,
858943,719430,false,item name; associated species,Calypogeia muelleriana,,"Holmen, Kjeld",,,,Dupl. det. Kjeld Holmen,,
858945,719430,false,item name; associated species,Pohlia nutans,,"Holmen, Kjeld",,,,Dupl. det. Kjeld Holmen,,
858946,719430,false,item name; associated species,Aulacomnium turgidum,,"Holmen, Kjeld",,,,Dupl. det. Kjeld Holmen,,
858950,719432,false,item name; associated species,Barbilophozia binsteadii,,,,,,,,
858952,719432,false,item name; associated species,Cephalozia pleniceps,,"Holmen, Kjeld",,,,Dupl. det. Kjeld Holmen,,
858956,719436,false,item name; associated species,Anastrophyllum minutum,,,,,,,,
858959,719436,false,item name; associated species,Cephalozia pleniceps,,"Holmen, Kjeld",,,,Dupl. det. Kjeld Holmen,,
858965,719441,false,item name; associated species,Tritomaria quinquedentata,,"Holmen, Kjeld",,,,Dupl. det. Kjeld Holmen,,
858966,719441,false,item name; associated species,Anastrophyllum minutum,,,,,,,,
858970,719444,false,item name; associated species,Anastrophyllum minutum,,,,,,,,
858972,719444,false,item name; associated species,Dicranum elongatum,,"Holmen, Kjeld",,,,Dupl. det. Kjeld Holmen,,
858974,719445,false,item name; associated species,Cephalozia bicuspidata,,"Duda, J.",1968,,,,,
858980,719450,false,item name; associated species,Anastrophyllum minutum,,"Ley, Linda M.",1982,,,,,
858981,719450,false,item name; associated species,Tritomaria quinquedentata,,"Ley, Linda M.",1982,,,,,
855438,716196,false,item name; associated species,Diplophyllum taxifolium,,"Crowe, J.",,,,,,
855439,716196,false,item name; associated species,Barbilophozia barbata,,,,,,,,
855443,716197,false,item name; associated species,Tritomaria quinquedentata,,"Crowe, J.",1975-03,,,,,
855459,716203,false,item name; associated species,Blepharostoma trichophyllum,,"Hong, W.S.",1968,,,,,
855471,716209,false,item name; associated species,Blepharostoma trichophyllum,,unknown attributor,,,,,,
855474,716210,false,item name; associated species,Plagiochila porelloides,,unknown attributor,,,,,,
855477,716211,false,item name; associated species,Pellia neesiana,,unknown attributor,,,,,,
855478,716211,false,item name; associated species,Blepharostoma trichophyllum,,unknown attributor,,,,,,
855479,716211,false,item name; associated species,Plagiochila porelloides,,unknown attributor,,,,,,
855485,716214,false,item name; associated species,Leiocolea heterocolpos,,,,,,,,
860798,720659,false,item name; associated species,Diplophyllum taxifolium,revision,"Brinkman, Alfred H.",1928-02,,,Revision by A.H. Brinkman Feb 1928.,,
860795,720661,false,item name; associated species,Diplophyllum albicans,revision,"Brinkman, Alfred H.",1928-02,,,Revision by A.H. Brinkman   Feb 1928,,
860796,720661,false,item name; associated species,Lophozia,revision,"Brinkman, Alfred H.",1928-02,,,Revision by A.H. Brinkman   Feb 1928,,
858983,719451,false,item name; associated species,Anastrophyllum hellerianum,,"Ley, Linda M.",1983,,,,,
858985,719452,false,item name; associated species,Chiloscyphus minor,,,,,,,,
858996,719457,false,item name; associated species,Blepharostoma trichophyllum,,"Ley, Linda M.",1981,,,Revision by L.M. Ley  1981,,
859008,719463,false,item name; associated species,Tritomaria exsectiformis,,"Ley, Linda M.",1983,,,Revision by Linda M. Ley  1983,,
859011,719464,false,item name; associated species,Tritomaria exsectiformis,,"Ley, Linda M.",1984,,,Revision by Linda M. Ley  1984.,,
859012,719464,false,item name; associated species,Scapania mucronata,,"Ley, Linda M.",1984,,,Revision by Linda M. Ley  1984.,,
859590,719995,false,item name; associated species,Ceratodon purpureus,,"Kucyniak, James",1955-01-19,,,"Revised by J.kucyniak, 19/1.55",,
859592,719995,false,item name; associated species,Calliergon stramineum,,"Kucyniak, James",1955-01-19,,,"Revised by J.kucyniak, 19/1.55",,
859614,720012,false,item name; associated species,Aulacomnium palustre,,"Kucyniak, James",1950-02-21,,,,,
860366,720380,false,item name; associated species,Diplophyllum albicans,,"Williams, Harry",1974,,,,,
860836,720677,false,item name; associated species,Herbertus stramineus,,unknown attributor,,,,,,
860850,720690,false,item name; associated species,Fossaria parva,revision,"Grolle, R.",1965,,,(not M. usutlata Spruce),,
859023,719472,false,item name; associated species,Cephalozia sp.,,"Ley, Linda M.",1981,,,,,
859024,719472,false,item name; associated species,Polytrichum juniperinum,,"Ley, Linda M.",1981,,,,,
859025,719472,false,item name; associated species,Polytrichum juniperinum,,"Ley, Linda M.",1981,,,,,
859635,720033,false,item name; associated species,Aulacomnium palustre,,"Kucyniak, James",1950-02-21,,,,,
859636,720033,false,item name; associated species,Calliergon stramineum,,"Kucyniak, James",1950-02-21,,,,,
860385,720398,false,item name; associated species,Scapania nemorea,,,,,,,,
860398,720409,false,item name; associated species,Scapania nemorea,,,,,,,,
860401,720409,false,item name; associated species,Gymnocolea,,H.W.,,,,,,
860406,720411,false,item name; associated species,Gymnocolea inflata,,"Williams, H.",,,,,,
860894,720711,false,item name; associated species,Lophozia sudetica,,unknown attributor,,,,,,
859175,719599,false,item name; associated species,Plagiochila porelloides,,unknown attributor,,,,,,
856003,716632,false,item name; associated species,Barbilophozia floerkei,,unknown attributor,,,,,,
856005,716633,false,item name; associated species,Lophozia incisa,,unknown attributor,,,,,,
856008,716635,false,item name; associated species,Ptilidium californicum,,unknown attributor,,,,,,
856010,716636,false,item name; associated species,Dicranoweisia crispula,,"Ley, Linda M.; R.R.I.",,,,,,
856016,716641,false,item name; associated species,Barbilophozia hatcheri,,"Ley, Linda M.",1981,,,,,
856018,716642,false,item name; associated species,Cephalozia lunulifolia,,unknown attributor,,,,,,
856019,716642,false,item name; associated species,Barbilophozia hatcheri,,unknown attributor,,,,,,
856021,716643,false,item name; associated species,Cephalozia lunulifolia,,unknown attributor,,,,,,
856022,716643,false,item name; associated species,Blepharostoma trichophyllum,,unknown attributor,,,,,,
859655,720047,false,item name; associated species,Conocephalum conicum,revision,"Brinkman, Alfred H.",1924,,,"Revision by A.H. Brinkman  1924 Marchantia polymorpha L. (upper) (see notes on spores), Conocephalum conicum, (L) Dum (lower)",,
860936,720735,false,item name; associated species,Marsupella ustulata,,"Lavoie, G.",,,,,,
860938,720736,false,item name; associated species,Jungermannia polaris,,"Ley, Linda M.",1985,,,,,
854118,715410,false,item name; associated species,Leptobryum pyriforme,,"Ley, Linda M.",1982,,,,,
854119,715410,false,item name; associated species,Distichium capillaceum,,"Ley, Linda M.",1982,,,,,
854122,715411,false,item name; associated species,Blepharostoma trichophyllum,,"Ley, Linda M.",1984,,,,,
854125,715412,false,item name; associated species,Cephalozia pleniceps,,unknown attributor,,,,,,
854126,715412,false,item name; associated species,Cephalozia lunulifolia,,unknown attributor,,,,,,
854129,715413,false,item name; associated species,Blepharostoma trichophyllum,,,,,,,,
839737,704751,true,item name; associated species,Jungermannia leiantha,,"Hong, W.S.",1978-01-15,,,,,
856050,716660,false,item name; associated species,Cephaloziella sp.,,"Godfrey, J.D.",1976,,,,,
856054,716663,false,item name; associated species,Blepharostoma trichophyllum,,unknown attributor,,,,,,
856061,716669,false,item name; associated species,Scapania mucronata,,unknown attributor,,,,,,
854461,715639,false,item name; associated species,Lepidozia reptans,,unknown attributor,,,,,,
854462,715639,false,item name; associated species,Geocalyx graveolens,,unknown attributor,,,,,,
854464,715640,false,item name; associated species,Scapania apiculata,,unknown attributor,,,,,,
854467,715641,false,item name; associated species,Harpanthus scutatus,,unknown attributor,,,,,,
854469,715642,false,item name; associated species,Calypogeia muelleriana,,unknown attributor,,,,colourless oil bodies in all cells; underleaves,,
854475,715646,true,item name; associated species,Tritomaria,,unknown attributor,,,,,,
854835,715873,false,item name; associated species,Cephalozia pleniceps,,"Brinkman, Alfred H.",,,,,,
859232,719646,false,item name; associated species,Fissidens,,"Ley, Linda M.",1982,,,,,
859233,719646,false,item name; associated species,Barbula convoluta,,"Ley, Linda M.",1982,,,,,
856077,716675,false,item name; associated species,Brachythecium salebrosum,,J.M.,1952-01-25,,,,,
856082,716677,false,item name; associated species,Polytrichum juniperinum,,J.M.,1952-01-17,,,"Macoun, Nat. Mus. Sheet No. 1114",,
856090,716679,false,item name; associated species,Aulacomnium palustre,,"Boudier, Pierre",,,,,,
856093,716681,false,item name; associated species,Calliergon stramineum,,"Boudier, Pierre",,,,,,
859505,719912,false,item name; associated species,Funaria hygrometrica,,"Steere, William C.",,,,,,
859508,719914,false,item name; associated species,Aulacomnium palustre,,"Steere, William C.",,,,,,
859734,720122,false,item name; associated species,Bryum argenteum,,unknown attributor,,,,,,
854844,715878,false,item name; associated species,Lophozia ventricosa,,unknown attributor,,,,,,
854851,715882,false,item name; associated species,Barbilophozia barbata,,"Kucyniak, James",1950-04-08,,,,,
854852,715882,false,item name; associated species,Plagiothecium denticulatum,,,,,,,,
854854,715882,false,item name; associated species,Pleurozium schreberi,,,,,,,,
854863,715885,true,item name; associated species,Jamesoniella autumnalis,,"Ley, Linda M.; Brinkman, Alfred H.",,,,,,
854864,715885,false,item name; associated species,Tritomaria exsectiformis,,"Ley, Linda M.",1984,,,,,
854867,715886,false,item name; associated species,Tritomaria quinquedentata,Revision by Linda M. Ley 1983,"Ley, Linda M.",1983,,,,,
854866,715886,false,item name; associated species,Ptilidium pulcherrimum,Revision by Linda M. Ley 1983,"Ley, Linda M.; Crowe, J.",1983; 1975,,,,,
854886,715897,false,item name; associated species,Dicranum scoparium,,unknown attributor,,,,,,
859363,719776,false,item name; associated species,Brachythecium salebrosum,,unknown attributor,,,,,,
859366,719778,false,item name; associated species,Leptobryum pyriforme,,"Ireland, Robert R.",1971,,,,,
859374,719784,false,item name; associated species,Ceratodon purpureus,,"Steere, William C.",,,,,,
840453,705342,true,item name; associated species,Marsupella,,"Brinkman, Alfred H.",1923,,,,,
840534,705399,false,item name; associated species,Anastrophyllum saxicola,,,,,,,,
853422,714903,true,item name; associated species,Tritomaria scitula,,"Ley, Linda M.",1981,,,,,
838623,703788,false,item name; associated species,Sanionia uncinata,,,,,,,,
838622,703788,false,item name; associated species,Pleurozium schreberi,,,,,,,,
838634,703796,false,associated species,Lophozia collaris,,,,,,,,
838639,703796,false,original identification; associated species,Jungermannia sphaerocarpa,,,,,,,synonym of Solenostoma sphaerocarpum,
844275,705524,true,item name; associated species,Anastrophyllum minutum,,unknown attributor,,,,,,
853474,714934,true,item name; associated species,Barbilophozia sp.,,"Ley, Linda M.",1982,,,,,
853478,714936,true,item name; associated species,Barbilophozia hatcheri,,unknown attributor,,,,,,
853479,714936,true,item name; associated species,Blepharostoma trichophyllum,,unknown attributor,,,,,,
853490,714941,true,item name; associated species,Tritomaria scitula,,unknown attributor,,,,,,
853491,714941,true,item name; associated species,Blepharostoma trichophyllum,,unknown attributor,,,,,,
853494,714942,true,item name; associated species,Cephalozia pleniceps,,unknown attributor,,,,,,
853499,714945,true,item name; associated species,Blepharostoma trichophyllum,,unknown attributor,,,,,,
853504,714948,true,item name; associated species,Blepharostoma trichophyllum,,unknown attributor,,,,,,
853507,714949,true,item name; associated species,Scapania cuspiduligera,,"Ley, Linda M.",1982,,,,,
853510,714950,true,item name; associated species,Pohlia cruda,,"Ley, Linda M.",1981,,,,,
838706,20657,false,original identification; associated species,Leiocolea bantriensis,,"Ley, Linda M.",1984,,,,,
839570,704610,false,item name; associated species,Metzgeria conjugata,,"Godfrey, J.D.",1976,,,2 collections.,,
844119,708053,true,item name; associated species,Leiocolea heterocolpos,,unknown attributor,,,,,,
844128,708056,true,item name; associated species,Anastrophyllum saxicola,,unknown attributor,,,,,,
844137,708061,true,item name; associated species,Jungermannia jenseniana,,unknown attributor,,,,,,
842669,706916,false,item name; associated species,Tritomaria exsecta,,,,,,,,
853398,714894,true,item name; associated species,Jungermannia gracillima,,,,,,,,
853400,714894,true,item name; associated species,Lophozia bicrenata,,"Schuster, Rudolph M.",,,,,,
853402,714896,true,item name; associated species,Tritomaria polita,,unknown attributor,,,,,,
853403,714896,true,item name; associated species,Blepharostoma trichophyllum,,unknown attributor,,,,,,
853405,714897,true,item name; associated species,Leiocolea heterocolpos,,,,,,,,
853407,714897,true,item name; associated species,Tritomaria polita,,unknown attributor,,,,,,
853408,714897,true,item name; associated species,Cephalozia pleniceps,,unknown attributor,,,,,,
853411,714898,true,item name; associated species,Plagiochila asplenioides,,unknown attributor,,,,,,
853416,714900,true,item name; associated species,Platydictya jungermannioides,,,,,,,,
861882,721289,false,item name; associated species,Sphagnum rubellum,,"Ireland, Robert R.",1973,,,,,
861889,721295,false,item name; associated species,Cephalozia lunulifolia,,"Ley, Linda M.",1988,,,,,
861894,721298,false,item name; associated species,Odontoschisma sphagni,,"Hong, W.S.",1985-03,,,,,
861908,721306,false,item name; associated species,Riccardia latifrons,,"Williams, H.",1975,,,,,
861912,721309,false,item name; associated species,Sphagnum rubellum,,"Ireland, Robert R.",,,,,,
861921,721317,false,item name; associated species,Sphagnum fuscum,,unknown attributor,,,,,,
861922,721317,false,item name; associated species,Aulacomnium turgidum,,unknown attributor,,,,,,
861925,721319,false,item name; associated species,Sphagnum rubellum,,,,,,,,
861931,721323,false,item name; associated species,Cephalozia pleniceps,,"Holmen, Kjeld",,,,Dupl. det. Kjeld Holmen,,
861932,721323,false,item name; associated species,Anastrophyllum minutum,,,,,,,,
861450,721026,true,item name; associated species,Hookeria acutifolia,,unknown attributor,,,,,,
861459,721034,false,item name; associated species,Cephalozia sp.,,"Ley, Linda M.",1982,,,,,
861461,721035,false,item name; associated species,Polytrichum juniperinum,,unknown attributor,,,,,,
861462,721035,false,item name; associated species,Polytrichum juniperinum,,unknown attributor,,,,,,
861464,721036,false,item name; associated species,Sphagnum fuscum,,unknown attributor,,,,,,
861468,721039,false,item name; associated species,Sphagnum fuscum,,"Cain, Roy F.",,,,,,
861473,721044,false,item name; associated species,Calypogeia sphagnicola,revision,"Hong, W.S.",1974,,,"Rev. W.S. Hong, 1974",,
861476,721044,true,original identification; associated species,Calypogeia sphagnicola,,"Brinkman, Alfred H.",,,,,,
861479,721046,false,item name; associated species,Sphagnum fuscum,,unknown attributor,,,,,,
862571,721763,false,item name; associated species,Blepharostoma trichophyllum,,"Bagnell, B.A.",1991-05-15,,,,,
862576,721766,false,item name; associated species,Blepharostoma trichophyllum,,,,,,,,
862579,721767,false,item name; associated species,Jamesoniella autumnalis,,unknown attributor,,,,,,
862602,721780,false,item name; associated species,Cephalozia catenulata,,,,,,,,
862604,721780,false,item name; associated species,Cephalozia lunulifolia,,,,,,,,
862606,721780,false,item name; associated species,Lophozia collaris,,,,,,,,
862611,721781,false,item name; associated species,Jamesoniella autumnalis,revision,"Brinkman, Alfred H.",1928-02,,,Revision by A.H. Brinkman Feb 1928.,,
862615,721783,false,item name; associated species,Jamesoniella autumnalis,,"Ley, Linda M.",1982,,,,,
862617,721784,false,item name; associated species,Chiloscyphus profundus,,,,,,,,
862625,721787,false,item name; associated species,Jamesoniella,,unknown attributor,,,,,,
862626,721787,false,item name; associated species,Cephalozia,,unknown attributor,,,,,,
862631,721789,false,item name; associated species,Chiloscyphus profundus,,,,,,,,
862634,721790,false,item name; associated species,Anastrophyllum hellerianum,,unknown attributor,,,,Written in pencil on outside of envelope: + Anastrophyllum helleranum  + Scapania apiculata.,,
862635,721790,false,item name; associated species,Scapania apiculata,,unknown attributor,,,,Written in pencil on outside of envelope: + Anastrophyllum helleranum  + Scapania apiculata.,,
862641,721792,false,item name; associated species,Jamesoniella autumnalis,,"Crowe, J.",1975-04,,,,,
862642,721792,false,item name; associated species,Lepidozia reptans,,"Crowe, J.",1975-04,,,,,
862643,721792,false,item name; associated species,Lophozia longidens,,"Crowe, J.",1975-04,,,,,
862645,721793,false,item name; associated species,Jamesoniella autumnalis,,"Ley, Linda M.",1983,,,Revision by Linda M. Ley  1983.,,
862646,721793,false,item name; associated species,Anastrophyllum hellerianum,,"Ley, Linda M.",1983,,,Revision by Linda M. Ley  1983.,,
862649,721794,false,item name; associated species,Jamesoniella autumnalis,revision,"Ley, Linda M.",1983,,,Revision by Linda M. Ley  1983,,
862650,721794,false,item name; associated species,Anastrophyllum hellerianum,revision,"Ley, Linda M.",1983,,,Revision by Linda M. Ley  1983,,
862653,721795,false,item name; associated species,Cephalozia lunulifolia,revision,"Ley, Linda M.",1983,,,Revision by Linda M. Ley 1983,,
862658,721797,false,item name; associated species,Jamesoniella autumnalis,revision,"Ley, Linda M.",1983,,,Revision by Linda M. Ley  1983,,
862659,721797,false,item name; associated species,Cephalozia connivens,revision,"Ley, Linda M.",1983,,,Revision by Linda M. Ley  1983,,
864724,723333,false,item name; associated species,Pellia endiviifolia,revision,"Ley, Linda M.",1981,,,Revision by L.M. Ley 1981,,
864794,723397,false,item name; associated species,Calypogeia azurea,,,,,,,,
868541,726287,false,item name; associated species,Thuidium delicatulum,,P.M.,,,,,,
868807,726516,false,item name; associated species,Saelania glaucescens,,unknown attributor,,,,,,
863036,722048,false,item name; associated species,Mylia anomala,revision,"Kucyniak, James",1955-01-11,,,Revised by J. Kucyniak  11/i.55,,
863037,722048,false,item name; associated species,Dicranum flagellare,revision,"Kucyniak, James",1955-01-11,,,Revised by J. Kucyniak  11/i.55,,
863038,722048,false,item name; associated species,Dicranum undulatum,,,,,,,,
863040,722048,false,item name; associated species,Dicranum fuscescens,revision,"Kucyniak, James",1955-01-11,,,Revised by J. Kucyniak  11/i.55,,
863041,722048,false,item name; associated species,Polytrichum juniperinum,revision,"Kucyniak, James",1955-01-11,,,Revised by J. Kucyniak  11/i.55,,
863042,722048,false,item name; associated species,Sphagnum recurvum,revision,"Kucyniak, James",1955-01-11,,,Revised by J. Kucyniak  11/i.55,,
863055,722058,false,item name; associated species,Tritomaria quinquedentata,,unknown attributor,,,,,,
863056,722058,false,item name; associated species,Barbilophozia quadriloba,,,,,,,,
863062,722062,false,item name; associated species,Lophozia heterocolpos var. harpanthoides,,NGM,1976,,,,,
863064,722063,false,item name; associated species,Blepharostoma trichophyllum,,"Duda, J.",1968,,,,,
863067,722065,false,item name; associated species,Cephaloziella arctica,,"Duda, J.",1968,,,,,
863073,722071,false,item name; associated species,Mylia anomala,,H.W.,,,,,,
863077,722076,false,item name; associated species,Kurzia sylvatica,,"Hong, W.S.",1985-03,,,,,
863078,722076,false,item name; associated species,Cephalozia loitlesbergeri,,"Hong, W.S.",1985-03,,,,,
863082,722079,false,item name; associated species,Riccardia latifrons,,"Williams, H.",1975,,,,,
863083,722079,false,item name; associated species,Kurzia setacea,,,,,,,,
863094,722086,false,item name; associated species,Scapania gymnostomophila,,H.W.,,,,,,
863095,722086,false,item name; associated species,Fissidens,,H.W.,,,,caps,,
863096,722086,false,item name; associated species,Myurella julacea,,H.W.,,,,,,
863124,722113,false,item name; associated species,Anastrophyllum minutum,,,,,,,,
863126,722113,false,item name; associated species,Cephalozia pleniceps,,"Holmen, Kjeld",,,,Dupl. Det. Kjeld Holmen,,
863130,722116,false,item name; associated species,Blepharostoma trichophyllum,,"Ley, Linda M.",1982,,,,,
863137,722122,false,item name; associated species,Cephalozia bicuspidata,,"Ley, Linda M.",1979,,,,,
863139,722123,false,item name; associated species,Lepidozia reptans,,"Ley, Linda M.",1979,,,,,
863141,722124,false,item name; associated species,Cephalozia catenulata,,,,,,,,
863163,722143,false,item name; associated species,Leiocolea,,"Ley, Linda M.",1980,,,leiocolea sp.,,
863164,722143,false,item name; associated species,Cladopodiella fluitans,,"Ley, Linda M.",1980,,,,,
861366,25520,false,item name; associated species,Radula complanata,,L.M.L.,1989,,,,,
861394,720995,false,item name; associated species,Anomodon attenuatus,,"Boudier, Pierre",,,,,,
869029,726718,false,item name; associated species,Fissidens adianthoides,,"Belland, René J.",,,,,,
869204,726841,false,item name; associated species,Homalia trichomanoides,,R.J.B.,,,,,,
869375,726942,false,item name; associated species,Anastrophyllum minutum,,,,,,,,
869378,726942,true,item name; associated species,Bazzania trilobata,,"Ley, Linda M.",1970,,,,,
869385,726950,false,item name; associated species,Bazzania trilobata,,"Ley, Linda M.",1970,,,,,
869386,726950,false,item name; associated species,Blepharostoma trichophyllum,,"Ley, Linda M.",1970,,,,,
862478,721712,false,item name; associated species,Cephalozia lunulifolia,,unknown attributor,,,,,,
862480,721713,false,item name; associated species,Jamesoniella autumnalis,,unknown attributor,,,,,,
862481,721713,false,item name; associated species,Blepharostoma trichophyllum,,unknown attributor,,,,,,
862487,721717,false,item name; associated species,Ptilidium pulcherrimum,,"Crowe, J.",,,,,,
862488,721717,false,item name; associated species,Jamesoniella autumnalis,,"Crowe, J.",,,,,,
862492,721720,false,item name; associated species,Jamesoniella autumnalis,,"Ireland, Robert R.; Ley, Linda M.",1990,,,,,
862497,721724,false,item name; associated species,Chiloscyphus profundus,,,,,,,,
862500,721725,false,item name; associated species,Scapania apiculata,,unknown attributor,,,,,,
862501,721725,false,item name; associated species,Anastrophyllum hellerianum,,,,,,,,
862505,721727,false,item name; associated species,Anastrophyllum hellerianum,,"Ley, Linda M.",1984,,,,,
862506,721727,false,item name; associated species,Cephalozia lunulifolia,,"Ley, Linda M.",1984,,,,,
862509,721728,true,item name; associated species,Jamesoniella,,unknown attributor,,,,,,
867520,725523,false,item name; associated species,Tritomaria quinquedentata,,"Ley, Linda M.",1987,,,,,
869527,727050,false,item name; associated species,Blepharostoma trichophyllum,,unknown attributor,,,,,,
869547,727066,false,item name; associated species,Arnellia fennica,,"Damsholt, Kell",,,,trace,,
862512,721730,false,item name; associated species,Anastrophyllum hellerianum,,,,,,,,
862514,721730,false,item name; associated species,Harpanthus scutatus,,unknown attributor,,,,,,
862516,721731,false,item name; associated species,Ptilidium pulcherrimum,,"Fulford, M.F.",,,,,,
863674,722541,false,item name; associated species,Sphagnum fallax,,"Ireland, Robert R.",1975,,,,,
863700,722559,false,item name; associated species,Cladopodiella fluitans,,"Ireland, Robert R.",1982,,,,,
863710,722576,false,item name; associated species,Cephalozia bicuspidata,,R.J.B.,,,,,,
863734,722594,false,item name; associated species,Blasia pusilla,,"Ley, Linda M.",1987,,,,,
864988,723579,false,item name; associated species,Conocephalum conicum,,"Ley, Linda M.",1984,,,,,
865063,723640,false,item name; associated species,Jungermannia gracillima,,unknown attributor,,,,,,
865108,723668,false,item name; associated species,Blasia,,unknown attributor,,,,,,
865148,723701,false,item name; associated species,Scapania undulata,,"Brinkman, Alfred H.",1928-02,,,also (b) Scapania undulata (L) Dum,,
864315,723028,false,item name; associated species,Pallavicinia lyellii,,"Ireland, Robert R.",,,,,,
864323,723033,false,item name; associated species,Cephalozia bicuspidata,revision,"Brinkman, Alfred H.",1928-02,,,Revision by A.H. Brinkman  Feb 1928,,
864324,723033,false,item name; associated species,Cephalozia lunulifolia,,,,,,,,
864326,723033,false,item name; associated species,Lophozia guttulata,,,,,,,,
864331,723033,false,item name; associated species,Calypogeia neesiana,revision,"Brinkman, Alfred H.",1928-02,,,Revision by A.H. Brinkman  Feb 1928,,
864365,723064,false,item name; associated species,Cephaloziella hampeana,,"Crowe, J.",1971-12,,,,,
864366,723064,false,item name; associated species,Fossombronia foveolata,,"Crowe, J.",1971-12,,,,,
864373,723070,false,item name; associated species,Plagiochila asplenioides,,"Crowe, J.",1975-04,,,,,
864375,723071,false,item name; associated species,Chiloscyphus profundus,,,,,,,,
864411,723094,false,item name; associated species,Leiocolea gillmanii,revision,"Ley, Linda M.",1983,,,Revision by Linda M. Ley 1983,,
864414,723094,false,item name; associated species,Preissia quadrata,revision,"Ley, Linda M.",1983,,,Revision by Linda M. Ley 1983,,
864424,723103,false,item name; associated species,Cephalozia lunulifolia,,,,,,,,
864426,723103,false,item name; associated species,Lepidozia reptans,revision,"Brinkman, Alfred H.",1928-02,,,"Revision by A.H. Brinkman  Feb 1928     Lepidozia reptans (L) Dum, a trace.",,
864480,723138,false,item name; associated species,Sanionia uncinata,,,,,,,,
864507,723160,false,item name; associated species,Marchantia polymorpha,,"Ley, Linda M.",1982,,,,,
861990,721372,false,item name; associated species,Blepharostoma trichophyllum,,J.M.,1952-01-22,,,,,
861991,721372,false,item name; associated species,Cephalozia catenulata,,J.M.,1952-01-22,,,,,
861993,721372,false,item name; associated species,Dicranum fuscescens,,J.M.,1952-01-22,,,,,
861998,721373,false,item name; associated species,Dicranum fuscescens,,J.M.,1952-01-21,,,,,
862003,721374,false,item name; associated species,Ptilidium ciliare,,J.M.,1952-01-23,,,,,
862004,721374,false,item name; associated species,Anastrophyllum saxicola,,,,,,,,
862006,721374,false,item name; associated species,Dicranum fuscescens,,J.M.,1952-01-23,,,,,
862009,721375,false,item name; associated species,Cephalozia lunulifolia,,,,,,,,
862011,721375,false,item name; associated species,Dicranum fuscescens,,J.M.,1952-01-21,,,,,
862015,721376,false,item name; associated species,Barbilophozia kunzeana,,,,,,,,
862017,721376,false,item name; associated species,Dicranum fuscescens,,J.M.,1952-01-24,,,,,
861232,720895,false,item name; associated species,Philonotis tomentella,,"Holmen, Kjeld",,,,Dupl. det. Kjeld Holmen. Philonotis tomentella = P. fontana var. pumila Brid.,,
861235,720897,false,item name; associated species,Cephalozia pleniceps,,"Holmen, Kjeld",,,,Dupl. det. Kjeld Holmen.,,
861236,720897,false,item name; associated species,Aneura pinguis,,,,,,,,
861238,720897,false,item name; associated species,Odontoschisma macounii,,"Holmen, Kjeld",,,,Dupl. det. Kjeld Holmen.,,
861239,720897,false,item name; associated species,Anastrophyllum minutum,,,,,,,,
861242,720898,false,item name; associated species,Tomenthypnum nitens,,"Holmen, Kjeld",,,,Dupl. det. Kjeld Holmen,,
861243,720898,false,item name; associated species,Hylocomium splendens,,"Holmen, Kjeld",,,,Dupl. det. Kjeld Holmen,,
861244,720898,false,item name; associated species,Hypnum bambergeri,,"Holmen, Kjeld",,,,Dupl. det. Kjeld Holmen,,
861245,720898,false,item name; associated species,Tritomaria quinquedentata,,"Holmen, Kjeld",,,,Dupl. det. Kjeld Holmen,,
861652,721148,false,item name; associated species,Cephaloziella spinigera,revision,"Ley, Linda M.",1983,,,Revision by Linda M. Ley 1983  + Cephaloziella spinigera (Lindb.) Jorg.,,
861657,721151,false,item name; associated species,Cephalozia pleniceps,revision,"Ley, Linda M.",1983,,,Revision by Linda M. Ley  1983  + Cephalozia pleniceps (Aust.) Lindb.,,
861660,721152,false,item name; associated species,Cephalozia sp.,,"Ley, Linda M.",1983,,,,,
862057,721410,false,item name; associated species,Anastrophyllum minutum,,unknown attributor,,,,,,
862058,721410,false,item name; associated species,Cephalozia lunulifolia,,unknown attributor,,,,,,
862059,721410,false,item name; associated species,Lophozia ventricosa,,unknown attributor,,,,,,
861265,720913,true,original identification; associated species,Radula complanata,,unknown attributor,,,,,,
861266,720913,true,original identification; associated species,Lejeunea,,unknown attributor,,,,,,
861273,720919,false,item name; associated species,Metzgeria conjugata,,unknown attributor,,,,,,
861274,720919,false,item name; associated species,Claopodium crispifolium,,unknown attributor,,,,,,
861693,721174,false,item name; associated species,Cephalozia pleniceps,,unknown attributor,,,,,,
861694,721174,false,item name; associated species,Calypogeia sphagnicola,,unknown attributor,,,,,,
861695,721174,false,item name; associated species,Riccardia latifrons,,unknown attributor,,,,,,
861701,721178,false,item name; associated species,Kurzia setacea,revision,"Ley, Linda M.",1983,,,Revision by Linda M. Ley  1983 + Kurzia setacea (Web.) Grolle,,
861704,721181,false,item name; associated species,Riccardia latifrons,,unknown attributor,,,,,,
861705,721181,false,item name; associated species,Cephalozia sp.,,unknown attributor,,,,,,
861709,721183,false,item name; associated species,Calypogeia sphagnicola,,R.F.C.; H.W.,1974-01,,,! H.W. Jan./74.,,
861718,721188,false,item name; associated species,Calypogeia sphagnicola,,unknown attributor,,,,,,
861719,721188,false,item name; associated species,Cephalozia pleniceps,,unknown attributor,,,,,,
861720,721188,false,item name; associated species,Cephaloziella elachista,,unknown attributor,,,,,,
862080,721431,false,item name; associated species,Dicranum fuscescens,,"Ley, Linda M.; Trucco, G.",1978,,,,,
862082,721432,false,item name; associated species,Lepidozia reptans,,"Ley, Linda M.; Trucco, G.",1978,,,,,
862083,721432,false,item name; associated species,Dicranum fuscescens,,"Ley, Linda M.; Trucco, G.",1978,,,,,
861967,721358,false,item name; associated species,Barbilophozia kunzeana,,,,,,,,
861970,721359,false,item name; associated species,Scapania nemorea,,,,,,,,
862967,722011,false,item name; associated species,Cephalozia leucantha,,R.J.B.,,,,,,
862968,722011,false,item name; associated species,Odontoschisma denudatum,,R.J.B.,,,,,,
862970,722012,false,item name; associated species,Chiloscyphus profundus,,,,,,,,
862986,722025,false,item name; associated species,Herbertus aduncus,,"Hong, W.S.",1987-04,,,Examined and annotated by Won Shic Hong  April 1987.,,
862364,721626,false,item name; associated species,Barbilophozia kunzeana,,unknown attributor,,,,,,
862374,721633,false,item name; associated species,Lophozia collaris,,"Belland, René J.",,,,,,
862375,721633,false,item name; associated species,Pohlia obtusifolia,,"Belland, René J.",,,,,,
862989,722027,false,item name; associated species,Mylia anomala,,"Ireland, Robert R.",1978,,,,,
862990,722027,false,item name; associated species,Cephalozia,,unknown attributor,,,,,,
862991,722027,false,item name; associated species,Jungermannia,,,,,,,,
862994,722028,false,item name; associated species,Lepidozia reptans,,H.W.,,,,,,
862995,722028,false,item name; associated species,Cephalozia,,H.W.,,,,,,
862996,722028,false,item name; associated species,Anastrophyllum minutum,,H.W.,,,,,,
862999,722029,false,item name; associated species,Jamesoniella autumnalis,,,,,,,,
863001,722029,false,item name; associated species,Cephalozia sp.,,unknown attributor,,,,,,
863009,722034,false,item name; associated species,Mylia anomala,,"Williams, H.",,,,,,
863019,722040,false,item name; associated species,Cephalozia leucantha,,unknown attributor,,,,,,
863020,722040,false,item name; associated species,Calypogeia suecica,,unknown attributor,,,,,,
863021,722040,false,item name; associated species,Riccardia latifrons,,unknown attributor,,,,,,
863024,722042,false,item name; associated species,Barbilophozia kunzeana,,"Ley, Linda M.",1982,,,,,
863787,722641,false,item name; associated species,Lophozia capitata,,"Ley, Linda M.",1983,,,,,
863788,722641,false,item name; associated species,Cephalozia sp.,,"Ley, Linda M.",1983,,,,,
863886,722727,false,item name; associated species,Lophozia incisa,,"Ley, Linda M.",1992,,,,,
867113,725205,false,item name; associated species,Scapania nemorea,,,,,,,,
868232,726045,true,item name; associated species,Pellia epiphylla,,"Williams, H.",,,,in part,,
868233,726045,true,item name; associated species,Marsupella emarginata,,"Williams, H.",,,,,,
862133,721484,false,item name; associated species,Diplophyllum taxifolium,,unknown attributor,,,,,,
862135,721485,false,item name; associated species,Lophozia guttulata,,,,,,,,
862138,721486,false,item name; associated species,Diplophyllum albicans,,unknown attributor,,,,,,
861824,721250,false,item name; associated species,Barbilophozia binsteadii,,,,,,,,
861832,721257,false,item name; associated species,Kurzia setacea,,,,,,,,
861837,721260,false,item name; associated species,Dicranum undulatum,,"Kucyniak, James",1954-12-28,,,,,
861838,721260,false,item name; associated species,Dicranum fuscescens,,"Kucyniak, James",1954-12-28,,,,,
861839,721260,false,item name; associated species,Pohlia,,"Kucyniak, James",1954-12-28,,,May be P. nutans (Hedw.) Lindb.,,
861840,721260,false,item name; associated species,Cephalozia sp.,,"Kucyniak, James",1954-12-28,,,,,
862174,721519,false,item name; associated species,Scapania,revision,"Ley, Linda M.",1980,,,"Revised by L.M. Ley, 1980",,
862184,721523,false,item name; associated species,Anthelia juratzkana,,"Lavoie, G.",,,,,,
862185,721523,false,item name; associated species,Scapania undulata,,"Lavoie, G.",,,,,,
862186,721523,false,item name; associated species,Odontoschisma elongatum,,"Lavoie, G.",,,,,,
861843,721261,false,item name; associated species,Dicranum undulatum,,,,,,,,
861845,721261,false,item name; associated species,Dicranum fuscescens,revision,"Kucyniak, James",1954-12-28,,,,,
861849,721263,false,item name; associated species,Cephalozia,,unknown attributor,,,,,,
861855,721269,false,item name; associated species,Kurzia pauciflora,,,1996-09-13,,,,,
861868,721280,false,item name; associated species,Pohlia sphagnicola,,unknown attributor,,,,,,
861871,721282,false,item name; associated species,Dicranum undulatum,,,,,,,,
861873,721282,false,item name; associated species,Cephalozia sp.,revision,"Kucyniak, James",1955-01-20,,,prob. C. connivens,,
861325,720959,false,item name; associated species,Radula,,"Brinkman, Alfred H.",1925-02,,,,,
861330,720961,false,item name; associated species,Riccardia latifrons,revision,"Brinkman, Alfred H.",1930,,,Revision by A.H. Brinkman  1930.,,
861343,720969,false,item name; associated species,Homalia trichomanoides,,,,,,,,
861351,720974,false,item name; associated species,Radula complanata,revision,"Williams, H.",1959-06-01,,,Revision by H. Williams  1 June 1959.,,
861352,720974,false,item name; associated species,Plagiochila asplenioides,revision,"Williams, H.",1959-06-01,,,Revision by H. Williams  1 June 1959.,,
862193,721529,false,item name; associated species,Anthelia juratzkana,revision,"Brinkman, Alfred H.",1928-02,,,Revision by A.H. Brinkman  Feb 1928.,,
862194,721529,false,item name; associated species,Scapania curta,revision,"Brinkman, Alfred H.",1928-02,,,Revision by A.H. Brinkman  Feb 1928.,,
862195,721529,false,item name; associated species,Scapania subalpina,revision,"Brinkman, Alfred H.",1928-02,,,Revision by A.H. Brinkman  Feb 1928.,,
861353,720974,false,item name; associated species,Cololejeunea biddlecomiae,revision,"Williams, H.",1959-06-01,,,Revision by H. Williams  1 June 1959. trace,,
861358,720976,false,item name; associated species,Zygodon conoideus,,,,,,,,
862526,721740,false,item name; associated species,Chiloscyphus profundus,,,,,,,,
862528,721740,false,item name; associated species,Dicranum montanum,revision,"Kucyniak, James",1955-01-15,,,"Revised by J. Kucyniak, 15/ i. 55.",,
862529,721740,false,item name; associated species,Dicranum fuscescens,revision,"Kucyniak, James",1955-01-15,,,"Revised by J. Kucyniak, 15/ i. 55.",,
862532,721741,false,item name; associated species,Chiloscyphus profundus,,,,,,,,
862534,721741,false,item name; associated species,Chiloscyphus profundus,,"Favreau, M.",,,,,,
862536,721742,false,item name; associated species,Ptilidium pulcherrimum,revision,"Kucyniak, James",1955-01-04,,,"Revised by J. Kucyniak, 4/ I. 55",,
862537,721742,false,item name; associated species,Lepidozia reptans,revision,"Kucyniak, James",1955-01-04,,,"Revised by J. Kucyniak, 4/ I. 55",,
862538,721742,false,item name; associated species,Blepharostoma trichophyllum,revision,"Kucyniak, James",1955-01-04,,,"Revised by J. Kucyniak, 4/ I. 55",,
862539,721742,false,item name; associated species,Lophozia guttulata,,,,,,,,
862541,721742,false,item name; associated species,Dicranum fuscescens,revision,"Kucyniak, James",1955-01-04,,,"Revised by J. Kucyniak, 4/ I. 55",,
862542,721742,false,item name; associated species,Tetraphis pellucida,revision,"Kucyniak, James",1955-01-04,,,"Revised by J. Kucyniak, 4/ I. 55",,
862545,721743,false,item name; associated species,Blepharostoma trichophyllum,,"Kucyniak, James",,,,,,
862547,721743,true,original identification; associated species,Blepharostoma trichophyllum,,unknown attributor,,,,,,
862549,721744,false,item name; associated species,Cephalozia lunulifolia,,,,,,,,
862553,721746,false,item name; associated species,Dicranum montanum,,"Ireland, Robert R.",1973,,,,,
865379,723867,false,item name; associated species,Harpanthus flotovianus,revision,"Brinkman, Alfred H.",1928-02,,,traces,,
865381,723867,false,item name; associated species,Calypogeia,revision,"Brinkman, Alfred H.",1928-02,,,Calypogeia ? submersa (Arnell) Massal.,,
865400,723883,false,item name; associated species,Calypogeia muelleriana,,"Persson, H.",1961,,,,,
865413,723889,false,item name; associated species,Cephalozia bicuspidata,revision,"Brinkman, Alfred H.",1923,,,traces of,,
865445,723911,false,item name; associated species,Cephalozia bicuspidata,revision,"Brinkman, Alfred H.",1928-02,,,,,
867809,725741,false,item name; associated species,Chiloscyphus minor,,,,,,,,
865696,724093,false,item name; associated species,Tritomaria scitula,,unknown attributor,,,,,,
865698,724093,false,item name; associated species,Blepharostoma trichophyllum,,unknown attributor,,,,,,
864094,722863,false,item name; associated species,Calliergon cordifolium,,"Ireland, Robert R.",1971,,,,,
864104,722869,false,item name; associated species,Calliergon cordifolium,,"Ireland, Robert R.",1971,,,,,
864197,722950,false,item name; associated species,Cephalozia lunulifolia,,"Ley, Linda M.",2011,,,,,
866682,724861,false,item name; associated species,Leiocolea gillmanii,,"Ley, Linda M.",1981,,,,,
866694,724870,false,item name; associated species,Blepharostoma trichophyllum,,,,,,,,
866699,724873,false,item name; associated species,Tritomaria scitula,,"Ley, Linda M.",1982,,,,,
866700,724873,false,item name; associated species,Chiloscyphus minor,,,,,,,,
866740,724907,false,item name; associated species,Marchantia polymorpha,,"Hong, W.S.",1968,,,,,
866746,724911,false,item name; associated species,Conocephalum conicum,,"Jarvinen, Irma",1979,,,,,
866828,724972,false,item name; associated species,Abietinella abietina,,,,,,,,
866832,724972,false,item name; associated species,Brachythecium laetum,,,,,,,,
864694,723306,false,item name; associated species,Pallavicinia lyellii,,"Ley, Linda M.",1979,,,,,
866904,725035,false,item name; associated species,Tritomaria quinquedentata,,"Crowe, J.",,,,,,
866905,725035,false,item name; associated species,Barbilophozia barbata,,"Crowe, J.",,,,,,
870731,727813,false,item name; associated species,Plagiochila schofieldiana,,unknown attributor,,,,,,
